/* Generated payload: k_payload_script */
static const unsigned char k_payload_script[] = {
    0xC1, 0x83, 0x2A, 0x9E, 0x2C, 0x03, 0x00, 0x00, 0x0F, 0x6D, 0x00, 0x00, 0x05, 0x00, 0x00, 0x00,
    0x4E, 0x6F, 0x6E, 0x65, 0x00, 0x01, 0x00, 0x20, 0x00, 0x03, 0x01, 0x00, 0x00, 0x81, 0x00, 0x00,
    0x00, 0xDA, 0x00, 0x00, 0x00, 0x0B, 0x27, 0x00, 0x00, 0x6B, 0x00, 0x00, 0x00, 0x57, 0x1B, 0x00,
    0x00, 0xF3, 0x60, 0x00, 0x00, 0x0F, 0x6D, 0x00, 0x00, 0x00, 0x00, 0x00, 0x00, 0x00, 0x00, 0x00,
    0x00, 0x00, 0x00, 0x00, 0x00, 0x33, 0xE5, 0x3E, 0x71, 0xF2, 0xC1, 0xB5, 0x4B, 0xBE, 0xA6, 0x53,
    0xE3, 0x16, 0x86, 0x67, 0xA0, 0x01, 0x00, 0x00, 0x00, 0xDA, 0x00, 0x00, 0x00, 0x03, 0x01, 0x00,
    0x00, 0xDA, 0x00, 0x00, 0x00, 0x29, 0x1F, 0x00, 0x00, 0x00, 0x00, 0x00, 0x00, 0x00, 0x00, 0x00,
    0x00, 0x00, 0x00, 0x00, 0x00, 0xC3, 0x11, 0xB3, 0x09, 0x00, 0x00, 0x00, 0x00, 0x00, 0x00, 0x00,
    0x00, 0x02, 0x00, 0x00, 0x00, 0x41, 0x00, 0x00, 0x00, 0x00, 0x00, 0x10, 0x00, 0x07, 0x00, 0x0C,
    0x00, 0x00, 0x00, 0x41, 0x43, 0x54, 0x49, 0x4F, 0x4E, 0x5F, 0x4C, 0x41, 0x53, 0x54, 0x00, 0x00,
    0x00, 0x00, 0x00, 0x10, 0x00, 0x07, 0x00, 0x0C, 0x00, 0x00, 0x00, 0x41, 0x43, 0x54, 0x49, 0x4F,
    0x4E, 0x5F, 0x4E, 0x45, 0x58, 0x54, 0x00, 0x00, 0x00, 0x00, 0x00, 0x10, 0x00, 0x07, 0x00, 0x12,
    0x00, 0x00, 0x00, 0x41, 0x43, 0x54, 0x49, 0x4F, 0x4E, 0x5F, 0x52, 0x45, 0x53, 0x4F, 0x4C, 0x55,
    0x54, 0x49, 0x4F, 0x4E, 0x00, 0x00, 0x00, 0x00, 0x00, 0x10, 0x00, 0x07, 0x00, 0x0A, 0x00, 0x00,
    0x00, 0x41, 0x63, 0x74, 0x69, 0x76, 0x61, 0x74, 0x65, 0x64, 0x00, 0x00, 0x00, 0x00, 0x00, 0x10,
    0x00, 0x07, 0x00, 0x0F, 0x00, 0x00, 0x00, 0x41, 0x63, 0x74, 0x69, 0x76, 0x61, 0x74, 0x69, 0x6F,
    0x6E, 0x54, 0x69, 0x6D, 0x65, 0x00, 0x00, 0x00, 0x00, 0x00, 0x10, 0x00, 0x07, 0x00, 0x06, 0x00,
    0x00, 0x00, 0x41, 0x63, 0x74, 0x6F, 0x72, 0x00, 0x00, 0x00, 0x00, 0x00, 0x10, 0x00, 0x07, 0x00,
    0x16, 0x00, 0x00, 0x00, 0x41, 0x64, 0x64, 0x44, 0x65, 0x74, 0x65, 0x63, 0x74, 0x65, 0x64, 0x52,
    0x65, 0x73, 0x6F, 0x6C, 0x75, 0x74, 0x69, 0x6F, 0x6E, 0x00, 0x00, 0x00, 0x00, 0x00, 0x10, 0x00,
    0x07, 0x00, 0x1D, 0x00, 0x00, 0x00, 0x41, 0x64, 0x64, 0x50, 0x72, 0x6F, 0x6A, 0x65, 0x63, 0x74,
    0x65, 0x64, 0x45, 0x64, 0x67, 0x65, 0x49, 0x6E, 0x74, 0x65, 0x72, 0x73, 0x65, 0x63, 0x74, 0x69,
    0x6F, 0x6E, 0x00, 0x00, 0x00, 0x00, 0x00, 0x10, 0x00, 0x07, 0x00, 0x14, 0x00, 0x00, 0x00, 0x41,
    0x47, 0x5F, 0x47, 0x65, 0x74, 0x44, 0x65, 0x73, 0x6B, 0x74, 0x6F, 0x70, 0x48, 0x65, 0x69, 0x67,
    0x68, 0x74, 0x00, 0x00, 0x00, 0x00, 0x00, 0x10, 0x00, 0x07, 0x00, 0x13, 0x00, 0x00, 0x00, 0x41,
    0x47, 0x5F, 0x47, 0x65, 0x74, 0x44, 0x65, 0x73, 0x6B, 0x74, 0x6F, 0x70, 0x57, 0x69, 0x64, 0x74,
    0x68, 0x00, 0x00, 0x00, 0x00, 0x00, 0x10, 0x00, 0x07, 0x00, 0x17, 0x00, 0x00, 0x00, 0x41, 0x47,
    0x5F, 0x47, 0x65, 0x74, 0x44, 0x69, 0x73, 0x70, 0x6C, 0x61, 0x79, 0x4D, 0x6F, 0x64, 0x65, 0x43,
    0x6F, 0x75, 0x6E, 0x74, 0x00, 0x00, 0x00, 0x00, 0x00, 0x10, 0x00, 0x07, 0x00, 0x18, 0x00, 0x00,
    0x00, 0x41, 0x47, 0x5F, 0x47, 0x65, 0x74, 0x44, 0x69, 0x73, 0x70, 0x6C, 0x61, 0x79, 0x4D, 0x6F,
    0x64, 0x65, 0x48, 0x65, 0x69, 0x67, 0x68, 0x74, 0x00, 0x00, 0x00, 0x00, 0x00, 0x10, 0x00, 0x07,
    0x00, 0x17, 0x00, 0x00, 0x00, 0x41, 0x47, 0x5F, 0x47, 0x65, 0x74, 0x44, 0x69, 0x73, 0x70, 0x6C,
    0x61, 0x79, 0x4D, 0x6F, 0x64, 0x65, 0x57, 0x69, 0x64, 0x74, 0x68, 0x00, 0x00, 0x00, 0x00, 0x00,
    0x10, 0x00, 0x07, 0x00, 0x17, 0x00, 0x00, 0x00, 0x41, 0x47, 0x5F, 0x52, 0x65, 0x66, 0x72, 0x65,
    0x73, 0x68, 0x44, 0x69, 0x73, 0x70, 0x6C, 0x61, 0x79, 0x4D, 0x6F, 0x64, 0x65, 0x73, 0x00, 0x00,
    0x00, 0x00, 0x00, 0x10, 0x00, 0x07, 0x00, 0x06, 0x00, 0x00, 0x00, 0x41, 0x6C, 0x70, 0x68, 0x61,
    0x00, 0x00, 0x00, 0x00, 0x00, 0x10, 0x00, 0x07, 0x00, 0x14, 0x00, 0x00, 0x00, 0x41, 0x6E, 0x74,
    0x69, 0x63, 0x68, 0x61, 0x6D, 0x62, 0x65, 0x72, 0x47, 0x72, 0x61, 0x70, 0x68, 0x69, 0x63, 0x73,
    0x00, 0x00, 0x00, 0x00, 0x00, 0x10, 0x00, 0x07, 0x00, 0x1A, 0x00, 0x00, 0x00, 0x41, 0x6E, 0x74,
    0x69, 0x63, 0x68, 0x61, 0x6D, 0x62, 0x65, 0x72, 0x47, 0x72, 0x61, 0x70, 0x68, 0x69, 0x63, 0x73,
    0x42, 0x75, 0x74, 0x74, 0x6F, 0x6E, 0x00, 0x00, 0x00, 0x00, 0x00, 0x10, 0x00, 0x07, 0x00, 0x17,
    0x00, 0x00, 0x00, 0x41, 0x6E, 0x74, 0x69, 0x63, 0x68, 0x61, 0x6D, 0x62, 0x65, 0x72, 0x47, 0x72,
    0x61, 0x70, 0x68, 0x69, 0x63, 0x73, 0x48, 0x55, 0x44, 0x00, 0x00, 0x00, 0x00, 0x00, 0x10, 0x00,
    0x07, 0x00, 0x1B, 0x00, 0x00, 0x00, 0x41, 0x6E, 0x74, 0x69, 0x63, 0x68, 0x61, 0x6D, 0x62, 0x65,
    0x72, 0x47, 0x72, 0x61, 0x70, 0x68, 0x69, 0x63, 0x73, 0x4D, 0x61, 0x6E, 0x61, 0x67, 0x65, 0x72,
    0x00, 0x00, 0x00, 0x00, 0x00, 0x10, 0x00, 0x07, 0x00, 0x1B, 0x00, 0x00, 0x00, 0x41, 0x6E, 0x74,
    0x69, 0x63, 0x68, 0x61, 0x6D, 0x62, 0x65, 0x72, 0x47, 0x72, 0x61, 0x70, 0x68, 0x69, 0x63, 0x73,
    0x4D, 0x75, 0x74, 0x61, 0x74, 0x6F, 0x72, 0x00, 0x00, 0x00, 0x00, 0x00, 0x10, 0x00, 0x07, 0x00,
    0x1A, 0x00, 0x00, 0x00, 0x41, 0x6E, 0x74, 0x69, 0x63, 0x68, 0x61, 0x6D, 0x62, 0x65, 0x72, 0x47,
    0x72, 0x61, 0x70, 0x68, 0x69, 0x63, 0x73, 0x4E, 0x61, 0x74, 0x69, 0x76, 0x65, 0x00, 0x00, 0x00,
    0x00, 0x00, 0x10, 0x00, 0x07, 0x00, 0x1C, 0x00, 0x00, 0x00, 0x41, 0x6E, 0x74, 0x69, 0x63, 0x68,
    0x61, 0x6D, 0x62, 0x65, 0x72, 0x47, 0x72, 0x61, 0x70, 0x68, 0x69, 0x63, 0x73, 0x53, 0x65, 0x74,
    0x74, 0x69, 0x6E, 0x67, 0x73, 0x00, 0x00, 0x00, 0x00, 0x00, 0x10, 0x00, 0x07, 0x00, 0x14, 0x00,
    0x00, 0x00, 0x41, 0x70, 0x70, 0x6C, 0x79, 0x52, 0x65, 0x73, 0x6F, 0x6C, 0x75, 0x74, 0x69, 0x6F,
    0x6E, 0x4D, 0x6F, 0x64, 0x65, 0x00, 0x00, 0x00, 0x00, 0x00, 0x10, 0x00, 0x07, 0x00, 0x1A, 0x00,
    0x00, 0x00, 0x41, 0x70, 0x70, 0x6C, 0x79, 0x53, 0x61, 0x76, 0x65, 0x64, 0x47, 0x72, 0x61, 0x70,
    0x68, 0x69, 0x63, 0x73, 0x53, 0x65, 0x74, 0x74, 0x69, 0x6E, 0x67, 0x00, 0x00, 0x00, 0x00, 0x00,
    0x10, 0x00, 0x07, 0x00, 0x0E, 0x00, 0x00, 0x00, 0x41, 0x72, 0x72, 0x61, 0x79, 0x50, 0x72, 0x6F,
    0x70, 0x65, 0x72, 0x74, 0x79, 0x00, 0x00, 0x00, 0x00, 0x00, 0x10, 0x00, 0x07, 0x00, 0x06, 0x00,
    0x00, 0x00, 0x41, 0x78, 0x69, 0x73, 0x58, 0x00, 0x00, 0x00, 0x00, 0x00, 0x10, 0x00, 0x07, 0x00,
    0x06, 0x00, 0x00, 0x00, 0x41, 0x78, 0x69, 0x73, 0x59, 0x00, 0x00, 0x00, 0x00, 0x00, 0x10, 0x00,
    0x07, 0x00, 0x06, 0x00, 0x00, 0x00, 0x41, 0x78, 0x69, 0x73, 0x5A, 0x00, 0x00, 0x00, 0x00, 0x00,
    0x10, 0x00, 0x07, 0x00, 0x02, 0x00, 0x00, 0x00, 0x42, 0x00, 0x00, 0x00, 0x00, 0x00, 0x10, 0x00,
    0x07, 0x00, 0x11, 0x00, 0x00, 0x00, 0x62, 0x41, 0x63, 0x74, 0x69, 0x76, 0x61, 0x74, 0x69, 0x6F,
    0x6E, 0x4C, 0x61, 0x74, 0x63, 0x68, 0x00, 0x00, 0x00, 0x00, 0x00, 0x10, 0x00, 0x07, 0x00, 0x0C,
    0x00, 0x00, 0x00, 0x62, 0x43, 0x6F, 0x6E, 0x66, 0x69, 0x67, 0x75, 0x72, 0x65, 0x64, 0x00, 0x00,
    0x00, 0x00, 0x00, 0x10, 0x00, 0x07, 0x00, 0x1E, 0x00, 0x00, 0x00, 0x62, 0x44, 0x65, 0x66, 0x61,
    0x75, 0x6C, 0x74, 0x65, 0x64, 0x52, 0x65, 0x73, 0x6F, 0x6C, 0x75, 0x74, 0x69, 0x6F, 0x6E, 0x54,
    0x6F, 0x44, 0x65, 0x73, 0x6B, 0x74, 0x6F, 0x70, 0x00, 0x00, 0x00, 0x00, 0x00, 0x10, 0x00, 0x07,
    0x00, 0x0C, 0x00, 0x00, 0x00, 0x62, 0x46, 0x75, 0x6C, 0x6C, 0x53, 0x63, 0x72, 0x65, 0x65, 0x6E,
    0x00, 0x00, 0x00, 0x00, 0x00, 0x10, 0x00, 0x07, 0x00, 0x17, 0x00, 0x00, 0x00, 0x62, 0x47, 0x72,
    0x61, 0x70, 0x68, 0x69, 0x63, 0x73, 0x4D, 0x65, 0x6E, 0x75, 0x49, 0x6E, 0x73, 0x74, 0x61, 0x6C,
    0x6C, 0x65, 0x64, 0x00, 0x00, 0x00, 0x00, 0x00, 0x10, 0x00, 0x07, 0x00, 0x08, 0x00, 0x00, 0x00,
    0x62, 0x48, 0x69, 0x64, 0x64, 0x65, 0x6E, 0x00, 0x00, 0x00, 0x00, 0x00, 0x10, 0x00, 0x07, 0x00,
    0x09, 0x00, 0x00, 0x00, 0x62, 0x4C, 0x6F, 0x61, 0x64, 0x69, 0x6E, 0x67, 0x00, 0x00, 0x00, 0x00,
    0x00, 0x10, 0x00, 0x07, 0x00, 0x18, 0x00, 0x00, 0x00, 0x62, 0x4C, 0x6F, 0x67, 0x67, 0x65, 0x64,
    0x47, 0x72, 0x61, 0x70, 0x68, 0x69, 0x63, 0x73, 0x4D, 0x65, 0x6E, 0x75, 0x44, 0x72, 0x61, 0x77,
    0x00, 0x00, 0x00, 0x00, 0x00, 0x10, 0x00, 0x07, 0x00, 0x0D, 0x00, 0x00, 0x00, 0x62, 0x4E, 0x65,
    0x77, 0x53, 0x65, 0x6C, 0x65, 0x63, 0x74, 0x65, 0x64, 0x00, 0x00, 0x00, 0x00, 0x00, 0x10, 0x00,
    0x07, 0x00, 0x06, 0x00, 0x00, 0x00, 0x62, 0x4E, 0x65, 0x78, 0x74, 0x00, 0x00, 0x00, 0x00, 0x00,
    0x10, 0x00, 0x07, 0x00, 0x0D, 0x00, 0x00, 0x00, 0x42, 0x6F, 0x6F, 0x6C, 0x50, 0x72, 0x6F, 0x70,
    0x65, 0x72, 0x74, 0x79, 0x00, 0x00, 0x00, 0x00, 0x00, 0x10, 0x00, 0x07, 0x00, 0x07, 0x00, 0x00,
    0x00, 0x42, 0x6F, 0x74, 0x74, 0x6F, 0x6D, 0x00, 0x00, 0x00, 0x00, 0x00, 0x10, 0x00, 0x07, 0x00,
    0x0B, 0x00, 0x00, 0x00, 0x42, 0x6F, 0x74, 0x74, 0x6F, 0x6D, 0x4C, 0x65, 0x66, 0x74, 0x00, 0x00,
    0x00, 0x00, 0x00, 0x10, 0x00, 0x07, 0x00, 0x11, 0x00, 0x00, 0x00, 0x42, 0x6F, 0x74, 0x74, 0x6F,
    0x6D, 0x4C, 0x65, 0x66, 0x74, 0x53, 0x63, 0x72, 0x65, 0x65, 0x6E, 0x00, 0x00, 0x00, 0x00, 0x00,
    0x10, 0x00, 0x07, 0x00, 0x0C, 0x00, 0x00, 0x00, 0x42, 0x6F, 0x74, 0x74, 0x6F, 0x6D, 0x52, 0x69,
    0x67, 0x68, 0x74, 0x00, 0x00, 0x00, 0x00, 0x00, 0x10, 0x00, 0x07, 0x00, 0x12, 0x00, 0x00, 0x00,
    0x42, 0x6F, 0x74, 0x74, 0x6F, 0x6D, 0x52, 0x69, 0x67, 0x68, 0x74, 0x53, 0x63, 0x72, 0x65, 0x65,
    0x6E, 0x00, 0x00, 0x00, 0x00, 0x00, 0x10, 0x00, 0x07, 0x00, 0x07, 0x00, 0x00, 0x00, 0x42, 0x6F,
    0x75, 0x6E, 0x64, 0x73, 0x00, 0x00, 0x00, 0x00, 0x00, 0x10, 0x00, 0x07, 0x00, 0x10, 0x00, 0x00,
    0x00, 0x42, 0x6F, 0x78, 0x53, 0x70, 0x68, 0x65, 0x72, 0x65, 0x42, 0x6F, 0x75, 0x6E, 0x64, 0x73,
    0x00, 0x00, 0x00, 0x00, 0x00, 0x10, 0x00, 0x07, 0x00, 0x16, 0x00, 0x00, 0x00, 0x62, 0x53, 0x61,
    0x76, 0x65, 0x64, 0x47, 0x72, 0x61, 0x70, 0x68, 0x69, 0x63, 0x73, 0x41, 0x70, 0x70, 0x6C, 0x69,
    0x65, 0x64, 0x00, 0x00, 0x00, 0x00, 0x00, 0x10, 0x00, 0x07, 0x00, 0x13, 0x00, 0x00, 0x00, 0x62,
    0x53, 0x63, 0x72, 0x65, 0x65, 0x6E, 0x49, 0x6E, 0x69, 0x74, 0x69, 0x61, 0x6C, 0x69, 0x7A, 0x65,
    0x64, 0x00, 0x00, 0x00, 0x00, 0x00, 0x10, 0x00, 0x07, 0x00, 0x0A, 0x00, 0x00, 0x00, 0x62, 0x53,
    0x65, 0x6C, 0x65, 0x63, 0x74, 0x65, 0x64, 0x00, 0x00, 0x00, 0x00, 0x00, 0x10, 0x00, 0x07, 0x00,
    0x07, 0x00, 0x00, 0x00, 0x42, 0x75, 0x74, 0x74, 0x6F, 0x6E, 0x00, 0x00, 0x00, 0x00, 0x00, 0x10,
    0x00, 0x07, 0x00, 0x0D, 0x00, 0x00, 0x00, 0x42, 0x75, 0x74, 0x74, 0x6F, 0x6E, 0x43, 0x65, 0x6E,
    0x74, 0x65, 0x72, 0x00, 0x00, 0x00, 0x00, 0x00, 0x10, 0x00, 0x07, 0x00, 0x0C, 0x00, 0x00, 0x00,
    0x62, 0x75, 0x74, 0x74, 0x6F, 0x6E, 0x49, 0x6E, 0x64, 0x65, 0x78, 0x00, 0x00, 0x00, 0x00, 0x00,
    0x10, 0x00, 0x07, 0x00, 0x0F, 0x00, 0x00, 0x00, 0x42, 0x75, 0x74, 0x74, 0x6F, 0x6E, 0x4D, 0x61,
    0x74, 0x65, 0x72, 0x69, 0x61, 0x6C, 0x00, 0x00, 0x00, 0x00, 0x00, 0x10, 0x00, 0x07, 0x00, 0x0D,
    0x00, 0x00, 0x00, 0x42, 0x79, 0x74, 0x65, 0x50, 0x72, 0x6F, 0x70, 0x65, 0x72, 0x74, 0x79, 0x00,
    0x00, 0x00, 0x00, 0x00, 0x10, 0x00, 0x07, 0x00, 0x07, 0x00, 0x00, 0x00, 0x43, 0x61, 0x6E, 0x76,
    0x61, 0x73, 0x00, 0x00, 0x00, 0x00, 0x00, 0x10, 0x00, 0x07, 0x00, 0x0D, 0x00, 0x00, 0x00, 0x43,
    0x65, 0x6E, 0x74, 0x65, 0x72, 0x53, 0x63, 0x72, 0x65, 0x65, 0x6E, 0x00, 0x00, 0x00, 0x00, 0x00,
    0x10, 0x00, 0x07, 0x00, 0x15, 0x00, 0x00, 0x00, 0x43, 0x68, 0x61, 0x6E, 0x67, 0x65, 0x52, 0x65,
    0x73, 0x6F, 0x6C, 0x75, 0x74, 0x69, 0x6F, 0x6E, 0x50, 0x61, 0x67, 0x65, 0x00, 0x00, 0x00, 0x00,
    0x00, 0x10, 0x00, 0x07, 0x00, 0x06, 0x00, 0x00, 0x00, 0x43, 0x6C, 0x61, 0x73, 0x73, 0x00, 0x00,
    0x00, 0x00, 0x00, 0x10, 0x00, 0x07, 0x00, 0x0E, 0x00, 0x00, 0x00, 0x43, 0x6C, 0x61, 0x73, 0x73,
    0x50, 0x72, 0x6F, 0x70, 0x65, 0x72, 0x74, 0x79, 0x00, 0x00, 0x00, 0x00, 0x00, 0x10, 0x00, 0x07,
    0x00, 0x0A, 0x00, 0x00, 0x00, 0x43, 0x6F, 0x6C, 0x6C, 0x69, 0x73, 0x69, 0x6F, 0x6E, 0x00, 0x00,
    0x00, 0x00, 0x00, 0x10, 0x00, 0x07, 0x00, 0x13, 0x00, 0x00, 0x00, 0x43, 0x6F, 0x6C, 0x6C, 0x69,
    0x73, 0x69, 0x6F, 0x6E, 0x43, 0x6F, 0x6D, 0x70, 0x6F, 0x6E, 0x65, 0x6E, 0x74, 0x00, 0x00, 0x00,
    0x00, 0x00, 0x10, 0x00, 0x07, 0x00, 0x06, 0x00, 0x00, 0x00, 0x43, 0x6F, 0x6C, 0x6F, 0x72, 0x00,
    0x00, 0x00, 0x00, 0x00, 0x10, 0x00, 0x07, 0x00, 0x12, 0x00, 0x00, 0x00, 0x43, 0x6F, 0x6D, 0x70,
    0x6F, 0x6E, 0x65, 0x6E, 0x74, 0x50, 0x72, 0x6F, 0x70, 0x65, 0x72, 0x74, 0x79, 0x00, 0x00, 0x00,
    0x00, 0x00, 0x10, 0x00, 0x07, 0x00, 0x0B, 0x00, 0x00, 0x00, 0x43, 0x6F, 0x6D, 0x70, 0x6F, 0x6E,
    0x65, 0x6E, 0x74, 0x73, 0x00, 0x00, 0x00, 0x00, 0x00, 0x10, 0x00, 0x07, 0x00, 0x14, 0x00, 0x00,
    0x00, 0x43, 0x6F, 0x6E, 0x66, 0x69, 0x67, 0x75, 0x72, 0x65, 0x4E, 0x61, 0x76, 0x69, 0x67, 0x61,
    0x74, 0x69, 0x6F, 0x6E, 0x00, 0x00, 0x00, 0x00, 0x00, 0x10, 0x00, 0x07, 0x00, 0x14, 0x00, 0x00,
    0x00, 0x43, 0x6F, 0x6E, 0x66, 0x69, 0x67, 0x75, 0x72, 0x65, 0x52, 0x65, 0x73, 0x6F, 0x6C, 0x75,
    0x74, 0x69, 0x6F, 0x6E, 0x00, 0x00, 0x00, 0x00, 0x00, 0x10, 0x00, 0x07, 0x00, 0x0F, 0x00, 0x00,
    0x00, 0x43, 0x6F, 0x6E, 0x73, 0x6F, 0x6C, 0x65, 0x43, 0x6F, 0x6D, 0x6D, 0x61, 0x6E, 0x64, 0x00,
    0x00, 0x00, 0x00, 0x00, 0x10, 0x00, 0x07, 0x00, 0x06, 0x00, 0x00, 0x00, 0x43, 0x6F, 0x6E, 0x73,
    0x74, 0x00, 0x00, 0x00, 0x00, 0x00, 0x10, 0x00, 0x07, 0x00, 0x0B, 0x00, 0x00, 0x00, 0x43, 0x6F,
    0x6E, 0x74, 0x72, 0x6F, 0x6C, 0x6C, 0x65, 0x72, 0x00, 0x00, 0x00, 0x00, 0x00, 0x10, 0x00, 0x07,
    0x00, 0x05, 0x00, 0x00, 0x00, 0x43, 0x6F, 0x72, 0x65, 0x00, 0x00, 0x00, 0x00, 0x00, 0x10, 0x00,
    0x07, 0x00, 0x06, 0x00, 0x00, 0x00, 0x43, 0x6F, 0x75, 0x6E, 0x74, 0x00, 0x00, 0x00, 0x00, 0x00,
    0x10, 0x00, 0x07, 0x00, 0x23, 0x00, 0x00, 0x00, 0x44, 0x65, 0x66, 0x61, 0x75, 0x6C, 0x74, 0x5F,
    0x5F, 0x41, 0x6E, 0x74, 0x69, 0x63, 0x68, 0x61, 0x6D, 0x62, 0x65, 0x72, 0x47, 0x72, 0x61, 0x70,
    0x68, 0x69, 0x63, 0x73, 0x42, 0x75, 0x74, 0x74, 0x6F, 0x6E, 0x00, 0x00, 0x00, 0x00, 0x00, 0x10,
    0x00, 0x07, 0x00, 0x20, 0x00, 0x00, 0x00, 0x44, 0x65, 0x66, 0x61, 0x75, 0x6C, 0x74, 0x5F, 0x5F,
    0x41, 0x6E, 0x74, 0x69, 0x63, 0x68, 0x61, 0x6D, 0x62, 0x65, 0x72, 0x47, 0x72, 0x61, 0x70, 0x68,
    0x69, 0x63, 0x73, 0x48, 0x55, 0x44, 0x00, 0x00, 0x00, 0x00, 0x00, 0x10, 0x00, 0x07, 0x00, 0x24,
    0x00, 0x00, 0x00, 0x44, 0x65, 0x66, 0x61, 0x75, 0x6C, 0x74, 0x5F, 0x5F, 0x41, 0x6E, 0x74, 0x69,
    0x63, 0x68, 0x61, 0x6D, 0x62, 0x65, 0x72, 0x47, 0x72, 0x61, 0x70, 0x68, 0x69, 0x63, 0x73, 0x4D,
    0x61, 0x6E, 0x61, 0x67, 0x65, 0x72, 0x00, 0x00, 0x00, 0x00, 0x00, 0x10, 0x00, 0x07, 0x00, 0x24,
    0x00, 0x00, 0x00, 0x44, 0x65, 0x66, 0x61, 0x75, 0x6C, 0x74, 0x5F, 0x5F, 0x41, 0x6E, 0x74, 0x69,
    0x63, 0x68, 0x61, 0x6D, 0x62, 0x65, 0x72, 0x47, 0x72, 0x61, 0x70, 0x68, 0x69, 0x63, 0x73, 0x4D,
    0x75, 0x74, 0x61, 0x74, 0x6F, 0x72, 0x00, 0x00, 0x00, 0x00, 0x00, 0x10, 0x00, 0x07, 0x00, 0x23,
    0x00, 0x00, 0x00, 0x44, 0x65, 0x66, 0x61, 0x75, 0x6C, 0x74, 0x5F, 0x5F, 0x41, 0x6E, 0x74, 0x69,
    0x63, 0x68, 0x61, 0x6D, 0x62, 0x65, 0x72, 0x47, 0x72, 0x61, 0x70, 0x68, 0x69, 0x63, 0x73, 0x4E,
    0x61, 0x74, 0x69, 0x76, 0x65, 0x00, 0x00, 0x00, 0x00, 0x00, 0x10, 0x00, 0x07, 0x00, 0x25, 0x00,
    0x00, 0x00, 0x44, 0x65, 0x66, 0x61, 0x75, 0x6C, 0x74, 0x5F, 0x5F, 0x41, 0x6E, 0x74, 0x69, 0x63,
    0x68, 0x61, 0x6D, 0x62, 0x65, 0x72, 0x47, 0x72, 0x61, 0x70, 0x68, 0x69, 0x63, 0x73, 0x53, 0x65,
    0x74, 0x74, 0x69, 0x6E, 0x67, 0x73, 0x00, 0x00, 0x00, 0x00, 0x00, 0x10, 0x00, 0x07, 0x00, 0x13,
    0x00, 0x00, 0x00, 0x44, 0x65, 0x66, 0x61, 0x75, 0x6C, 0x74, 0x5F, 0x5F, 0x48, 0x61, 0x7A, 0x61,
    0x72, 0x64, 0x48, 0x55, 0x44, 0x00, 0x00, 0x00, 0x00, 0x00, 0x10, 0x00, 0x07, 0x00, 0x1D, 0x00,
    0x00, 0x00, 0x44, 0x65, 0x66, 0x61, 0x75, 0x6C, 0x74, 0x5F, 0x5F, 0x48, 0x61, 0x7A, 0x61, 0x72,
    0x64, 0x4F, 0x70, 0x74, 0x69, 0x6F, 0x6E, 0x73, 0x42, 0x75, 0x74, 0x74, 0x6F, 0x6E, 0x00, 0x00,
    0x00, 0x00, 0x00, 0x10, 0x00, 0x07, 0x00, 0x0E, 0x00, 0x00, 0x00, 0x44, 0x65, 0x66, 0x61, 0x75,
    0x6C, 0x74, 0x5F, 0x5F, 0x49, 0x6E, 0x66, 0x6F, 0x00, 0x00, 0x00, 0x00, 0x00, 0x10, 0x00, 0x07,
    0x00, 0x11, 0x00, 0x00, 0x00, 0x44, 0x65, 0x66, 0x61, 0x75, 0x6C, 0x74, 0x5F, 0x5F, 0x4D, 0x75,
    0x74, 0x61, 0x74, 0x6F, 0x72, 0x00, 0x00, 0x00, 0x00, 0x00, 0x10, 0x00, 0x07, 0x00, 0x10, 0x00,
    0x00, 0x00, 0x44, 0x65, 0x66, 0x61, 0x75, 0x6C, 0x74, 0x5F, 0x5F, 0x4F, 0x62, 0x6A, 0x65, 0x63,
    0x74, 0x00, 0x00, 0x00, 0x00, 0x00, 0x10, 0x00, 0x07, 0x00, 0x0E, 0x00, 0x00, 0x00, 0x44, 0x65,
    0x73, 0x6B, 0x74, 0x6F, 0x70, 0x48, 0x65, 0x69, 0x67, 0x68, 0x74, 0x00, 0x00, 0x00, 0x00, 0x00,
    0x10, 0x00, 0x07, 0x00, 0x0D, 0x00, 0x00, 0x00, 0x44, 0x65, 0x73, 0x6B, 0x74, 0x6F, 0x70, 0x57,
    0x69, 0x64, 0x74, 0x68, 0x00, 0x00, 0x00, 0x00, 0x00, 0x10, 0x00, 0x07, 0x00, 0x14, 0x00, 0x00,
    0x00, 0x44, 0x65, 0x74, 0x65, 0x63, 0x74, 0x65, 0x64, 0x52, 0x65, 0x73, 0x6F, 0x6C, 0x75, 0x74,
    0x69, 0x6F, 0x6E, 0x73, 0x00, 0x00, 0x00, 0x00, 0x00, 0x10, 0x00, 0x07, 0x00, 0x0A, 0x00, 0x00,
    0x00, 0x44, 0x69, 0x72, 0x65, 0x63, 0x74, 0x69, 0x6F, 0x6E, 0x00, 0x00, 0x00, 0x00, 0x00, 0x10,
    0x00, 0x07, 0x00, 0x0E, 0x00, 0x00, 0x00, 0x44, 0x69, 0x73, 0x70, 0x6C, 0x61, 0x79, 0x53, 0x75,
    0x66, 0x66, 0x69, 0x78, 0x00, 0x00, 0x00, 0x00, 0x00, 0x10, 0x00, 0x07, 0x00, 0x0B, 0x00, 0x00,
    0x00, 0x44, 0x72, 0x61, 0x77, 0x32, 0x44, 0x4C, 0x69, 0x6E, 0x65, 0x00, 0x00, 0x00, 0x00, 0x00,
    0x10, 0x00, 0x07, 0x00, 0x17, 0x00, 0x00, 0x00, 0x44, 0x72, 0x61, 0x77, 0x47, 0x72, 0x61, 0x70,
    0x68, 0x69, 0x63, 0x73, 0x4D, 0x65, 0x6E, 0x75, 0x4C, 0x61, 0x62, 0x65, 0x6C, 0x73, 0x00, 0x00,
    0x00, 0x00, 0x00, 0x10, 0x00, 0x07, 0x00, 0x08, 0x00, 0x00, 0x00, 0x44, 0x72, 0x61, 0x77, 0x48,
    0x55, 0x44, 0x00, 0x00, 0x00, 0x00, 0x00, 0x10, 0x00, 0x07, 0x00, 0x18, 0x00, 0x00, 0x00, 0x44,
    0x72, 0x61, 0x77, 0x50, 0x72, 0x6F, 0x6A, 0x65, 0x63, 0x74, 0x65, 0x64, 0x42, 0x75, 0x74, 0x74,
    0x6F, 0x6E, 0x46, 0x61, 0x63, 0x65, 0x00, 0x00, 0x00, 0x00, 0x00, 0x10, 0x00, 0x07, 0x00, 0x0C,
    0x00, 0x00, 0x00, 0x44, 0x72, 0x61, 0x77, 0x53, 0x63, 0x61, 0x6C, 0x65, 0x33, 0x44, 0x00, 0x00,
    0x00, 0x00, 0x00, 0x10, 0x00, 0x07, 0x00, 0x09, 0x00, 0x00, 0x00, 0x44, 0x72, 0x61, 0x77, 0x54,
    0x65, 0x78, 0x74, 0x00, 0x00, 0x00, 0x00, 0x00, 0x10, 0x00, 0x07, 0x00, 0x21, 0x00, 0x00, 0x00,
    0x44, 0x79, 0x6E, 0x61, 0x6D, 0x69, 0x63, 0x4C, 0x69, 0x67, 0x68, 0x74, 0x45, 0x6E, 0x76, 0x69,
    0x72, 0x6F, 0x6E, 0x6D, 0x65, 0x6E, 0x74, 0x43, 0x6F, 0x6D, 0x70, 0x6F, 0x6E, 0x65, 0x6E, 0x74,
    0x00, 0x00, 0x00, 0x00, 0x00, 0x10, 0x00, 0x07, 0x00, 0x0F, 0x00, 0x00, 0x00, 0x44, 0x79, 0x6E,
    0x61, 0x6D, 0x69, 0x63, 0x53, 0x4D, 0x41, 0x63, 0x74, 0x6F, 0x72, 0x00, 0x00, 0x00, 0x00, 0x00,
    0x10, 0x00, 0x07, 0x00, 0x07, 0x00, 0x00, 0x00, 0x45, 0x6E, 0x67, 0x69, 0x6E, 0x65, 0x00, 0x00,
    0x00, 0x00, 0x00, 0x10, 0x00, 0x07, 0x00, 0x0A, 0x00, 0x00, 0x00, 0x46, 0x61, 0x63, 0x65, 0x43,
    0x6F, 0x6C, 0x6F, 0x72, 0x00, 0x00, 0x00, 0x00, 0x00, 0x10, 0x00, 0x07, 0x00, 0x17, 0x00, 0x00,
    0x00, 0x46, 0x69, 0x6E, 0x64, 0x44, 0x65, 0x74, 0x65, 0x63, 0x74, 0x65, 0x64, 0x52, 0x65, 0x73,
    0x6F, 0x6C, 0x75, 0x74, 0x69, 0x6F, 0x6E, 0x00, 0x00, 0x00, 0x00, 0x00, 0x10, 0x00, 0x07, 0x00,
    0x1B, 0x00, 0x00, 0x00, 0x46, 0x69, 0x6E, 0x64, 0x53, 0x74, 0x6F, 0x63, 0x6B, 0x52, 0x65, 0x73,
    0x6F, 0x6C, 0x75, 0x74, 0x69, 0x6F, 0x6E, 0x42, 0x75, 0x74, 0x74, 0x6F, 0x6E, 0x73, 0x00, 0x00,
    0x00, 0x00, 0x00, 0x10, 0x00, 0x07, 0x00, 0x0B, 0x00, 0x00, 0x00, 0x46, 0x69, 0x72, 0x73, 0x74,
    0x50, 0x6F, 0x69, 0x6E, 0x74, 0x00, 0x00, 0x00, 0x00, 0x00, 0x10, 0x00, 0x07, 0x00, 0x0A, 0x00,
    0x00, 0x00, 0x46, 0x69, 0x74, 0x48, 0x65, 0x69, 0x67, 0x68, 0x74, 0x00, 0x00, 0x00, 0x00, 0x00,
    0x10, 0x00, 0x07, 0x00, 0x0E, 0x00, 0x00, 0x00, 0x46, 0x69, 0x74, 0x54, 0x65, 0x78, 0x74, 0x48,
    0x65, 0x69, 0x67, 0x68, 0x74, 0x00, 0x00, 0x00, 0x00, 0x00, 0x10, 0x00, 0x07, 0x00, 0x0D, 0x00,
    0x00, 0x00, 0x46, 0x69, 0x74, 0x54, 0x65, 0x78, 0x74, 0x57, 0x69, 0x64, 0x74, 0x68, 0x00, 0x00,
    0x00, 0x00, 0x00, 0x10, 0x00, 0x07, 0x00, 0x09, 0x00, 0x00, 0x00, 0x46, 0x69, 0x74, 0x57, 0x69,
    0x64, 0x74, 0x68, 0x00, 0x00, 0x00, 0x00, 0x00, 0x10, 0x00, 0x07, 0x00, 0x0E, 0x00, 0x00, 0x00,
    0x46, 0x6C, 0x6F, 0x61, 0x74, 0x50, 0x72, 0x6F, 0x70, 0x65, 0x72, 0x74, 0x79, 0x00, 0x00, 0x00,
    0x00, 0x00, 0x10, 0x00, 0x07, 0x00, 0x05, 0x00, 0x00, 0x00, 0x46, 0x6F, 0x6E, 0x74, 0x00, 0x00,
    0x00, 0x00, 0x00, 0x10, 0x00, 0x07, 0x00, 0x09, 0x00, 0x00, 0x00, 0x46, 0x75, 0x6E, 0x63, 0x74,
    0x69, 0x6F, 0x6E, 0x00, 0x00, 0x00, 0x00, 0x00, 0x10, 0x00, 0x07, 0x00, 0x02, 0x00, 0x00, 0x00,
    0x47, 0x00, 0x00, 0x00, 0x00, 0x00, 0x10, 0x00, 0x07, 0x00, 0x05, 0x00, 0x00, 0x00, 0x47, 0x61,
    0x6D, 0x65, 0x00, 0x00, 0x00, 0x00, 0x00, 0x10, 0x00, 0x07, 0x00, 0x09, 0x00, 0x00, 0x00, 0x47,
    0x61, 0x6D, 0x65, 0x49, 0x6E, 0x66, 0x6F, 0x00, 0x00, 0x00, 0x00, 0x00, 0x10, 0x00, 0x07, 0x00,
    0x13, 0x00, 0x00, 0x00, 0x47, 0x61, 0x6D, 0x65, 0x56, 0x69, 0x65, 0x77, 0x70, 0x6F, 0x72, 0x74,
    0x43, 0x6C, 0x69, 0x65, 0x6E, 0x74, 0x00, 0x00, 0x00, 0x00, 0x00, 0x10, 0x00, 0x07, 0x00, 0x11,
    0x00, 0x00, 0x00, 0x47, 0x65, 0x74, 0x46, 0x6F, 0x6E, 0x74, 0x53, 0x69, 0x7A, 0x65, 0x49, 0x6E,
    0x64, 0x65, 0x78, 0x00, 0x00, 0x00, 0x00, 0x00, 0x10, 0x00, 0x07, 0x00, 0x1C, 0x00, 0x00, 0x00,
    0x47, 0x65, 0x74, 0x47, 0x72, 0x61, 0x70, 0x68, 0x69, 0x63, 0x73, 0x50, 0x6C, 0x61, 0x79, 0x65,
    0x72, 0x43, 0x6F, 0x6E, 0x74, 0x72, 0x6F, 0x6C, 0x6C, 0x65, 0x72, 0x00, 0x00, 0x00, 0x00, 0x00,
    0x10, 0x00, 0x07, 0x00, 0x13, 0x00, 0x00, 0x00, 0x47, 0x65, 0x74, 0x50, 0x6C, 0x61, 0x79, 0x65,
    0x72, 0x56, 0x69, 0x65, 0x77, 0x50, 0x6F, 0x69, 0x6E, 0x74, 0x00, 0x00, 0x00, 0x00, 0x00, 0x10,
    0x00, 0x07, 0x00, 0x17, 0x00, 0x00, 0x00, 0x47, 0x65, 0x74, 0x52, 0x65, 0x73, 0x6F, 0x6C, 0x75,
    0x74, 0x69, 0x6F, 0x6E, 0x50, 0x61, 0x67, 0x65, 0x43, 0x6F, 0x75, 0x6E, 0x74, 0x00, 0x00, 0x00,
    0x00, 0x00, 0x10, 0x00, 0x07, 0x00, 0x10, 0x00, 0x00, 0x00, 0x47, 0x65, 0x74, 0x56, 0x69, 0x65,
    0x77, 0x70, 0x6F, 0x72, 0x74, 0x53, 0x69, 0x7A, 0x65, 0x00, 0x00, 0x00, 0x00, 0x00, 0x10, 0x00,
    0x07, 0x00, 0x0F, 0x00, 0x00, 0x00, 0x47, 0x72, 0x61, 0x70, 0x68, 0x69, 0x63, 0x73, 0x41, 0x63,
    0x74, 0x69, 0x6F, 0x6E, 0x00, 0x00, 0x00, 0x00, 0x00, 0x10, 0x00, 0x07, 0x00, 0x10, 0x00, 0x00,
    0x00, 0x47, 0x72, 0x61, 0x70, 0x68, 0x69, 0x63, 0x73, 0x42, 0x75, 0x74, 0x74, 0x6F, 0x6E, 0x73,
    0x00, 0x00, 0x00, 0x00, 0x00, 0x10, 0x00, 0x07, 0x00, 0x0D, 0x00, 0x00, 0x00, 0x47, 0x72, 0x61,
    0x70, 0x68, 0x69, 0x63, 0x73, 0x47, 0x61, 0x6D, 0x65, 0x00, 0x00, 0x00, 0x00, 0x00, 0x10, 0x00,
    0x07, 0x00, 0x10, 0x00, 0x00, 0x00, 0x47, 0x72, 0x61, 0x70, 0x68, 0x69, 0x63, 0x73, 0x4D, 0x61,
    0x6E, 0x61, 0x67, 0x65, 0x72, 0x00, 0x00, 0x00, 0x00, 0x00, 0x10, 0x00, 0x07, 0x00, 0x12, 0x00,
    0x00, 0x00, 0x47, 0x72, 0x61, 0x70, 0x68, 0x69, 0x63, 0x73, 0x4D, 0x65, 0x6E, 0x75, 0x54, 0x69,
    0x6D, 0x65, 0x72, 0x00, 0x00, 0x00, 0x00, 0x00, 0x10, 0x00, 0x07, 0x00, 0x13, 0x00, 0x00, 0x00,
    0x47, 0x72, 0x61, 0x70, 0x68, 0x69, 0x63, 0x73, 0x52, 0x65, 0x73, 0x6F, 0x6C, 0x75, 0x74, 0x69,
    0x6F, 0x6E, 0x00, 0x00, 0x00, 0x00, 0x00, 0x10, 0x00, 0x07, 0x00, 0x11, 0x00, 0x00, 0x00, 0x47,
    0x72, 0x61, 0x70, 0x68, 0x69, 0x63, 0x73, 0x53, 0x65, 0x74, 0x74, 0x69, 0x6E, 0x67, 0x73, 0x00,
    0x00, 0x00, 0x00, 0x00, 0x10, 0x00, 0x07, 0x00, 0x07, 0x00, 0x00, 0x00, 0x48, 0x61, 0x7A, 0x61,
    0x72, 0x64, 0x00, 0x00, 0x00, 0x00, 0x00, 0x10, 0x00, 0x07, 0x00, 0x0B, 0x00, 0x00, 0x00, 0x48,
    0x61, 0x7A, 0x61, 0x72, 0x64, 0x47, 0x61, 0x6D, 0x65, 0x00, 0x00, 0x00, 0x00, 0x00, 0x10, 0x00,
    0x07, 0x00, 0x0A, 0x00, 0x00, 0x00, 0x48, 0x61, 0x7A, 0x61, 0x72, 0x64, 0x48, 0x55, 0x44, 0x00,
    0x00, 0x00, 0x00, 0x00, 0x10, 0x00, 0x07, 0x00, 0x14, 0x00, 0x00, 0x00, 0x48, 0x61, 0x7A, 0x61,
    0x72, 0x64, 0x4F, 0x70, 0x74, 0x69, 0x6F, 0x6E, 0x73, 0x42, 0x75, 0x74, 0x74, 0x6F, 0x6E, 0x00,
    0x00, 0x00, 0x00, 0x00, 0x10, 0x00, 0x07, 0x00, 0x17, 0x00, 0x00, 0x00, 0x48, 0x61, 0x7A, 0x61,
    0x72, 0x64, 0x50, 0x6C, 0x61, 0x79, 0x65, 0x72, 0x43, 0x6F, 0x6E, 0x74, 0x72, 0x6F, 0x6C, 0x6C,
    0x65, 0x72, 0x00, 0x00, 0x00, 0x00, 0x00, 0x10, 0x00, 0x07, 0x00, 0x07, 0x00, 0x00, 0x00, 0x48,
    0x65, 0x69, 0x67, 0x68, 0x74, 0x00, 0x00, 0x00, 0x00, 0x00, 0x10, 0x00, 0x07, 0x00, 0x10, 0x00,
    0x00, 0x00, 0x48, 0x69, 0x67, 0x68, 0x6C, 0x69, 0x67, 0x68, 0x74, 0x41, 0x6D, 0x6F, 0x75, 0x6E,
    0x74, 0x00, 0x00, 0x00, 0x00, 0x00, 0x10, 0x00, 0x07, 0x00, 0x04, 0x00, 0x00, 0x00, 0x48, 0x55,
    0x44, 0x00, 0x00, 0x00, 0x00, 0x00, 0x10, 0x00, 0x07, 0x00, 0x08, 0x00, 0x00, 0x00, 0x48, 0x55,
    0x44, 0x54, 0x79, 0x70, 0x65, 0x00, 0x00, 0x00, 0x00, 0x00, 0x10, 0x00, 0x07, 0x00, 0x1B, 0x00,
    0x00, 0x00, 0x49, 0x67, 0x6E, 0x6F, 0x72, 0x65, 0x56, 0x69, 0x65, 0x77, 0x70, 0x6F, 0x72, 0x74,
    0x43, 0x68, 0x61, 0x6E, 0x67, 0x65, 0x73, 0x55, 0x6E, 0x74, 0x69, 0x6C, 0x00, 0x00, 0x00, 0x00,
    0x00, 0x10, 0x00, 0x07, 0x00, 0x06, 0x00, 0x00, 0x00, 0x49, 0x6E, 0x64, 0x65, 0x78, 0x00, 0x00,
    0x00, 0x00, 0x00, 0x10, 0x00, 0x07, 0x00, 0x05, 0x00, 0x00, 0x00, 0x49, 0x6E, 0x66, 0x6F, 0x00,
    0x00, 0x00, 0x00, 0x00, 0x10, 0x00, 0x07, 0x00, 0x13, 0x00, 0x00, 0x00, 0x49, 0x6E, 0x69, 0x74,
    0x69, 0x61, 0x6C, 0x69, 0x7A, 0x65, 0x4D, 0x61, 0x74, 0x65, 0x72, 0x69, 0x61, 0x6C, 0x00, 0x00,
    0x00, 0x00, 0x00, 0x10, 0x00, 0x07, 0x00, 0x12, 0x00, 0x00, 0x00, 0x49, 0x6E, 0x74, 0x65, 0x72,
    0x73, 0x65, 0x63, 0x74, 0x69, 0x6F, 0x6E, 0x43, 0x6F, 0x75, 0x6E, 0x74, 0x00, 0x00, 0x00, 0x00,
    0x00, 0x10, 0x00, 0x07, 0x00, 0x0E, 0x00, 0x00, 0x00, 0x49, 0x6E, 0x74, 0x65, 0x72, 0x73, 0x65,
    0x63, 0x74, 0x69, 0x6F, 0x6E, 0x58, 0x00, 0x00, 0x00, 0x00, 0x00, 0x10, 0x00, 0x07, 0x00, 0x0C,
    0x00, 0x00, 0x00, 0x49, 0x6E, 0x74, 0x50, 0x72, 0x6F, 0x70, 0x65, 0x72, 0x74, 0x79, 0x00, 0x00,
    0x00, 0x00, 0x00, 0x10, 0x00, 0x07, 0x00, 0x15, 0x00, 0x00, 0x00, 0x49, 0x73, 0x46, 0x75, 0x6C,
    0x6C, 0x53, 0x63, 0x72, 0x65, 0x65, 0x6E, 0x56, 0x69, 0x65, 0x77, 0x70, 0x6F, 0x72, 0x74, 0x00,
    0x00, 0x00, 0x00, 0x00, 0x10, 0x00, 0x07, 0x00, 0x0B, 0x00, 0x00, 0x00, 0x4C, 0x61, 0x62, 0x65,
    0x6C, 0x53, 0x63, 0x61, 0x6C, 0x65, 0x00, 0x00, 0x00, 0x00, 0x00, 0x10, 0x00, 0x07, 0x00, 0x0A,
    0x00, 0x00, 0x00, 0x4C, 0x61, 0x62, 0x65, 0x6C, 0x54, 0x65, 0x78, 0x74, 0x00, 0x00, 0x00, 0x00,
    0x00, 0x10, 0x00, 0x07, 0x00, 0x13, 0x00, 0x00, 0x00, 0x4C, 0x61, 0x73, 0x74, 0x41, 0x63, 0x74,
    0x69, 0x76, 0x61, 0x74, 0x69, 0x6F, 0x6E, 0x54, 0x69, 0x6D, 0x65, 0x00, 0x00, 0x00, 0x00, 0x00,
    0x10, 0x00, 0x07, 0x00, 0x0B, 0x00, 0x00, 0x00, 0x4C, 0x61, 0x73, 0x74, 0x42, 0x75, 0x74, 0x74,
    0x6F, 0x6E, 0x00, 0x00, 0x00, 0x00, 0x00, 0x10, 0x00, 0x07, 0x00, 0x05, 0x00, 0x00, 0x00, 0x4C,
    0x65, 0x66, 0x74, 0x00, 0x00, 0x00, 0x00, 0x00, 0x10, 0x00, 0x07, 0x00, 0x0A, 0x00, 0x00, 0x00,
    0x4C, 0x65, 0x66, 0x74, 0x49, 0x6E, 0x64, 0x65, 0x78, 0x00, 0x00, 0x00, 0x00, 0x00, 0x10, 0x00,
    0x07, 0x00, 0x13, 0x00, 0x00, 0x00, 0x4C, 0x65, 0x67, 0x61, 0x63, 0x79, 0x48, 0x65, 0x69, 0x67,
    0x68, 0x74, 0x53, 0x63, 0x72, 0x65, 0x65, 0x6E, 0x00, 0x00, 0x00, 0x00, 0x00, 0x10, 0x00, 0x07,
    0x00, 0x12, 0x00, 0x00, 0x00, 0x4C, 0x65, 0x67, 0x61, 0x63, 0x79, 0x57, 0x69, 0x64, 0x74, 0x68,
    0x53, 0x63, 0x72, 0x65, 0x65, 0x6E, 0x00, 0x00, 0x00, 0x00, 0x00, 0x10, 0x00, 0x07, 0x00, 0x11,
    0x00, 0x00, 0x00, 0x4C, 0x69, 0x67, 0x68, 0x74, 0x45, 0x6E, 0x76, 0x69, 0x72, 0x6F, 0x6E, 0x6D,
    0x65, 0x6E, 0x74, 0x00, 0x00, 0x00, 0x00, 0x00, 0x10, 0x00, 0x07, 0x00, 0x18, 0x00, 0x00, 0x00,
    0x4C, 0x6F, 0x61, 0x64, 0x44, 0x65, 0x74, 0x65, 0x63, 0x74, 0x65, 0x64, 0x52, 0x65, 0x73, 0x6F,
    0x6C, 0x75, 0x74, 0x69, 0x6F, 0x6E, 0x73, 0x00, 0x00, 0x00, 0x00, 0x00, 0x10, 0x00, 0x07, 0x00,
    0x0C, 0x00, 0x00, 0x00, 0x4C, 0x6F, 0x63, 0x61, 0x6C, 0x50, 0x6C, 0x61, 0x79, 0x65, 0x72, 0x00,
    0x00, 0x00, 0x00, 0x00, 0x10, 0x00, 0x07, 0x00, 0x09, 0x00, 0x00, 0x00, 0x4C, 0x6F, 0x63, 0x61,
    0x74, 0x69, 0x6F, 0x6E, 0x00, 0x00, 0x00, 0x00, 0x00, 0x10, 0x00, 0x07, 0x00, 0x0E, 0x00, 0x00,
    0x00, 0x4D, 0x61, 0x74, 0x65, 0x72, 0x69, 0x61, 0x6C, 0x49, 0x6E, 0x64, 0x65, 0x78, 0x00, 0x00,
    0x00, 0x00, 0x00, 0x10, 0x00, 0x07, 0x00, 0x0A, 0x00, 0x00, 0x00, 0x4D, 0x61, 0x74, 0x65, 0x72,
    0x69, 0x61, 0x6C, 0x73, 0x00, 0x00, 0x00, 0x00, 0x00, 0x10, 0x00, 0x07, 0x00, 0x05, 0x00, 0x00,
    0x00, 0x4D, 0x61, 0x78, 0x59, 0x00, 0x00, 0x00, 0x00, 0x00, 0x10, 0x00, 0x07, 0x00, 0x0E, 0x00,
    0x00, 0x00, 0x4D, 0x65, 0x73, 0x68, 0x43, 0x6F, 0x6D, 0x70, 0x6F, 0x6E, 0x65, 0x6E, 0x74, 0x00,
    0x00, 0x00, 0x00, 0x00, 0x10, 0x00, 0x07, 0x00, 0x09, 0x00, 0x00, 0x00, 0x4D, 0x65, 0x74, 0x61,
    0x44, 0x61, 0x74, 0x61, 0x00, 0x00, 0x00, 0x00, 0x00, 0x10, 0x00, 0x07, 0x00, 0x05, 0x00, 0x00,
    0x00, 0x4D, 0x69, 0x6E, 0x59, 0x00, 0x00, 0x00, 0x00, 0x00, 0x10, 0x00, 0x07, 0x00, 0x0A, 0x00,
    0x00, 0x00, 0x4D, 0x6F, 0x64, 0x65, 0x49, 0x6E, 0x64, 0x65, 0x78, 0x00, 0x00, 0x00, 0x00, 0x00,
    0x10, 0x00, 0x07, 0x00, 0x1A, 0x00, 0x00, 0x00, 0x4D, 0x6F, 0x6E, 0x69, 0x74, 0x6F, 0x72, 0x56,
    0x69, 0x65, 0x77, 0x70, 0x6F, 0x72, 0x74, 0x52, 0x65, 0x73, 0x6F, 0x6C, 0x75, 0x74, 0x69, 0x6F,
    0x6E, 0x00, 0x00, 0x00, 0x00, 0x00, 0x10, 0x00, 0x07, 0x00, 0x09, 0x00, 0x00, 0x00, 0x4D, 0x6F,
    0x76, 0x65, 0x6D, 0x65, 0x6E, 0x74, 0x00, 0x00, 0x00, 0x00, 0x00, 0x10, 0x00, 0x07, 0x00, 0x08,
    0x00, 0x00, 0x00, 0x4D, 0x75, 0x74, 0x61, 0x74, 0x6F, 0x72, 0x00, 0x00, 0x00, 0x00, 0x00, 0x10,
    0x00, 0x07, 0x00, 0x13, 0x00, 0x00, 0x00, 0x4D, 0x79, 0x4C, 0x69, 0x67, 0x68, 0x74, 0x45, 0x6E,
    0x76, 0x69, 0x72, 0x6F, 0x6E, 0x6D, 0x65, 0x6E, 0x74, 0x00, 0x00, 0x00, 0x00, 0x00, 0x10, 0x00,
    0x07, 0x00, 0x0D, 0x00, 0x00, 0x00, 0x4E, 0x61, 0x74, 0x69, 0x76, 0x65, 0x42, 0x72, 0x69, 0x64,
    0x67, 0x65, 0x00, 0x00, 0x00, 0x00, 0x00, 0x10, 0x00, 0x07, 0x00, 0x0B, 0x00, 0x00, 0x00, 0x4E,
    0x61, 0x76, 0x69, 0x67, 0x61, 0x74, 0x69, 0x6F, 0x6E, 0x00, 0x00, 0x00, 0x00, 0x00, 0x10, 0x00,
    0x07, 0x00, 0x08, 0x00, 0x00, 0x00, 0x4E, 0x65, 0x77, 0x47, 0x61, 0x6D, 0x65, 0x00, 0x00, 0x00,
    0x00, 0x00, 0x10, 0x00, 0x07, 0x00, 0x0A, 0x00, 0x00, 0x00, 0x4E, 0x65, 0x77, 0x48, 0x65, 0x69,
    0x67, 0x68, 0x74, 0x00, 0x00, 0x00, 0x00, 0x00, 0x10, 0x00, 0x07, 0x00, 0x09, 0x00, 0x00, 0x00,
    0x4E, 0x65, 0x77, 0x57, 0x69, 0x64, 0x74, 0x68, 0x00, 0x00, 0x00, 0x00, 0x00, 0x10, 0x00, 0x07,
    0x00, 0x0B, 0x00, 0x00, 0x00, 0x4E, 0x65, 0x78, 0x74, 0x42, 0x75, 0x74, 0x74, 0x6F, 0x6E, 0x00,
    0x00, 0x00, 0x00, 0x00, 0x10, 0x00, 0x07, 0x00, 0x05, 0x00, 0x00, 0x00, 0x4E, 0x6F, 0x6E, 0x65,
    0x00, 0x00, 0x00, 0x00, 0x00, 0x10, 0x00, 0x07, 0x00, 0x07, 0x00, 0x00, 0x00, 0x4F, 0x62, 0x6A,
    0x65, 0x63, 0x74, 0x00, 0x00, 0x00, 0x00, 0x00, 0x10, 0x00, 0x07, 0x00, 0x0F, 0x00, 0x00, 0x00,
    0x4F, 0x62, 0x6A, 0x65, 0x63, 0x74, 0x50, 0x72, 0x6F, 0x70, 0x65, 0x72, 0x74, 0x79, 0x00, 0x00,
    0x00, 0x00, 0x00, 0x10, 0x00, 0x07, 0x00, 0x0B, 0x00, 0x00, 0x00, 0x4F, 0x72, 0x64, 0x65, 0x72,
    0x49, 0x6E, 0x64, 0x65, 0x78, 0x00, 0x00, 0x00, 0x00, 0x00, 0x10, 0x00, 0x07, 0x00, 0x07, 0x00,
    0x00, 0x00, 0x4F, 0x72, 0x69, 0x67, 0x69, 0x6E, 0x00, 0x00, 0x00, 0x00, 0x00, 0x10, 0x00, 0x07,
    0x00, 0x08, 0x00, 0x00, 0x00, 0x50, 0x61, 0x63, 0x6B, 0x61, 0x67, 0x65, 0x00, 0x00, 0x00, 0x00,
    0x00, 0x10, 0x00, 0x07, 0x00, 0x0A, 0x00, 0x00, 0x00, 0x50, 0x61, 0x67, 0x65, 0x43, 0x6F, 0x75,
    0x6E, 0x74, 0x00, 0x00, 0x00, 0x00, 0x00, 0x10, 0x00, 0x07, 0x00, 0x05, 0x00, 0x00, 0x00, 0x50,
    0x61, 0x77, 0x6E, 0x00, 0x00, 0x00, 0x00, 0x00, 0x10, 0x00, 0x07, 0x00, 0x07, 0x00, 0x00, 0x00,
    0x50, 0x6C, 0x61, 0x79, 0x65, 0x72, 0x00, 0x00, 0x00, 0x00, 0x00, 0x10, 0x00, 0x07, 0x00, 0x11,
    0x00, 0x00, 0x00, 0x50, 0x6C, 0x61, 0x79, 0x65, 0x72, 0x43, 0x6F, 0x6E, 0x74, 0x72, 0x6F, 0x6C,
    0x6C, 0x65, 0x72, 0x00, 0x00, 0x00, 0x00, 0x00, 0x10, 0x00, 0x07, 0x00, 0x0C, 0x00, 0x00, 0x00,
    0x50, 0x6C, 0x61, 0x79, 0x65, 0x72, 0x4F, 0x77, 0x6E, 0x65, 0x72, 0x00, 0x00, 0x00, 0x00, 0x00,
    0x10, 0x00, 0x07, 0x00, 0x0B, 0x00, 0x00, 0x00, 0x50, 0x6C, 0x61, 0x79, 0x65, 0x72, 0x50, 0x61,
    0x77, 0x6E, 0x00, 0x00, 0x00, 0x00, 0x00, 0x10, 0x00, 0x07, 0x00, 0x0E, 0x00, 0x00, 0x00, 0x50,
    0x6F, 0x73, 0x74, 0x42, 0x65, 0x67, 0x69, 0x6E, 0x50, 0x6C, 0x61, 0x79, 0x00, 0x00, 0x00, 0x00,
    0x00, 0x10, 0x00, 0x07, 0x00, 0x13, 0x00, 0x00, 0x00, 0x50, 0x72, 0x69, 0x6D, 0x69, 0x74, 0x69,
    0x76, 0x65, 0x43, 0x6F, 0x6D, 0x70, 0x6F, 0x6E, 0x65, 0x6E, 0x74, 0x00, 0x00, 0x00, 0x00, 0x00,
    0x10, 0x00, 0x07, 0x00, 0x08, 0x00, 0x00, 0x00, 0x50, 0x72, 0x6F, 0x6A, 0x65, 0x63, 0x74, 0x00,
    0x00, 0x00, 0x00, 0x00, 0x10, 0x00, 0x07, 0x00, 0x02, 0x00, 0x00, 0x00, 0x52, 0x00, 0x00, 0x00,
    0x00, 0x00, 0x10, 0x00, 0x07, 0x00, 0x1C, 0x00, 0x00, 0x00, 0x52, 0x65, 0x66, 0x72, 0x65, 0x73,
    0x68, 0x52, 0x65, 0x73, 0x6F, 0x6C, 0x75, 0x74, 0x69, 0x6F, 0x6E, 0x48, 0x69, 0x67, 0x68, 0x6C,
    0x69, 0x67, 0x68, 0x74, 0x73, 0x00, 0x00, 0x00, 0x00, 0x00, 0x10, 0x00, 0x07, 0x00, 0x16, 0x00,
    0x00, 0x00, 0x52, 0x65, 0x66, 0x72, 0x65, 0x73, 0x68, 0x52, 0x65, 0x73, 0x6F, 0x6C, 0x75, 0x74,
    0x69, 0x6F, 0x6E, 0x50, 0x61, 0x67, 0x65, 0x00, 0x00, 0x00, 0x00, 0x00, 0x10, 0x00, 0x07, 0x00,
    0x17, 0x00, 0x00, 0x00, 0x52, 0x65, 0x6C, 0x65, 0x61, 0x73, 0x65, 0x41, 0x63, 0x74, 0x69, 0x76,
    0x61, 0x74, 0x69, 0x6F, 0x6E, 0x4C, 0x61, 0x74, 0x63, 0x68, 0x00, 0x00, 0x00, 0x00, 0x00, 0x10,
    0x00, 0x07, 0x00, 0x15, 0x00, 0x00, 0x00, 0x52, 0x65, 0x70, 0x6C, 0x61, 0x63, 0x65, 0x6D, 0x65,
    0x6E, 0x74, 0x50, 0x72, 0x69, 0x6D, 0x69, 0x74, 0x69, 0x76, 0x65, 0x00, 0x00, 0x00, 0x00, 0x00,
    0x10, 0x00, 0x07, 0x00, 0x1C, 0x00, 0x00, 0x00, 0x52, 0x65, 0x73, 0x6F, 0x6C, 0x75, 0x74, 0x69,
    0x6F, 0x6E, 0x42, 0x75, 0x74, 0x74, 0x6F, 0x6E, 0x43, 0x6F, 0x6D, 0x65, 0x73, 0x42, 0x65, 0x66,
    0x6F, 0x72, 0x65, 0x00, 0x00, 0x00, 0x00, 0x00, 0x10, 0x00, 0x07, 0x00, 0x18, 0x00, 0x00, 0x00,
    0x52, 0x65, 0x73, 0x6F, 0x6C, 0x75, 0x74, 0x69, 0x6F, 0x6E, 0x43, 0x68, 0x6F, 0x69, 0x63, 0x65,
    0x42, 0x75, 0x74, 0x74, 0x6F, 0x6E, 0x73, 0x00, 0x00, 0x00, 0x00, 0x00, 0x10, 0x00, 0x07, 0x00,
    0x11, 0x00, 0x00, 0x00, 0x52, 0x65, 0x73, 0x6F, 0x6C, 0x75, 0x74, 0x69, 0x6F, 0x6E, 0x48, 0x65,
    0x69, 0x67, 0x68, 0x74, 0x00, 0x00, 0x00, 0x00, 0x00, 0x10, 0x00, 0x07, 0x00, 0x0F, 0x00, 0x00,
    0x00, 0x52, 0x65, 0x73, 0x6F, 0x6C, 0x75, 0x74, 0x69, 0x6F, 0x6E, 0x4D, 0x6F, 0x64, 0x65, 0x00,
    0x00, 0x00, 0x00, 0x00, 0x10, 0x00, 0x07, 0x00, 0x0F, 0x00, 0x00, 0x00, 0x52, 0x65, 0x73, 0x6F,
    0x6C, 0x75, 0x74, 0x69, 0x6F, 0x6E, 0x50, 0x61, 0x67, 0x65, 0x00, 0x00, 0x00, 0x00, 0x00, 0x10,
    0x00, 0x07, 0x00, 0x1E, 0x00, 0x00, 0x00, 0x52, 0x65, 0x73, 0x6F, 0x6C, 0x75, 0x74, 0x69, 0x6F,
    0x6E, 0x52, 0x65, 0x66, 0x65, 0x72, 0x65, 0x6E, 0x63, 0x65, 0x54, 0x65, 0x78, 0x74, 0x48, 0x65,
    0x69, 0x67, 0x68, 0x74, 0x00, 0x00, 0x00, 0x00, 0x00, 0x10, 0x00, 0x07, 0x00, 0x1D, 0x00, 0x00,
    0x00, 0x52, 0x65, 0x73, 0x6F, 0x6C, 0x75, 0x74, 0x69, 0x6F, 0x6E, 0x52, 0x65, 0x66, 0x65, 0x72,
    0x65, 0x6E, 0x63, 0x65, 0x54, 0x65, 0x78, 0x74, 0x57, 0x69, 0x64, 0x74, 0x68, 0x00, 0x00, 0x00,
    0x00, 0x00, 0x10, 0x00, 0x07, 0x00, 0x10, 0x00, 0x00, 0x00, 0x52, 0x65, 0x73, 0x6F, 0x6C, 0x75,
    0x74, 0x69, 0x6F, 0x6E, 0x57, 0x69, 0x64, 0x74, 0x68, 0x00, 0x00, 0x00, 0x00, 0x00, 0x10, 0x00,
    0x07, 0x00, 0x0C, 0x00, 0x00, 0x00, 0x52, 0x65, 0x74, 0x75, 0x72, 0x6E, 0x56, 0x61, 0x6C, 0x75,
    0x65, 0x00, 0x00, 0x00, 0x00, 0x00, 0x10, 0x00, 0x07, 0x00, 0x06, 0x00, 0x00, 0x00, 0x52, 0x69,
    0x67, 0x68, 0x74, 0x00, 0x00, 0x00, 0x00, 0x00, 0x10, 0x00, 0x07, 0x00, 0x0B, 0x00, 0x00, 0x00,
    0x52, 0x69, 0x67, 0x68, 0x74, 0x49, 0x6E, 0x64, 0x65, 0x78, 0x00, 0x00, 0x00, 0x00, 0x00, 0x10,
    0x00, 0x07, 0x00, 0x09, 0x00, 0x00, 0x00, 0x52, 0x6F, 0x74, 0x61, 0x74, 0x69, 0x6F, 0x6E, 0x00,
    0x00, 0x00, 0x00, 0x00, 0x10, 0x00, 0x07, 0x00, 0x08, 0x00, 0x00, 0x00, 0x52, 0x6F, 0x74, 0x61,
    0x74, 0x6F, 0x72, 0x00, 0x00, 0x00, 0x00, 0x00, 0x10, 0x00, 0x07, 0x00, 0x15, 0x00, 0x00, 0x00,
    0x53, 0x61, 0x76, 0x65, 0x47, 0x72, 0x61, 0x70, 0x68, 0x69, 0x63, 0x73, 0x53, 0x65, 0x74, 0x74,
    0x69, 0x6E, 0x67, 0x73, 0x00, 0x00, 0x00, 0x00, 0x00, 0x10, 0x00, 0x07, 0x00, 0x09, 0x00, 0x00,
    0x00, 0x53, 0x63, 0x61, 0x6E, 0x4C, 0x69, 0x6E, 0x65, 0x00, 0x00, 0x00, 0x00, 0x00, 0x10, 0x00,
    0x07, 0x00, 0x06, 0x00, 0x00, 0x00, 0x53, 0x63, 0x61, 0x6E, 0x59, 0x00, 0x00, 0x00, 0x00, 0x00,
    0x10, 0x00, 0x07, 0x00, 0x0D, 0x00, 0x00, 0x00, 0x53, 0x63, 0x72, 0x69, 0x70, 0x74, 0x53, 0x74,
    0x72, 0x75, 0x63, 0x74, 0x00, 0x00, 0x00, 0x00, 0x00, 0x10, 0x00, 0x07, 0x00, 0x0B, 0x00, 0x00,
    0x00, 0x53, 0x63, 0x72, 0x69, 0x70, 0x74, 0x54, 0x65, 0x78, 0x74, 0x00, 0x00, 0x00, 0x00, 0x00,
    0x10, 0x00, 0x07, 0x00, 0x0C, 0x00, 0x00, 0x00, 0x53, 0x65, 0x63, 0x6F, 0x6E, 0x64, 0x50, 0x6F,
    0x69, 0x6E, 0x74, 0x00, 0x00, 0x00, 0x00, 0x00, 0x10, 0x00, 0x07, 0x00, 0x11, 0x00, 0x00, 0x00,
    0x53, 0x65, 0x6C, 0x65, 0x63, 0x74, 0x52, 0x65, 0x73, 0x6F, 0x6C, 0x75, 0x74, 0x69, 0x6F, 0x6E,
    0x00, 0x00, 0x00, 0x00, 0x00, 0x10, 0x00, 0x07, 0x00, 0x0D, 0x00, 0x00, 0x00, 0x53, 0x65, 0x74,
    0x44, 0x72, 0x61, 0x77, 0x43, 0x6F, 0x6C, 0x6F, 0x72, 0x00, 0x00, 0x00, 0x00, 0x00, 0x10, 0x00,
    0x07, 0x00, 0x0F, 0x00, 0x00, 0x00, 0x53, 0x65, 0x74, 0x44, 0x72, 0x61, 0x77, 0x53, 0x63, 0x61,
    0x6C, 0x65, 0x33, 0x44, 0x00, 0x00, 0x00, 0x00, 0x00, 0x10, 0x00, 0x07, 0x00, 0x0A, 0x00, 0x00,
    0x00, 0x53, 0x65, 0x74, 0x48, 0x69, 0x64, 0x64, 0x65, 0x6E, 0x00, 0x00, 0x00, 0x00, 0x00, 0x10,
    0x00, 0x07, 0x00, 0x0C, 0x00, 0x00, 0x00, 0x53, 0x65, 0x74, 0x4D, 0x61, 0x74, 0x65, 0x72, 0x69,
    0x61, 0x6C, 0x00, 0x00, 0x00, 0x00, 0x00, 0x10, 0x00, 0x07, 0x00, 0x07, 0x00, 0x00, 0x00, 0x53,
    0x65, 0x74, 0x50, 0x6F, 0x73, 0x00, 0x00, 0x00, 0x00, 0x00, 0x10, 0x00, 0x07, 0x00, 0x0E, 0x00,
    0x00, 0x00, 0x53, 0x65, 0x74, 0x52, 0x65, 0x73, 0x6F, 0x6C, 0x75, 0x74, 0x69, 0x6F, 0x6E, 0x00,
    0x00, 0x00, 0x00, 0x00, 0x10, 0x00, 0x07, 0x00, 0x18, 0x00, 0x00, 0x00, 0x53, 0x65, 0x74, 0x53,
    0x63, 0x61, 0x6C, 0x61, 0x72, 0x50, 0x61, 0x72, 0x61, 0x6D, 0x65, 0x74, 0x65, 0x72, 0x56, 0x61,
    0x6C, 0x75, 0x65, 0x00, 0x00, 0x00, 0x00, 0x00, 0x10, 0x00, 0x07, 0x00, 0x0C, 0x00, 0x00, 0x00,
    0x53, 0x65, 0x74, 0x53, 0x65, 0x6C, 0x65, 0x63, 0x74, 0x65, 0x64, 0x00, 0x00, 0x00, 0x00, 0x00,
    0x10, 0x00, 0x07, 0x00, 0x0E, 0x00, 0x00, 0x00, 0x53, 0x65, 0x74, 0x53, 0x74, 0x61, 0x74, 0x69,
    0x63, 0x4D, 0x65, 0x73, 0x68, 0x00, 0x00, 0x00, 0x00, 0x00, 0x10, 0x00, 0x07, 0x00, 0x06, 0x00,
    0x00, 0x00, 0x53, 0x70, 0x61, 0x77, 0x6E, 0x00, 0x00, 0x00, 0x00, 0x00, 0x10, 0x00, 0x07, 0x00,
    0x14, 0x00, 0x00, 0x00, 0x53, 0x70, 0x61, 0x77, 0x6E, 0x47, 0x72, 0x61, 0x70, 0x68, 0x69, 0x63,
    0x73, 0x42, 0x75, 0x74, 0x74, 0x6F, 0x6E, 0x00, 0x00, 0x00, 0x00, 0x00, 0x10, 0x00, 0x07, 0x00,
    0x07, 0x00, 0x00, 0x00, 0x53, 0x70, 0x72, 0x69, 0x74, 0x65, 0x00, 0x00, 0x00, 0x00, 0x00, 0x10,
    0x00, 0x07, 0x00, 0x10, 0x00, 0x00, 0x00, 0x53, 0x70, 0x72, 0x69, 0x74, 0x65, 0x43, 0x6F, 0x6D,
    0x70, 0x6F, 0x6E, 0x65, 0x6E, 0x74, 0x00, 0x00, 0x00, 0x00, 0x00, 0x10, 0x00, 0x07, 0x00, 0x0B,
    0x00, 0x00, 0x00, 0x53, 0x74, 0x61, 0x74, 0x69, 0x63, 0x4D, 0x65, 0x73, 0x68, 0x00, 0x00, 0x00,
    0x00, 0x00, 0x10, 0x00, 0x07, 0x00, 0x14, 0x00, 0x00, 0x00, 0x53, 0x74, 0x61, 0x74, 0x69, 0x63,
    0x4D, 0x65, 0x73, 0x68, 0x43, 0x6F, 0x6D, 0x70, 0x6F, 0x6E, 0x65, 0x6E, 0x74, 0x00, 0x00, 0x00,
    0x00, 0x00, 0x10, 0x00, 0x07, 0x00, 0x15, 0x00, 0x00, 0x00, 0x53, 0x74, 0x61, 0x74, 0x69, 0x63,
    0x4D, 0x65, 0x73, 0x68, 0x43, 0x6F, 0x6D, 0x70, 0x6F, 0x6E, 0x65, 0x6E, 0x74, 0x30, 0x00, 0x00,
    0x00, 0x00, 0x00, 0x10, 0x00, 0x07, 0x00, 0x11, 0x00, 0x00, 0x00, 0x53, 0x74, 0x61, 0x74, 0x69,
    0x63, 0x53, 0x61, 0x76, 0x65, 0x43, 0x6F, 0x6E, 0x66, 0x69, 0x67, 0x00, 0x00, 0x00, 0x00, 0x00,
    0x10, 0x00, 0x07, 0x00, 0x17, 0x00, 0x00, 0x00, 0x53, 0x74, 0x6F, 0x63, 0x6B, 0x52, 0x65, 0x73,
    0x6F, 0x6C, 0x75, 0x74, 0x69, 0x6F, 0x6E, 0x42, 0x75, 0x74, 0x74, 0x6F, 0x6E, 0x73, 0x00, 0x00,
    0x00, 0x00, 0x00, 0x10, 0x00, 0x07, 0x00, 0x07, 0x00, 0x00, 0x00, 0x53, 0x74, 0x72, 0x4C, 0x65,
    0x6E, 0x00, 0x00, 0x00, 0x00, 0x00, 0x10, 0x00, 0x07, 0x00, 0x0C, 0x00, 0x00, 0x00, 0x53, 0x74,
    0x72, 0x50, 0x72, 0x6F, 0x70, 0x65, 0x72, 0x74, 0x79, 0x00, 0x00, 0x00, 0x00, 0x00, 0x10, 0x00,
    0x07, 0x00, 0x0F, 0x00, 0x00, 0x00, 0x53, 0x74, 0x72, 0x75, 0x63, 0x74, 0x50, 0x72, 0x6F, 0x70,
    0x65, 0x72, 0x74, 0x79, 0x00, 0x00, 0x00, 0x00, 0x00, 0x10, 0x00, 0x07, 0x00, 0x0B, 0x00, 0x00,
    0x00, 0x53, 0x77, 0x61, 0x70, 0x42, 0x75, 0x74, 0x74, 0x6F, 0x6E, 0x00, 0x00, 0x00, 0x00, 0x00,
    0x10, 0x00, 0x07, 0x00, 0x0F, 0x00, 0x00, 0x00, 0x54, 0x65, 0x6D, 0x70, 0x6C, 0x61, 0x74, 0x65,
    0x42, 0x75, 0x74, 0x74, 0x6F, 0x6E, 0x00, 0x00, 0x00, 0x00, 0x00, 0x10, 0x00, 0x07, 0x00, 0x0B,
    0x00, 0x00, 0x00, 0x54, 0x65, 0x78, 0x74, 0x42, 0x75, 0x66, 0x66, 0x65, 0x72, 0x00, 0x00, 0x00,
    0x00, 0x00, 0x10, 0x00, 0x07, 0x00, 0x0B, 0x00, 0x00, 0x00, 0x54, 0x65, 0x78, 0x74, 0x48, 0x65,
    0x69, 0x67, 0x68, 0x74, 0x00, 0x00, 0x00, 0x00, 0x00, 0x10, 0x00, 0x07, 0x00, 0x0A, 0x00, 0x00,
    0x00, 0x54, 0x65, 0x78, 0x74, 0x53, 0x63, 0x61, 0x6C, 0x65, 0x00, 0x00, 0x00, 0x00, 0x00, 0x10,
    0x00, 0x07, 0x00, 0x0A, 0x00, 0x00, 0x00, 0x54, 0x65, 0x78, 0x74, 0x57, 0x69, 0x64, 0x74, 0x68,
    0x00, 0x00, 0x00, 0x00, 0x00, 0x10, 0x00, 0x07, 0x00, 0x0C, 0x00, 0x00, 0x00, 0x54, 0x69, 0x6D,
    0x65, 0x53, 0x65, 0x63, 0x6F, 0x6E, 0x64, 0x73, 0x00, 0x00, 0x00, 0x00, 0x00, 0x10, 0x00, 0x07,
    0x00, 0x04, 0x00, 0x00, 0x00, 0x54, 0x6F, 0x70, 0x00, 0x00, 0x00, 0x00, 0x00, 0x10, 0x00, 0x07,
    0x00, 0x08, 0x00, 0x00, 0x00, 0x54, 0x6F, 0x70, 0x4C, 0x65, 0x66, 0x74, 0x00, 0x00, 0x00, 0x00,
    0x00, 0x10, 0x00, 0x07, 0x00, 0x0E, 0x00, 0x00, 0x00, 0x54, 0x6F, 0x70, 0x4C, 0x65, 0x66, 0x74,
    0x53, 0x63, 0x72, 0x65, 0x65, 0x6E, 0x00, 0x00, 0x00, 0x00, 0x00, 0x10, 0x00, 0x07, 0x00, 0x09,
    0x00, 0x00, 0x00, 0x54, 0x6F, 0x70, 0x52, 0x69, 0x67, 0x68, 0x74, 0x00, 0x00, 0x00, 0x00, 0x00,
    0x10, 0x00, 0x07, 0x00, 0x0F, 0x00, 0x00, 0x00, 0x54, 0x6F, 0x70, 0x52, 0x69, 0x67, 0x68, 0x74,
    0x53, 0x63, 0x72, 0x65, 0x65, 0x6E, 0x00, 0x00, 0x00, 0x00, 0x00, 0x10, 0x00, 0x07, 0x00, 0x17,
    0x00, 0x00, 0x00, 0x54, 0x72, 0x79, 0x49, 0x6E, 0x73, 0x74, 0x61, 0x6C, 0x6C, 0x47, 0x72, 0x61,
    0x70, 0x68, 0x69, 0x63, 0x73, 0x4D, 0x65, 0x6E, 0x75, 0x00, 0x00, 0x00, 0x00, 0x00, 0x10, 0x00,
    0x07, 0x00, 0x10, 0x00, 0x00, 0x00, 0x55, 0x70, 0x64, 0x61, 0x74, 0x65, 0x48, 0x69, 0x67, 0x68,
    0x6C, 0x69, 0x67, 0x68, 0x74, 0x00, 0x00, 0x00, 0x00, 0x00, 0x10, 0x00, 0x07, 0x00, 0x1E, 0x00,
    0x00, 0x00, 0x55, 0x70, 0x64, 0x61, 0x74, 0x65, 0x52, 0x65, 0x73, 0x6F, 0x6C, 0x75, 0x74, 0x69,
    0x6F, 0x6E, 0x52, 0x65, 0x66, 0x65, 0x72, 0x65, 0x6E, 0x63, 0x65, 0x53, 0x69, 0x7A, 0x65, 0x00,
    0x00, 0x00, 0x00, 0x00, 0x10, 0x00, 0x07, 0x00, 0x07, 0x00, 0x00, 0x00, 0x56, 0x65, 0x63, 0x74,
    0x6F, 0x72, 0x00, 0x00, 0x00, 0x00, 0x00, 0x10, 0x00, 0x07, 0x00, 0x09, 0x00, 0x00, 0x00, 0x56,
    0x65, 0x63, 0x74, 0x6F, 0x72, 0x32, 0x44, 0x00, 0x00, 0x00, 0x00, 0x00, 0x10, 0x00, 0x07, 0x00,
    0x0D, 0x00, 0x00, 0x00, 0x56, 0x69, 0x65, 0x77, 0x4C, 0x6F, 0x63, 0x61, 0x74, 0x69, 0x6F, 0x6E,
    0x00, 0x00, 0x00, 0x00, 0x00, 0x10, 0x00, 0x07, 0x00, 0x0F, 0x00, 0x00, 0x00, 0x56, 0x69, 0x65,
    0x77, 0x70, 0x6F, 0x72, 0x74, 0x43, 0x6C, 0x69, 0x65, 0x6E, 0x74, 0x00, 0x00, 0x00, 0x00, 0x00,
    0x10, 0x00, 0x07, 0x00, 0x0D, 0x00, 0x00, 0x00, 0x56, 0x69, 0x65, 0x77, 0x70, 0x6F, 0x72, 0x74,
    0x53, 0x69, 0x7A, 0x65, 0x00, 0x00, 0x00, 0x00, 0x00, 0x10, 0x00, 0x07, 0x00, 0x0D, 0x00, 0x00,
    0x00, 0x56, 0x69, 0x65, 0x77, 0x52, 0x6F, 0x74, 0x61, 0x74, 0x69, 0x6F, 0x6E, 0x00, 0x00, 0x00,
    0x00, 0x00, 0x10, 0x00, 0x07, 0x00, 0x13, 0x00, 0x00, 0x00, 0x56, 0x69, 0x73, 0x69, 0x62, 0x6C,
    0x65, 0x42, 0x75, 0x74, 0x74, 0x6F, 0x6E, 0x43, 0x6F, 0x75, 0x6E, 0x74, 0x00, 0x00, 0x00, 0x00,
    0x00, 0x10, 0x00, 0x07, 0x00, 0x06, 0x00, 0x00, 0x00, 0x57, 0x69, 0x64, 0x74, 0x68, 0x00, 0x00,
    0x00, 0x00, 0x00, 0x10, 0x00, 0x07, 0x00, 0x0A, 0x00, 0x00, 0x00, 0x57, 0x6F, 0x72, 0x6C, 0x64,
    0x49, 0x6E, 0x66, 0x6F, 0x00, 0x00, 0x00, 0x00, 0x00, 0x10, 0x00, 0x07, 0x00, 0x02, 0x00, 0x00,
    0x00, 0x58, 0x00, 0x00, 0x00, 0x00, 0x00, 0x10, 0x00, 0x07, 0x00, 0x02, 0x00, 0x00, 0x00, 0x59,
    0x00, 0x00, 0x00, 0x00, 0x00, 0x10, 0x00, 0x07, 0x00, 0x02, 0x00, 0x00, 0x00, 0x5A, 0x00, 0x00,
    0x00, 0x00, 0x00, 0x10, 0x00, 0x07, 0x00, 0x47, 0x00, 0x00, 0x00, 0x00, 0x00, 0x00, 0x00, 0x19,
    0x00, 0x00, 0x00, 0x00, 0x00, 0x00, 0x00, 0xDD, 0xFF, 0xFF, 0xFF, 0x9B, 0x00, 0x00, 0x00, 0x00,
    0x00, 0x00, 0x00, 0x47, 0x00, 0x00, 0x00, 0x00, 0x00, 0x00, 0x00, 0x28, 0x00, 0x00, 0x00, 0x00,
    0x00, 0x00, 0x00, 0xE6, 0xFF, 0xFF, 0xFF, 0x23, 0x00, 0x00, 0x00, 0x00, 0x00, 0x00, 0x00, 0x47,
    0x00, 0x00, 0x00, 0x00, 0x00, 0x00, 0x00, 0x28, 0x00, 0x00, 0x00, 0x00, 0x00, 0x00, 0x00, 0xBC,
    0xFF, 0xFF, 0xFF, 0xC7, 0x00, 0x00, 0x00, 0x00, 0x00, 0x00, 0x00, 0x47, 0x00, 0x00, 0x00, 0x00,
    0x00, 0x00, 0x00, 0x28, 0x00, 0x00, 0x00, 0x00, 0x00, 0x00, 0x00, 0xBB, 0xFF, 0xFF, 0xFF, 0xC7,
    0x00, 0x00, 0x00, 0x00, 0x00, 0x00, 0x00, 0x47, 0x00, 0x00, 0x00, 0x00, 0x00, 0x00, 0x00, 0x28,
    0x00, 0x00, 0x00, 0x00, 0x00, 0x00, 0x00, 0xD2, 0xFF, 0xFF, 0xFF, 0x31, 0x00, 0x00, 0x00, 0x00,
    0x00, 0x00, 0x00, 0x47, 0x00, 0x00, 0x00, 0x00, 0x00, 0x00, 0x00, 0x37, 0x00, 0x00, 0x00, 0x00,
    0x00, 0x00, 0x00, 0xA2, 0xFF, 0xFF, 0xFF, 0x00, 0x00, 0x00, 0x00, 0x00, 0x00, 0x00, 0x00, 0x47,
    0x00, 0x00, 0x00, 0x00, 0x00, 0x00, 0x00, 0x37, 0x00, 0x00, 0x00, 0x00, 0x00, 0x00, 0x00, 0xA2,
    0xFF, 0xFF, 0xFF, 0x1D, 0x00, 0x00, 0x00, 0x00, 0x00, 0x00, 0x00, 0x47, 0x00, 0x00, 0x00, 0x00,
    0x00, 0x00, 0x00, 0x37, 0x00, 0x00, 0x00, 0x00, 0x00, 0x00, 0x00, 0xA2, 0xFF, 0xFF, 0xFF, 0x6D,
    0x00, 0x00, 0x00, 0x00, 0x00, 0x00, 0x00, 0x47, 0x00, 0x00, 0x00, 0x00, 0x00, 0x00, 0x00, 0x37,
    0x00, 0x00, 0x00, 0x00, 0x00, 0x00, 0x00, 0xA2, 0xFF, 0xFF, 0xFF, 0xBA, 0x00, 0x00, 0x00, 0x00,
    0x00, 0x00, 0x00, 0x47, 0x00, 0x00, 0x00, 0x00, 0x00, 0x00, 0x00, 0x37, 0x00, 0x00, 0x00, 0x00,
    0x00, 0x00, 0x00, 0xD3, 0xFF, 0xFF, 0xFF, 0xC2, 0x00, 0x00, 0x00, 0x00, 0x00, 0x00, 0x00, 0x47,
    0x00, 0x00, 0x00, 0x00, 0x00, 0x00, 0x00, 0x3B, 0x00, 0x00, 0x00, 0x00, 0x00, 0x00, 0x00, 0xA6,
    0xFF, 0xFF, 0xFF, 0x19, 0x00, 0x00, 0x00, 0x00, 0x00, 0x00, 0x00, 0x47, 0x00, 0x00, 0x00, 0x00,
    0x00, 0x00, 0x00, 0x3B, 0x00, 0x00, 0x00, 0x00, 0x00, 0x00, 0x00, 0xA6, 0xFF, 0xFF, 0xFF, 0x28,
    0x00, 0x00, 0x00, 0x00, 0x00, 0x00, 0x00, 0x47, 0x00, 0x00, 0x00, 0x00, 0x00, 0x00, 0x00, 0x3B,
    0x00, 0x00, 0x00, 0x00, 0x00, 0x00, 0x00, 0xA6, 0xFF, 0xFF, 0xFF, 0x37, 0x00, 0x00, 0x00, 0x00,
    0x00, 0x00, 0x00, 0x47, 0x00, 0x00, 0x00, 0x00, 0x00, 0x00, 0x00, 0x3B, 0x00, 0x00, 0x00, 0x00,
    0x00, 0x00, 0x00, 0xA6, 0xFF, 0xFF, 0xFF, 0x3B, 0x00, 0x00, 0x00, 0x00, 0x00, 0x00, 0x00, 0x47,
    0x00, 0x00, 0x00, 0x00, 0x00, 0x00, 0x00, 0x3B, 0x00, 0x00, 0x00, 0x00, 0x00, 0x00, 0x00, 0xA6,
    0xFF, 0xFF, 0xFF, 0x45, 0x00, 0x00, 0x00, 0x00, 0x00, 0x00, 0x00, 0x47, 0x00, 0x00, 0x00, 0x00,
    0x00, 0x00, 0x00, 0x3B, 0x00, 0x00, 0x00, 0x00, 0x00, 0x00, 0x00, 0xA6, 0xFF, 0xFF, 0xFF, 0x6A,
    0x00, 0x00, 0x00, 0x00, 0x00, 0x00, 0x00, 0x47, 0x00, 0x00, 0x00, 0x00, 0x00, 0x00, 0x00, 0x3B,
    0x00, 0x00, 0x00, 0x00, 0x00, 0x00, 0x00, 0xA6, 0xFF, 0xFF, 0xFF, 0x6C, 0x00, 0x00, 0x00, 0x00,
    0x00, 0x00, 0x00, 0x47, 0x00, 0x00, 0x00, 0x00, 0x00, 0x00, 0x00, 0x3B, 0x00, 0x00, 0x00, 0x00,
    0x00, 0x00, 0x00, 0xA6, 0xFF, 0xFF, 0xFF, 0x8C, 0x00, 0x00, 0x00, 0x00, 0x00, 0x00, 0x00, 0x47,
    0x00, 0x00, 0x00, 0x00, 0x00, 0x00, 0x00, 0x3B, 0x00, 0x00, 0x00, 0x00, 0x00, 0x00, 0x00, 0xA6,
    0xFF, 0xFF, 0xFF, 0x9E, 0x00, 0x00, 0x00, 0x00, 0x00, 0x00, 0x00, 0x47, 0x00, 0x00, 0x00, 0x00,
    0x00, 0x00, 0x00, 0x3B, 0x00, 0x00, 0x00, 0x00, 0x00, 0x00, 0x00, 0xA6, 0xFF, 0xFF, 0xFF, 0xAC,
    0x00, 0x00, 0x00, 0x00, 0x00, 0x00, 0x00, 0x47, 0x00, 0x00, 0x00, 0x00, 0x00, 0x00, 0x00, 0x3B,
    0x00, 0x00, 0x00, 0x00, 0x00, 0x00, 0x00, 0xA6, 0xFF, 0xFF, 0xFF, 0xAD, 0x00, 0x00, 0x00, 0x00,
    0x00, 0x00, 0x00, 0x47, 0x00, 0x00, 0x00, 0x00, 0x00, 0x00, 0x00, 0x3B, 0x00, 0x00, 0x00, 0x00,
    0x00, 0x00, 0x00, 0xA6, 0xFF, 0xFF, 0xFF, 0xCF, 0x00, 0x00, 0x00, 0x00, 0x00, 0x00, 0x00, 0x47,
    0x00, 0x00, 0x00, 0x00, 0x00, 0x00, 0x00, 0x3B, 0x00, 0x00, 0x00, 0x00, 0x00, 0x00, 0x00, 0xA6,
    0xFF, 0xFF, 0xFF, 0xE6, 0x00, 0x00, 0x00, 0x00, 0x00, 0x00, 0x00, 0x47, 0x00, 0x00, 0x00, 0x00,
    0x00, 0x00, 0x00, 0x3B, 0x00, 0x00, 0x00, 0x00, 0x00, 0x00, 0x00, 0xA6, 0xFF, 0xFF, 0xFF, 0xE7,
    0x00, 0x00, 0x00, 0x00, 0x00, 0x00, 0x00, 0x47, 0x00, 0x00, 0x00, 0x00, 0x00, 0x00, 0x00, 0x3B,
    0x00, 0x00, 0x00, 0x00, 0x00, 0x00, 0x00, 0xA6, 0xFF, 0xFF, 0xFF, 0xEA, 0x00, 0x00, 0x00, 0x00,
    0x00, 0x00, 0x00, 0x47, 0x00, 0x00, 0x00, 0x00, 0x00, 0x00, 0x00, 0x3B, 0x00, 0x00, 0x00, 0x00,
    0x00, 0x00, 0x00, 0xA5, 0xFF, 0xFF, 0xFF, 0x06, 0x00, 0x00, 0x00, 0x00, 0x00, 0x00, 0x00, 0x47,
    0x00, 0x00, 0x00, 0x00, 0x00, 0x00, 0x00, 0x3B, 0x00, 0x00, 0x00, 0x00, 0x00, 0x00, 0x00, 0xA5,
    0xFF, 0xFF, 0xFF, 0x38, 0x00, 0x00, 0x00, 0x00, 0x00, 0x00, 0x00, 0x47, 0x00, 0x00, 0x00, 0x00,
    0x00, 0x00, 0x00, 0x3B, 0x00, 0x00, 0x00, 0x00, 0x00, 0x00, 0x00, 0xA5, 0xFF, 0xFF, 0xFF, 0x5F,
    0x00, 0x00, 0x00, 0x00, 0x00, 0x00, 0x00, 0x47, 0x00, 0x00, 0x00, 0x00, 0x00, 0x00, 0x00, 0x3B,
    0x00, 0x00, 0x00, 0x00, 0x00, 0x00, 0x00, 0xA5, 0xFF, 0xFF, 0xFF, 0x60, 0x00, 0x00, 0x00, 0x00,
    0x00, 0x00, 0x00, 0x47, 0x00, 0x00, 0x00, 0x00, 0x00, 0x00, 0x00, 0x3B, 0x00, 0x00, 0x00, 0x00,
    0x00, 0x00, 0x00, 0xA5, 0xFF, 0xFF, 0xFF, 0x6F, 0x00, 0x00, 0x00, 0x00, 0x00, 0x00, 0x00, 0x47,
    0x00, 0x00, 0x00, 0x00, 0x00, 0x00, 0x00, 0x3B, 0x00, 0x00, 0x00, 0x00, 0x00, 0x00, 0x00, 0xA5,
    0xFF, 0xFF, 0xFF, 0x70, 0x00, 0x00, 0x00, 0x00, 0x00, 0x00, 0x00, 0x47, 0x00, 0x00, 0x00, 0x00,
    0x00, 0x00, 0x00, 0x3B, 0x00, 0x00, 0x00, 0x00, 0x00, 0x00, 0x00, 0xA5, 0xFF, 0xFF, 0xFF, 0x84,
    0x00, 0x00, 0x00, 0x00, 0x00, 0x00, 0x00, 0x47, 0x00, 0x00, 0x00, 0x00, 0x00, 0x00, 0x00, 0x3B,
    0x00, 0x00, 0x00, 0x00, 0x00, 0x00, 0x00, 0xA5, 0xFF, 0xFF, 0xFF, 0x88, 0x00, 0x00, 0x00, 0x00,
    0x00, 0x00, 0x00, 0x47, 0x00, 0x00, 0x00, 0x00, 0x00, 0x00, 0x00, 0x3B, 0x00, 0x00, 0x00, 0x00,
    0x00, 0x00, 0x00, 0xA5, 0xFF, 0xFF, 0xFF, 0x98, 0x00, 0x00, 0x00, 0x00, 0x00, 0x00, 0x00, 0x47,
    0x00, 0x00, 0x00, 0x00, 0x00, 0x00, 0x00, 0x3B, 0x00, 0x00, 0x00, 0x00, 0x00, 0x00, 0x00, 0xA5,
    0xFF, 0xFF, 0xFF, 0x9D, 0x00, 0x00, 0x00, 0x00, 0x00, 0x00, 0x00, 0x47, 0x00, 0x00, 0x00, 0x00,
    0x00, 0x00, 0x00, 0x3B, 0x00, 0x00, 0x00, 0x00, 0x00, 0x00, 0x00, 0xA5, 0xFF, 0xFF, 0xFF, 0xA3,
    0x00, 0x00, 0x00, 0x00, 0x00, 0x00, 0x00, 0x47, 0x00, 0x00, 0x00, 0x00, 0x00, 0x00, 0x00, 0x3B,
    0x00, 0x00, 0x00, 0x00, 0x00, 0x00, 0x00, 0xA5, 0xFF, 0xFF, 0xFF, 0xB2, 0x00, 0x00, 0x00, 0x00,
    0x00, 0x00, 0x00, 0x47, 0x00, 0x00, 0x00, 0x00, 0x00, 0x00, 0x00, 0x3B, 0x00, 0x00, 0x00, 0x00,
    0x00, 0x00, 0x00, 0xA5, 0xFF, 0xFF, 0xFF, 0xB4, 0x00, 0x00, 0x00, 0x00, 0x00, 0x00, 0x00, 0x47,
    0x00, 0x00, 0x00, 0x00, 0x00, 0x00, 0x00, 0x3B, 0x00, 0x00, 0x00, 0x00, 0x00, 0x00, 0x00, 0xA5,
    0xFF, 0xFF, 0xFF, 0xB8, 0x00, 0x00, 0x00, 0x00, 0x00, 0x00, 0x00, 0x47, 0x00, 0x00, 0x00, 0x00,
    0x00, 0x00, 0x00, 0x3B, 0x00, 0x00, 0x00, 0x00, 0x00, 0x00, 0x00, 0xA5, 0xFF, 0xFF, 0xFF, 0xDF,
    0x00, 0x00, 0x00, 0x00, 0x00, 0x00, 0x00, 0x47, 0x00, 0x00, 0x00, 0x00, 0x00, 0x00, 0x00, 0x3B,
    0x00, 0x00, 0x00, 0x00, 0x00, 0x00, 0x00, 0xA5, 0xFF, 0xFF, 0xFF, 0xE1, 0x00, 0x00, 0x00, 0x00,
    0x00, 0x00, 0x00, 0x47, 0x00, 0x00, 0x00, 0x00, 0x00, 0x00, 0x00, 0x3B, 0x00, 0x00, 0x00, 0x00,
    0x00, 0x00, 0x00, 0xA5, 0xFF, 0xFF, 0xFF, 0xFF, 0x00, 0x00, 0x00, 0x00, 0x00, 0x00, 0x00, 0x47,
    0x00, 0x00, 0x00, 0x00, 0x00, 0x00, 0x00, 0x3B, 0x00, 0x00, 0x00, 0x00, 0x00, 0x00, 0x00, 0xA4,
    0xFF, 0xFF, 0xFF, 0x7E, 0x00, 0x00, 0x00, 0x00, 0x00, 0x00, 0x00, 0x47, 0x00, 0x00, 0x00, 0x00,
    0x00, 0x00, 0x00, 0x3B, 0x00, 0x00, 0x00, 0x00, 0x00, 0x00, 0x00, 0xA4, 0xFF, 0xFF, 0xFF, 0x7F,
    0x00, 0x00, 0x00, 0x00, 0x00, 0x00, 0x00, 0x47, 0x00, 0x00, 0x00, 0x00, 0x00, 0x00, 0x00, 0x3B,
    0x00, 0x00, 0x00, 0x00, 0x00, 0x00, 0x00, 0xA4, 0xFF, 0xFF, 0xFF, 0x80, 0x00, 0x00, 0x00, 0x00,
    0x00, 0x00, 0x00, 0x47, 0x00, 0x00, 0x00, 0x00, 0x00, 0x00, 0x00, 0x3B, 0x00, 0x00, 0x00, 0x00,
    0x00, 0x00, 0x00, 0xA4, 0xFF, 0xFF, 0xFF, 0x81, 0x00, 0x00, 0x00, 0x00, 0x00, 0x00, 0x00, 0x47,
    0x00, 0x00, 0x00, 0x00, 0x00, 0x00, 0x00, 0x3C, 0x00, 0x00, 0x00, 0x00, 0x00, 0x00, 0x00, 0xE2,
    0xFF, 0xFF, 0xFF, 0x85, 0x00, 0x00, 0x00, 0x00, 0x00, 0x00, 0x00, 0x47, 0x00, 0x00, 0x00, 0x00,
    0x00, 0x00, 0x00, 0x40, 0x00, 0x00, 0x00, 0x00, 0x00, 0x00, 0x00, 0xE3, 0xFF, 0xFF, 0xFF, 0xE1,
    0x00, 0x00, 0x00, 0x00, 0x00, 0x00, 0x00, 0x61, 0x00, 0x00, 0x00, 0x00, 0x00, 0x00, 0x00, 0x5F,
    0x00, 0x00, 0x00, 0x00, 0x00, 0x00, 0x00, 0xB5, 0xFF, 0xFF, 0xFF, 0xA4, 0x00, 0x00, 0x00, 0x00,
    0x00, 0x00, 0x00, 0x47, 0x00, 0x00, 0x00, 0x00, 0x00, 0x00, 0x00, 0x6A, 0x00, 0x00, 0x00, 0x00,
    0x00, 0x00, 0x00, 0xA0, 0xFF, 0xFF, 0xFF, 0x00, 0x01, 0x00, 0x00, 0x00, 0x00, 0x00, 0x00, 0x47,
    0x00, 0x00, 0x00, 0x00, 0x00, 0x00, 0x00, 0x6A, 0x00, 0x00, 0x00, 0x00, 0x00, 0x00, 0x00, 0xA0,
    0xFF, 0xFF, 0xFF, 0x01, 0x01, 0x00, 0x00, 0x00, 0x00, 0x00, 0x00, 0x47, 0x00, 0x00, 0x00, 0x00,
    0x00, 0x00, 0x00, 0x6A, 0x00, 0x00, 0x00, 0x00, 0x00, 0x00, 0x00, 0xA0, 0xFF, 0xFF, 0xFF, 0x02,
    0x01, 0x00, 0x00, 0x00, 0x00, 0x00, 0x00, 0x47, 0x00, 0x00, 0x00, 0x00, 0x00, 0x00, 0x00, 0x6A,
    0x00, 0x00, 0x00, 0x00, 0x00, 0x00, 0x00, 0x9F, 0xFF, 0xFF, 0xFF, 0x00, 0x01, 0x00, 0x00, 0x00,
    0x00, 0x00, 0x00, 0x47, 0x00, 0x00, 0x00, 0x00, 0x00, 0x00, 0x00, 0x6A, 0x00, 0x00, 0x00, 0x00,
    0x00, 0x00, 0x00, 0x9F, 0xFF, 0xFF, 0xFF, 0x01, 0x01, 0x00, 0x00, 0x00, 0x00, 0x00, 0x00, 0x47,
    0x00, 0x00, 0x00, 0x00, 0x00, 0x00, 0x00, 0x6A, 0x00, 0x00, 0x00, 0x00, 0x00, 0x00, 0x00, 0xD6,
    0xFF, 0xFF, 0xFF, 0xEE, 0x00, 0x00, 0x00, 0x00, 0x00, 0x00, 0x00, 0x47, 0x00, 0x00, 0x00, 0x00,
    0x00, 0x00, 0x00, 0x6C, 0x00, 0x00, 0x00, 0x00, 0x00, 0x00, 0x00, 0xEC, 0xFF, 0xFF, 0xFF, 0xE3,
    0x00, 0x00, 0x00, 0x00, 0x00, 0x00, 0x00, 0x47, 0x00, 0x00, 0x00, 0x00, 0x00, 0x00, 0x00, 0x6C,
    0x00, 0x00, 0x00, 0x00, 0x00, 0x00, 0x00, 0xE6, 0xFF, 0xFF, 0xFF, 0xB7, 0x00, 0x00, 0x00, 0x00,
    0x00, 0x00, 0x00, 0x47, 0x00, 0x00, 0x00, 0x00, 0x00, 0x00, 0x00, 0x6C, 0x00, 0x00, 0x00, 0x00,
    0x00, 0x00, 0x00, 0xE6, 0xFF, 0xFF, 0xFF, 0xD4, 0x00, 0x00, 0x00, 0x00, 0x00, 0x00, 0x00, 0x47,
    0x00, 0x00, 0x00, 0x00, 0x00, 0x00, 0x00, 0x6C, 0x00, 0x00, 0x00, 0x00, 0x00, 0x00, 0x00, 0xE6,
    0xFF, 0xFF, 0xFF, 0xD5, 0x00, 0x00, 0x00, 0x00, 0x00, 0x00, 0x00, 0x47, 0x00, 0x00, 0x00, 0x00,
    0x00, 0x00, 0x00, 0x6C, 0x00, 0x00, 0x00, 0x00, 0x00, 0x00, 0x00, 0xE6, 0xFF, 0xFF, 0xFF, 0xDC,
    0x00, 0x00, 0x00, 0x00, 0x00, 0x00, 0x00, 0x47, 0x00, 0x00, 0x00, 0x00, 0x00, 0x00, 0x00, 0x6C,
    0x00, 0x00, 0x00, 0x00, 0x00, 0x00, 0x00, 0xE5, 0xFF, 0xFF, 0xFF, 0x59, 0x00, 0x00, 0x00, 0x00,
    0x00, 0x00, 0x00, 0x47, 0x00, 0x00, 0x00, 0x00, 0x00, 0x00, 0x00, 0x6C, 0x00, 0x00, 0x00, 0x00,
    0x00, 0x00, 0x00, 0xE5, 0xFF, 0xFF, 0xFF, 0x5E, 0x00, 0x00, 0x00, 0x00, 0x00, 0x00, 0x00, 0x47,
    0x00, 0x00, 0x00, 0x00, 0x00, 0x00, 0x00, 0x6C, 0x00, 0x00, 0x00, 0x00, 0x00, 0x00, 0x00, 0xE5,
    0xFF, 0xFF, 0xFF, 0xB9, 0x00, 0x00, 0x00, 0x00, 0x00, 0x00, 0x00, 0x47, 0x00, 0x00, 0x00, 0x00,
    0x00, 0x00, 0x00, 0x6C, 0x00, 0x00, 0x00, 0x00, 0x00, 0x00, 0x00, 0xE5, 0xFF, 0xFF, 0xFF, 0xD3,
    0x00, 0x00, 0x00, 0x00, 0x00, 0x00, 0x00, 0x47, 0x00, 0x00, 0x00, 0x00, 0x00, 0x00, 0x00, 0x6C,
    0x00, 0x00, 0x00, 0x00, 0x00, 0x00, 0x00, 0xE5, 0xFF, 0xFF, 0xFF, 0xD7, 0x00, 0x00, 0x00, 0x00,
    0x00, 0x00, 0x00, 0x47, 0x00, 0x00, 0x00, 0x00, 0x00, 0x00, 0x00, 0x6C, 0x00, 0x00, 0x00, 0x00,
    0x00, 0x00, 0x00, 0xE5, 0xFF, 0xFF, 0xFF, 0xE5, 0x00, 0x00, 0x00, 0x00, 0x00, 0x00, 0x00, 0x47,
    0x00, 0x00, 0x00, 0x00, 0x00, 0x00, 0x00, 0x6C, 0x00, 0x00, 0x00, 0x00, 0x00, 0x00, 0x00, 0xE1,
    0xFF, 0xFF, 0xFF, 0x75, 0x00, 0x00, 0x00, 0x00, 0x00, 0x00, 0x00, 0x47, 0x00, 0x00, 0x00, 0x00,
    0x00, 0x00, 0x00, 0x6C, 0x00, 0x00, 0x00, 0x00, 0x00, 0x00, 0x00, 0xE1, 0xFF, 0xFF, 0xFF, 0x8D,
    0x00, 0x00, 0x00, 0x00, 0x00, 0x00, 0x00, 0x47, 0x00, 0x00, 0x00, 0x00, 0x00, 0x00, 0x00, 0x6C,
    0x00, 0x00, 0x00, 0x00, 0x00, 0x00, 0x00, 0xD7, 0xFF, 0xFF, 0xFF, 0xDB, 0x00, 0x00, 0x00, 0x00,
    0x00, 0x00, 0x00, 0x47, 0x00, 0x00, 0x00, 0x00, 0x00, 0x00, 0x00, 0x6C, 0x00, 0x00, 0x00, 0x00,
    0x00, 0x00, 0x00, 0xD4, 0xFF, 0xFF, 0xFF, 0x5B, 0x00, 0x00, 0x00, 0x00, 0x00, 0x00, 0x00, 0x47,
    0x00, 0x00, 0x00, 0x00, 0x00, 0x00, 0x00, 0x6C, 0x00, 0x00, 0x00, 0x00, 0x00, 0x00, 0x00, 0xD3,
    0xFF, 0xFF, 0xFF, 0x04, 0x00, 0x00, 0x00, 0x00, 0x00, 0x00, 0x00, 0x47, 0x00, 0x00, 0x00, 0x00,
    0x00, 0x00, 0x00, 0x6C, 0x00, 0x00, 0x00, 0x00, 0x00, 0x00, 0x00, 0xD3, 0xFF, 0xFF, 0xFF, 0xB7,
    0x00, 0x00, 0x00, 0x00, 0x00, 0x00, 0x00, 0x47, 0x00, 0x00, 0x00, 0x00, 0x00, 0x00, 0x00, 0x6C,
    0x00, 0x00, 0x00, 0x00, 0x00, 0x00, 0x00, 0xD2, 0xFF, 0xFF, 0xFF, 0x44, 0x00, 0x00, 0x00, 0x00,
    0x00, 0x00, 0x00, 0x7D, 0x00, 0x00, 0x00, 0x00, 0x00, 0x00, 0x00, 0x7F, 0x00, 0x00, 0x00, 0x00,
    0x00, 0x00, 0x00, 0xA4, 0xFF, 0xFF, 0xFF, 0x4F, 0x00, 0x00, 0x00, 0x00, 0x00, 0x00, 0x00, 0x7D,
    0x00, 0x00, 0x00, 0x00, 0x00, 0x00, 0x00, 0x80, 0x00, 0x00, 0x00, 0x00, 0x00, 0x00, 0x00, 0xA4,
    0xFF, 0xFF, 0xFF, 0x50, 0x00, 0x00, 0x00, 0x00, 0x00, 0x00, 0x00, 0x61, 0x00, 0x00, 0x00, 0x00,
    0x00, 0x00, 0x00, 0x88, 0x00, 0x00, 0x00, 0x00, 0x00, 0x00, 0x00, 0xA5, 0xFF, 0xFF, 0xFF, 0x51,
    0x00, 0x00, 0x00, 0x00, 0x00, 0x00, 0x00, 0x61, 0x00, 0x00, 0x00, 0x00, 0x00, 0x00, 0x00, 0xA3,
    0x00, 0x00, 0x00, 0x00, 0x00, 0x00, 0x00, 0xA5, 0xFF, 0xFF, 0xFF, 0x52, 0x00, 0x00, 0x00, 0x00,
    0x00, 0x00, 0x00, 0x47, 0x00, 0x00, 0x00, 0x00, 0x00, 0x00, 0x00, 0xAC, 0x00, 0x00, 0x00, 0x00,
    0x00, 0x00, 0x00, 0xA6, 0xFF, 0xFF, 0xFF, 0x53, 0x00, 0x00, 0x00, 0x00, 0x00, 0x00, 0x00, 0x47,
    0x00, 0x00, 0x00, 0x00, 0x00, 0x00, 0x00, 0xAD, 0x00, 0x00, 0x00, 0x00, 0x00, 0x00, 0x00, 0xE6,
    0xFF, 0xFF, 0xFF, 0xFF, 0x00, 0x00, 0x00, 0x00, 0x00, 0x00, 0x00, 0x47, 0x00, 0x00, 0x00, 0x00,
    0x00, 0x00, 0x00, 0xAD, 0x00, 0x00, 0x00, 0x00, 0x00, 0x00, 0x00, 0xE5, 0xFF, 0xFF, 0xFF, 0x6B,
    0x00, 0x00, 0x00, 0x00, 0x00, 0x00, 0x00, 0x47, 0x00, 0x00, 0x00, 0x00, 0x00, 0x00, 0x00, 0xAD,
    0x00, 0x00, 0x00, 0x00, 0x00, 0x00, 0x00, 0xE0, 0xFF, 0xFF, 0xFF, 0x38, 0x00, 0x00, 0x00, 0x00,
    0x00, 0x00, 0x00, 0x47, 0x00, 0x00, 0x00, 0x00, 0x00, 0x00, 0x00, 0xAD, 0x00, 0x00, 0x00, 0x00,
    0x00, 0x00, 0x00, 0xE0, 0xFF, 0xFF, 0xFF, 0xB5, 0x00, 0x00, 0x00, 0x00, 0x00, 0x00, 0x00, 0x47,
    0x00, 0x00, 0x00, 0x00, 0x00, 0x00, 0x00, 0xAD, 0x00, 0x00, 0x00, 0x00, 0x00, 0x00, 0x00, 0xDE,
    0xFF, 0xFF, 0xFF, 0xFA, 0x00, 0x00, 0x00, 0x00, 0x00, 0x00, 0x00, 0x47, 0x00, 0x00, 0x00, 0x00,
    0x00, 0x00, 0x00, 0xAD, 0x00, 0x00, 0x00, 0x00, 0x00, 0x00, 0x00, 0xDB, 0xFF, 0xFF, 0xFF, 0x46,
    0x00, 0x00, 0x00, 0x00, 0x00, 0x00, 0x00, 0x47, 0x00, 0x00, 0x00, 0x00, 0x00, 0x00, 0x00, 0xAD,
    0x00, 0x00, 0x00, 0x00, 0x00, 0x00, 0x00, 0xDA, 0xFF, 0xFF, 0xFF, 0xB3, 0x00, 0x00, 0x00, 0x00,
    0x00, 0x00, 0x00, 0x47, 0x00, 0x00, 0x00, 0x00, 0x00, 0x00, 0x00, 0xAD, 0x00, 0x00, 0x00, 0x00,
    0x00, 0x00, 0x00, 0xD7, 0xFF, 0xFF, 0xFF, 0xE0, 0x00, 0x00, 0x00, 0x00, 0x00, 0x00, 0x00, 0x47,
    0x00, 0x00, 0x00, 0x00, 0x00, 0x00, 0x00, 0xAD, 0x00, 0x00, 0x00, 0x00, 0x00, 0x00, 0x00, 0xD6,
    0xFF, 0xFF, 0xFF, 0x6E, 0x00, 0x00, 0x00, 0x00, 0x00, 0x00, 0x00, 0x47, 0x00, 0x00, 0x00, 0x00,
    0x00, 0x00, 0x00, 0xAD, 0x00, 0x00, 0x00, 0x00, 0x00, 0x00, 0x00, 0xD5, 0xFF, 0xFF, 0xFF, 0xB6,
    0x00, 0x00, 0x00, 0x00, 0x00, 0x00, 0x00, 0x47, 0x00, 0x00, 0x00, 0x00, 0x00, 0x00, 0x00, 0xAD,
    0x00, 0x00, 0x00, 0x00, 0x00, 0x00, 0x00, 0xD3, 0xFF, 0xFF, 0xFF, 0x36, 0x00, 0x00, 0x00, 0x00,
    0x00, 0x00, 0x00, 0x47, 0x00, 0x00, 0x00, 0x00, 0x00, 0x00, 0x00, 0xB0, 0x00, 0x00, 0x00, 0x00,
    0x00, 0x00, 0x00, 0x00, 0x00, 0x00, 0x00, 0x47, 0x00, 0x00, 0x00, 0x00, 0x00, 0x00, 0x00, 0x47,
    0x00, 0x00, 0x00, 0x00, 0x00, 0x00, 0x00, 0xB0, 0x00, 0x00, 0x00, 0x00, 0x00, 0x00, 0x00, 0x00,
    0x00, 0x00, 0x00, 0x61, 0x00, 0x00, 0x00, 0x00, 0x00, 0x00, 0x00, 0x47, 0x00, 0x00, 0x00, 0x00,
    0x00, 0x00, 0x00, 0xB0, 0x00, 0x00, 0x00, 0x00, 0x00, 0x00, 0x00, 0x00, 0x00, 0x00, 0x00, 0x7D,
    0x00, 0x00, 0x00, 0x00, 0x00, 0x00, 0x00, 0x47, 0x00, 0x00, 0x00, 0x00, 0x00, 0x00, 0x00, 0xCF,
    0x00, 0x00, 0x00, 0x00, 0x00, 0x00, 0x00, 0xEC, 0xFF, 0xFF, 0xFF, 0x2F, 0x00, 0x00, 0x00, 0x00,
    0x00, 0x00, 0x00, 0x47, 0x00, 0x00, 0x00, 0x00, 0x00, 0x00, 0x00, 0xCF, 0x00, 0x00, 0x00, 0x00,
    0x00, 0x00, 0x00, 0xEC, 0xFF, 0xFF, 0xFF, 0x3F, 0x00, 0x00, 0x00, 0x00, 0x00, 0x00, 0x00, 0x47,
    0x00, 0x00, 0x00, 0x00, 0x00, 0x00, 0x00, 0xCF, 0x00, 0x00, 0x00, 0x00, 0x00, 0x00, 0x00, 0xEC,
    0xFF, 0xFF, 0xFF, 0xCB, 0x00, 0x00, 0x00, 0x00, 0x00, 0x00, 0x00, 0x47, 0x00, 0x00, 0x00, 0x00,
    0x00, 0x00, 0x00, 0xCF, 0x00, 0x00, 0x00, 0x00, 0x00, 0x00, 0x00, 0xEC, 0xFF, 0xFF, 0xFF, 0xF7,
    0x00, 0x00, 0x00, 0x00, 0x00, 0x00, 0x00, 0x47, 0x00, 0x00, 0x00, 0x00, 0x00, 0x00, 0x00, 0xCF,
    0x00, 0x00, 0x00, 0x00, 0x00, 0x00, 0x00, 0xEC, 0xFF, 0xFF, 0xFF, 0xF8, 0x00, 0x00, 0x00, 0x00,
    0x00, 0x00, 0x00, 0x61, 0x00, 0x00, 0x00, 0x00, 0x00, 0x00, 0x00, 0xDF, 0x00, 0x00, 0x00, 0x00,
    0x00, 0x00, 0x00, 0xB4, 0xFF, 0xFF, 0xFF, 0xDE, 0x00, 0x00, 0x00, 0x00, 0x00, 0x00, 0x00, 0x61,
    0x00, 0x00, 0x00, 0x00, 0x00, 0x00, 0x00, 0xDF, 0x00, 0x00, 0x00, 0x00, 0x00, 0x00, 0x00, 0xB3,
    0xFF, 0xFF, 0xFF, 0xDE, 0x00, 0x00, 0x00, 0x00, 0x00, 0x00, 0x00, 0x61, 0x00, 0x00, 0x00, 0x00,
    0x00, 0x00, 0x00, 0xE1, 0x00, 0x00, 0x00, 0x00, 0x00, 0x00, 0x00, 0xB5, 0xFF, 0xFF, 0xFF, 0xE2,
    0x00, 0x00, 0x00, 0x00, 0x00, 0x00, 0x00, 0x47, 0x00, 0x00, 0x00, 0x00, 0x00, 0x00, 0x00, 0xE6,
    0x00, 0x00, 0x00, 0x00, 0x00, 0x00, 0x00, 0xB7, 0xFF, 0xFF, 0xFF, 0xC7, 0x00, 0x00, 0x00, 0x00,
    0x00, 0x00, 0x00, 0x47, 0x00, 0x00, 0x00, 0x00, 0x00, 0x00, 0x00, 0xE7, 0x00, 0x00, 0x00, 0x00,
    0x00, 0x00, 0x00, 0xA3, 0xFF, 0xFF, 0xFF, 0xAF, 0x00, 0x00, 0x00, 0x00, 0x00, 0x00, 0x00, 0x47,
    0x00, 0x00, 0x00, 0x00, 0x00, 0x00, 0x00, 0xE7, 0x00, 0x00, 0x00, 0x00, 0x00, 0x00, 0x00, 0xE6,
    0xFF, 0xFF, 0xFF, 0x5D, 0x00, 0x00, 0x00, 0x00, 0x00, 0x00, 0x00, 0x47, 0x00, 0x00, 0x00, 0x00,
    0x00, 0x00, 0x00, 0xE7, 0x00, 0x00, 0x00, 0x00, 0x00, 0x00, 0x00, 0xE6, 0xFF, 0xFF, 0xFF, 0x99,
    0x00, 0x00, 0x00, 0x00, 0x00, 0x00, 0x00, 0x47, 0x00, 0x00, 0x00, 0x00, 0x00, 0x00, 0x00, 0xE7,
    0x00, 0x00, 0x00, 0x00, 0x00, 0x00, 0x00, 0xE6, 0xFF, 0xFF, 0xFF, 0xCA, 0x00, 0x00, 0x00, 0x00,
    0x00, 0x00, 0x00, 0x47, 0x00, 0x00, 0x00, 0x00, 0x00, 0x00, 0x00, 0xE7, 0x00, 0x00, 0x00, 0x00,
    0x00, 0x00, 0x00, 0xC1, 0xFF, 0xFF, 0xFF, 0xC7, 0x00, 0x00, 0x00, 0x00, 0x00, 0x00, 0x00, 0x47,
    0x00, 0x00, 0x00, 0x00, 0x00, 0x00, 0x00, 0xE7, 0x00, 0x00, 0x00, 0x00, 0x00, 0x00, 0x00, 0xD9,
    0xFF, 0xFF, 0xFF, 0x2E, 0x00, 0x00, 0x00, 0x00, 0x00, 0x00, 0x00, 0xF1, 0xFF, 0xFF, 0xFF, 0x00,
    0x00, 0x00, 0x00, 0x1F, 0x00, 0x00, 0x00, 0x03, 0x00, 0x00, 0x00, 0x00, 0x00, 0x00, 0x00, 0x00,
    0x00, 0x00, 0x00, 0x00, 0x00, 0x00, 0x00, 0x04, 0x00, 0x07, 0x00, 0x16, 0x00, 0x00, 0x00, 0x0F,
    0x6D, 0x00, 0x00, 0x00, 0x00, 0x00, 0x00, 0x00, 0x00, 0x00, 0x00, 0x00, 0x00, 0x00, 0x00, 0x00,
    0x00, 0x00, 0x00, 0x00, 0x00, 0x00, 0x00, 0x00, 0x00, 0x00, 0x00, 0x00, 0x00, 0x00, 0x00, 0xF1,
    0xFF, 0xFF, 0xFF, 0x00, 0x00, 0x00, 0x00, 0x1F, 0x00, 0x00, 0x00, 0x01, 0x00, 0x00, 0x00, 0x00,
    0x00, 0x00, 0x00, 0x00, 0x00, 0x00, 0x00, 0x00, 0x00, 0x00, 0x00, 0x04, 0x00, 0x07, 0x00, 0x16,
    0x00, 0x00, 0x00, 0x25, 0x6D, 0x00, 0x00, 0x00, 0x00, 0x00, 0x00, 0x00, 0x00, 0x00, 0x00, 0x00,
    0x00, 0x00, 0x00, 0x00, 0x00, 0x00, 0x00, 0x00, 0x00, 0x00, 0x00, 0x00, 0x00, 0x00, 0x00, 0x00,
    0x00, 0x00, 0x00, 0xF1, 0xFF, 0xFF, 0xFF, 0x00, 0x00, 0x00, 0x00, 0x1F, 0x00, 0x00, 0x00, 0x02,
    0x00, 0x00, 0x00, 0x00, 0x00, 0x00, 0x00, 0x00, 0x00, 0x00, 0x00, 0x00, 0x00, 0x00, 0x00, 0x04,
    0x00, 0x07, 0x00, 0x16, 0x00, 0x00, 0x00, 0x3B, 0x6D, 0x00, 0x00, 0x00, 0x00, 0x00, 0x00, 0x00,
    0x00, 0x00, 0x00, 0x00, 0x00, 0x00, 0x00, 0x00, 0x00, 0x00, 0x00, 0x00, 0x00, 0x00, 0x00, 0x00,
    0x00, 0x00, 0x00, 0x00, 0x00, 0x00, 0x00, 0xF0, 0xFF, 0xFF, 0xFF, 0x00, 0x00, 0x00, 0x00, 0x1F,
    0x00, 0x00, 0x00, 0x90, 0x00, 0x00, 0x00, 0x00, 0x00, 0x00, 0x00, 0x00, 0x00, 0x00, 0x00, 0x00,
    0x00, 0x00, 0x00, 0x04, 0x00, 0x07, 0x00, 0x28, 0x00, 0x00, 0x00, 0x51, 0x6D, 0x00, 0x00, 0x00,
    0x00, 0x00, 0x00, 0x00, 0x00, 0x00, 0x00, 0x00, 0x00, 0x00, 0x00, 0x00, 0x00, 0x00, 0x00, 0x00,
    0x00, 0x00, 0x00, 0x00, 0x00, 0x00, 0x00, 0x00, 0x00, 0x00, 0x00, 0xF4, 0xFF, 0xFF, 0xFF, 0x00,
    0x00, 0x00, 0x00, 0x1F, 0x00, 0x00, 0x00, 0x1E, 0x00, 0x00, 0x00, 0x00, 0x00, 0x00, 0x00, 0x00,
    0x00, 0x00, 0x00, 0x00, 0x00, 0x00, 0x00, 0x04, 0x00, 0x07, 0x00, 0x28, 0x00, 0x00, 0x00, 0x79,
    0x6D, 0x00, 0x00, 0x00, 0x00, 0x00, 0x00, 0x00, 0x00, 0x00, 0x00, 0x00, 0x00, 0x00, 0x00, 0x00,
    0x00, 0x00, 0x00, 0x00, 0x00, 0x00, 0x00, 0x00, 0x00, 0x00, 0x00, 0x00, 0x00, 0x00, 0x00, 0xF4,
    0xFF, 0xFF, 0xFF, 0x00, 0x00, 0x00, 0x00, 0x1F, 0x00, 0x00, 0x00, 0x32, 0x00, 0x00, 0x00, 0x00,
    0x00, 0x00, 0x00, 0x00, 0x00, 0x00, 0x00, 0x00, 0x00, 0x00, 0x00, 0x04, 0x00, 0x07, 0x00, 0x28,
    0x00, 0x00, 0x00, 0xA1, 0x6D, 0x00, 0x00, 0x00, 0x00, 0x00, 0x00, 0x00, 0x00, 0x00, 0x00, 0x00,
    0x00, 0x00, 0x00, 0x00, 0x00, 0x00, 0x00, 0x00, 0x00, 0x00, 0x00, 0x00, 0x00, 0x00, 0x00, 0x00,
    0x00, 0x00, 0x00, 0xF0, 0xFF, 0xFF, 0xFF, 0x00, 0x00, 0x00, 0x00, 0x1F, 0x00, 0x00, 0x00, 0x8E,
    0x00, 0x00, 0x00, 0x00, 0x00, 0x00, 0x00, 0x00, 0x00, 0x00, 0x00, 0x00, 0x00, 0x00, 0x00, 0x04,
    0x00, 0x07, 0x00, 0x28, 0x00, 0x00, 0x00, 0xC9, 0x6D, 0x00, 0x00, 0x00, 0x00, 0x00, 0x00, 0x00,
    0x00, 0x00, 0x00, 0x00, 0x00, 0x00, 0x00, 0x00, 0x00, 0x00, 0x00, 0x00, 0x00, 0x00, 0x00, 0x00,
    0x00, 0x00, 0x00, 0x00, 0x00, 0x00, 0x00, 0xEE, 0xFF, 0xFF, 0xFF, 0x00, 0x00, 0x00, 0x00, 0x1F,
    0x00, 0x00, 0x00, 0xC1, 0x00, 0x00, 0x00, 0x00, 0x00, 0x00, 0x00, 0x00, 0x00, 0x00, 0x00, 0x00,
    0x00, 0x00, 0x00, 0x04, 0x00, 0x07, 0x00, 0x28, 0x00, 0x00, 0x00, 0xF1, 0x6D, 0x00, 0x00, 0x00,
    0x00, 0x00, 0x00, 0x00, 0x00, 0x00, 0x00, 0x00, 0x00, 0x00, 0x00, 0x00, 0x00, 0x00, 0x00, 0x00,
    0x00, 0x00, 0x00, 0x00, 0x00, 0x00, 0x00, 0x00, 0x00, 0x00, 0x00, 0xEE, 0xFF, 0xFF, 0xFF, 0x00,
    0x00, 0x00, 0x00, 0x1F, 0x00, 0x00, 0x00, 0xC6, 0x00, 0x00, 0x00, 0x00, 0x00, 0x00, 0x00, 0x00,
    0x00, 0x00, 0x00, 0x00, 0x00, 0x00, 0x00, 0x04, 0x00, 0x07, 0x00, 0x28, 0x00, 0x00, 0x00, 0x19,
    0x6E, 0x00, 0x00, 0x00, 0x00, 0x00, 0x00, 0x00, 0x00, 0x00, 0x00, 0x00, 0x00, 0x00, 0x00, 0x00,
    0x00, 0x00, 0x00, 0x00, 0x00, 0x00, 0x00, 0x00, 0x00, 0x00, 0x00, 0x00, 0x00, 0x00, 0x00, 0xE9,
    0xFF, 0xFF, 0xFF, 0x00, 0x00, 0x00, 0x00, 0x1F, 0x00, 0x00, 0x00, 0x8F, 0x00, 0x00, 0x00, 0x00,
    0x00, 0x00, 0x00, 0x00, 0x00, 0x00, 0x00, 0x00, 0x00, 0x00, 0x00, 0x04, 0x00, 0x07, 0x00, 0x28,
    0x00, 0x00, 0x00, 0x41, 0x6E, 0x00, 0x00, 0x00, 0x00, 0x00, 0x00, 0x00, 0x00, 0x00, 0x00, 0x00,
    0x00, 0x00, 0x00, 0x00, 0x00, 0x00, 0x00, 0x00, 0x00, 0x00, 0x00, 0x00, 0x00, 0x00, 0x00, 0x00,
    0x00, 0x00, 0x00, 0xF3, 0xFF, 0xFF, 0xFF, 0x00, 0x00, 0x00, 0x00, 0x1F, 0x00, 0x00, 0x00, 0x76,
    0x00, 0x00, 0x00, 0x00, 0x00, 0x00, 0x00, 0x00, 0x00, 0x00, 0x00, 0x00, 0x00, 0x00, 0x00, 0x04,
    0x00, 0x07, 0x00, 0x2C, 0x00, 0x00, 0x00, 0x69, 0x6E, 0x00, 0x00, 0x00, 0x00, 0x00, 0x00, 0x00,
    0x00, 0x00, 0x00, 0x00, 0x00, 0x00, 0x00, 0x00, 0x00, 0x00, 0x00, 0x00, 0x00, 0x00, 0x00, 0x00,
    0x00, 0x00, 0x00, 0x00, 0x00, 0x00, 0x00, 0xEB, 0xFF, 0xFF, 0xFF, 0x00, 0x00, 0x00, 0x00, 0x1F,
    0x00, 0x00, 0x00, 0x78, 0x00, 0x00, 0x00, 0x00, 0x00, 0x00, 0x00, 0x00, 0x00, 0x00, 0x00, 0x00,
    0x00, 0x00, 0x00, 0x04, 0x00, 0x07, 0x00, 0x2C, 0x00, 0x00, 0x00, 0x95, 0x6E, 0x00, 0x00, 0x00,
    0x00, 0x00, 0x00, 0x00, 0x00, 0x00, 0x00, 0x00, 0x00, 0x00, 0x00, 0x00, 0x00, 0x00, 0x00, 0x00,
    0x00, 0x00, 0x00, 0x00, 0x00, 0x00, 0x00, 0x00, 0x00, 0x00, 0x00, 0xEF, 0xFF, 0xFF, 0xFF, 0xB8,
    0xFF, 0xFF, 0xFF, 0x1F, 0x00, 0x00, 0x00, 0xB7, 0x00, 0x00, 0x00, 0x00, 0x00, 0x00, 0x00, 0x00,
    0x00, 0x00, 0x00, 0x00, 0x00, 0x00, 0x00, 0x04, 0x00, 0x07, 0x00, 0x48, 0x00, 0x00, 0x00, 0xC1,
    0x6E, 0x00, 0x00, 0x00, 0x00, 0x00, 0x00, 0x00, 0x00, 0x00, 0x00, 0x00, 0x00, 0x00, 0x00, 0x00,
    0x00, 0x00, 0x00, 0x00, 0x00, 0x00, 0x00, 0x00, 0x00, 0x00, 0x00, 0x00, 0x00, 0x00, 0x00, 0xEE,
    0xFF, 0xFF, 0xFF, 0x00, 0x00, 0x00, 0x00, 0x11, 0x00, 0x00, 0x00, 0xA8, 0x00, 0x00, 0x00, 0x00,
    0x00, 0x00, 0x00, 0x00, 0x00, 0x00, 0x00, 0x00, 0x00, 0x00, 0x00, 0x04, 0x00, 0x07, 0x00, 0x28,
    0x00, 0x00, 0x00, 0x09, 0x6F, 0x00, 0x00, 0x00, 0x00, 0x00, 0x00, 0x00, 0x00, 0x00, 0x00, 0x00,
    0x00, 0x00, 0x00, 0x00, 0x00, 0x00, 0x00, 0x00, 0x00, 0x00, 0x00, 0x00, 0x00, 0x00, 0x00, 0x00,
    0x00, 0x00, 0x00, 0xEE, 0xFF, 0xFF, 0xFF, 0x00, 0x00, 0x00, 0x00, 0x11, 0x00, 0x00, 0x00, 0xA9,
    0x00, 0x00, 0x00, 0x00, 0x00, 0x00, 0x00, 0x00, 0x00, 0x00, 0x00, 0x00, 0x00, 0x00, 0x00, 0x04,
    0x00, 0x07, 0x00, 0x28, 0x00, 0x00, 0x00, 0x31, 0x6F, 0x00, 0x00, 0x00, 0x00, 0x00, 0x00, 0x00,
    0x00, 0x00, 0x00, 0x00, 0x00, 0x00, 0x00, 0x00, 0x00, 0x00, 0x00, 0x00, 0x00, 0x00, 0x00, 0x00,
    0x00, 0x00, 0x00, 0x00, 0x00, 0x00, 0x00, 0xEB, 0xFF, 0xFF, 0xFF, 0x00, 0x00, 0x00, 0x00, 0x11,
    0x00, 0x00, 0x00, 0xA7, 0x00, 0x00, 0x00, 0x00, 0x00, 0x00, 0x00, 0x00, 0x00, 0x00, 0x00, 0x00,
    0x00, 0x00, 0x00, 0x04, 0x00, 0x07, 0x00, 0x2C, 0x00, 0x00, 0x00, 0x59, 0x6F, 0x00, 0x00, 0x00,
    0x00, 0x00, 0x00, 0x00, 0x00, 0x00, 0x00, 0x00, 0x00, 0x00, 0x00, 0x00, 0x00, 0x00, 0x00, 0x00,
    0x00, 0x00, 0x00, 0x00, 0x00, 0x00, 0x00, 0x00, 0x00, 0x00, 0x00, 0xEF, 0xFF, 0xFF, 0xFF, 0x00,
    0x00, 0x00, 0x00, 0x1F, 0x00, 0x00, 0x00, 0x43, 0x00, 0x00, 0x00, 0x00, 0x00, 0x00, 0x00, 0x00,
    0x00, 0x00, 0x00, 0x00, 0x00, 0x00, 0x00, 0x04, 0x00, 0x07, 0x00, 0x74, 0x00, 0x00, 0x00, 0x85,
    0x6F, 0x00, 0x00, 0x00, 0x00, 0x00, 0x00, 0x00, 0x00, 0x00, 0x00, 0x00, 0x00, 0x00, 0x00, 0x00,
    0x00, 0x00, 0x00, 0x00, 0x00, 0x00, 0x00, 0x00, 0x00, 0x00, 0x00, 0x00, 0x00, 0x00, 0x00, 0xF4,
    0xFF, 0xFF, 0xFF, 0x00, 0x00, 0x00, 0x00, 0x14, 0x00, 0x00, 0x00, 0x27, 0x00, 0x00, 0x00, 0x00,
    0x00, 0x00, 0x00, 0x00, 0x00, 0x00, 0x00, 0x00, 0x00, 0x00, 0x00, 0x04, 0x00, 0x07, 0x00, 0x28,
    0x00, 0x00, 0x00, 0xF9, 0x6F, 0x00, 0x00, 0x00, 0x00, 0x00, 0x00, 0x00, 0x00, 0x00, 0x00, 0x00,
    0x00, 0x00, 0x00, 0x00, 0x00, 0x00, 0x00, 0x00, 0x00, 0x00, 0x00, 0x00, 0x00, 0x00, 0x00, 0x00,
    0x00, 0x00, 0x00, 0xEB, 0xFF, 0xFF, 0xFF, 0x00, 0x00, 0x00, 0x00, 0x14, 0x00, 0x00, 0x00, 0xA7,
    0x00, 0x00, 0x00, 0x00, 0x00, 0x00, 0x00, 0x00, 0x00, 0x00, 0x00, 0x00, 0x00, 0x00, 0x00, 0x04,
    0x00, 0x07, 0x00, 0x2C, 0x00, 0x00, 0x00, 0x21, 0x70, 0x00, 0x00, 0x00, 0x00, 0x00, 0x00, 0x00,
    0x00, 0x00, 0x00, 0x00, 0x00, 0x00, 0x00, 0x00, 0x00, 0x00, 0x00, 0x00, 0x00, 0x00, 0x00, 0x00,
    0x00, 0x00, 0x00, 0x00, 0x00, 0x00, 0x00, 0xEF, 0xFF, 0xFF, 0xFF, 0x00, 0x00, 0x00, 0x00, 0x1F,
    0x00, 0x00, 0x00, 0x42, 0x00, 0x00, 0x00, 0x00, 0x00, 0x00, 0x00, 0x00, 0x00, 0x00, 0x00, 0x00,
    0x00, 0x00, 0x00, 0x04, 0x00, 0x07, 0x00, 0x8C, 0x00, 0x00, 0x00, 0x4D, 0x70, 0x00, 0x00, 0x00,
    0x00, 0x00, 0x00, 0x00, 0x00, 0x00, 0x00, 0x00, 0x00, 0x00, 0x00, 0x00, 0x00, 0x00, 0x00, 0x00,
    0x00, 0x00, 0x00, 0x00, 0x00, 0x00, 0x00, 0x00, 0x00, 0x00, 0x00, 0xEE, 0xFF, 0xFF, 0xFF, 0x00,
    0x00, 0x00, 0x00, 0x17, 0x00, 0x00, 0x00, 0xA8, 0x00, 0x00, 0x00, 0x00, 0x00, 0x00, 0x00, 0x00,
    0x00, 0x00, 0x00, 0x00, 0x00, 0x00, 0x00, 0x04, 0x00, 0x07, 0x00, 0x28, 0x00, 0x00, 0x00, 0xD9,
    0x70, 0x00, 0x00, 0x00, 0x00, 0x00, 0x00, 0x00, 0x00, 0x00, 0x00, 0x00, 0x00, 0x00, 0x00, 0x00,
    0x00, 0x00, 0x00, 0x00, 0x00, 0x00, 0x00, 0x00, 0x00, 0x00, 0x00, 0x00, 0x00, 0x00, 0x00, 0xEE,
    0xFF, 0xFF, 0xFF, 0x00, 0x00, 0x00, 0x00, 0x17, 0x00, 0x00, 0x00, 0xA9, 0x00, 0x00, 0x00, 0x00,
    0x00, 0x00, 0x00, 0x00, 0x00, 0x00, 0x00, 0x00, 0x00, 0x00, 0x00, 0x04, 0x00, 0x07, 0x00, 0x28,
    0x00, 0x00, 0x00, 0x01, 0x71, 0x00, 0x00, 0x00, 0x00, 0x00, 0x00, 0x00, 0x00, 0x00, 0x00, 0x00,
    0x00, 0x00, 0x00, 0x00, 0x00, 0x00, 0x00, 0x00, 0x00, 0x00, 0x00, 0x00, 0x00, 0x00, 0x00, 0x00,
    0x00, 0x00, 0x00, 0xEF, 0xFF, 0xFF, 0xFF, 0x00, 0x00, 0x00, 0x00, 0x1F, 0x00, 0x00, 0x00, 0xD8,
    0x00, 0x00, 0x00, 0x00, 0x00, 0x00, 0x00, 0x00, 0x00, 0x00, 0x00, 0x00, 0x00, 0x00, 0x00, 0x04,
    0x00, 0x07, 0x00, 0x73, 0x00, 0x00, 0x00, 0x29, 0x71, 0x00, 0x00, 0x00, 0x00, 0x00, 0x00, 0x00,
    0x00, 0x00, 0x00, 0x00, 0x00, 0x00, 0x00, 0x00, 0x00, 0x00, 0x00, 0x00, 0x00, 0x00, 0x00, 0x00,
    0x00, 0x00, 0x00, 0x00, 0x00, 0x00, 0x00, 0xF4, 0xFF, 0xFF, 0xFF, 0x00, 0x00, 0x00, 0x00, 0x19,
    0x00, 0x00, 0x00, 0x26, 0x00, 0x00, 0x00, 0x00, 0x00, 0x00, 0x00, 0x00, 0x00, 0x00, 0x00, 0x00,
    0x00, 0x00, 0x00, 0x04, 0x00, 0x07, 0x00, 0x28, 0x00, 0x00, 0x00, 0x9C, 0x71, 0x00, 0x00, 0x00,
    0x00, 0x00, 0x00, 0x00, 0x00, 0x00, 0x00, 0x00, 0x00, 0x00, 0x00, 0x00, 0x00, 0x00, 0x00, 0x00,
    0x00, 0x00, 0x00, 0x00, 0x00, 0x00, 0x00, 0x00, 0x00, 0x00, 0x00, 0xEF, 0xFF, 0xFF, 0xFF, 0x00,
    0x00, 0x00, 0x00, 0x1F, 0x00, 0x00, 0x00, 0xDA, 0x00, 0x00, 0x00, 0x00, 0x00, 0x00, 0x00, 0x00,
    0x00, 0x00, 0x00, 0x00, 0x00, 0x00, 0x00, 0x04, 0x00, 0x07, 0x00, 0x59, 0x00, 0x00, 0x00, 0xC4,
    0x71, 0x00, 0x00, 0x00, 0x00, 0x00, 0x00, 0x00, 0x00, 0x00, 0x00, 0x00, 0x00, 0x00, 0x00, 0x00,
    0x00, 0x00, 0x00, 0x00, 0x00, 0x00, 0x00, 0x00, 0x00, 0x00, 0x00, 0x00, 0x00, 0x00, 0x00, 0xEF,
    0xFF, 0xFF, 0xFF, 0x00, 0x00, 0x00, 0x00, 0x1F, 0x00, 0x00, 0x00, 0xF5, 0x00, 0x00, 0x00, 0x00,
    0x00, 0x00, 0x00, 0x00, 0x00, 0x00, 0x00, 0x00, 0x00, 0x00, 0x00, 0x04, 0x00, 0x07, 0x00, 0x7C,
    0x00, 0x00, 0x00, 0x1D, 0x72, 0x00, 0x00, 0x00, 0x00, 0x00, 0x00, 0x00, 0x00, 0x00, 0x00, 0x00,
    0x00, 0x00, 0x00, 0x00, 0x00, 0x00, 0x00, 0x00, 0x00, 0x00, 0x00, 0x00, 0x00, 0x00, 0x00, 0x00,
    0x00, 0x00, 0x00, 0xEF, 0xFF, 0xFF, 0xFF, 0x00, 0x00, 0x00, 0x00, 0x1F, 0x00, 0x00, 0x00, 0xBD,
    0x00, 0x00, 0x00, 0x00, 0x00, 0x00, 0x00, 0x00, 0x00, 0x00, 0x00, 0x00, 0x00, 0x00, 0x00, 0x04,
    0x00, 0x07, 0x00, 0x4A, 0x00, 0x00, 0x00, 0x99, 0x72, 0x00, 0x00, 0x00, 0x00, 0x00, 0x00, 0x00,
    0x00, 0x00, 0x00, 0x00, 0x00, 0x00, 0x00, 0x00, 0x00, 0x00, 0x00, 0x00, 0x00, 0x00, 0x00, 0x00,
    0x00, 0x00, 0x00, 0x00, 0x00, 0x00, 0x00, 0xF0, 0xFF, 0xFF, 0xFF, 0x00, 0x00, 0x00, 0x00, 0x1E,
    0x00, 0x00, 0x00, 0x05, 0x00, 0x00, 0x00, 0x00, 0x00, 0x00, 0x00, 0x00, 0x00, 0x00, 0x00, 0x00,
    0x00, 0x00, 0x00, 0x04, 0x00, 0x07, 0x00, 0x28, 0x00, 0x00, 0x00, 0xE3, 0x72, 0x00, 0x00, 0x00,
    0x00, 0x00, 0x00, 0x00, 0x00, 0x00, 0x00, 0x00, 0x00, 0x00, 0x00, 0x00, 0x00, 0x00, 0x00, 0x00,
    0x00, 0x00, 0x00, 0x00, 0x00, 0x00, 0x00, 0x00, 0x00, 0x00, 0x00, 0xF4, 0xFF, 0xFF, 0xFF, 0x00,
    0x00, 0x00, 0x00, 0x1E, 0x00, 0x00, 0x00, 0x24, 0x00, 0x00, 0x00, 0x00, 0x00, 0x00, 0x00, 0x00,
    0x00, 0x00, 0x00, 0x00, 0x00, 0x00, 0x00, 0x04, 0x00, 0x07, 0x00, 0x28, 0x00, 0x00, 0x00, 0x0B,
    0x73, 0x00, 0x00, 0x00, 0x00, 0x00, 0x00, 0x00, 0x00, 0x00, 0x00, 0x00, 0x00, 0x00, 0x00, 0x00,
    0x00, 0x00, 0x00, 0x00, 0x00, 0x00, 0x00, 0x00, 0x00, 0x00, 0x00, 0x00, 0x00, 0x00, 0x00, 0xEF,
    0xFF, 0xFF, 0xFF, 0xB9, 0xFF, 0xFF, 0xFF, 0x1F, 0x00, 0x00, 0x00, 0x04, 0x00, 0x00, 0x00, 0x00,
    0x00, 0x00, 0x00, 0x00, 0x00, 0x00, 0x00, 0x00, 0x00, 0x00, 0x00, 0x04, 0x00, 0x07, 0x00, 0x5D,
    0x01, 0x00, 0x00, 0x33, 0x73, 0x00, 0x00, 0x00, 0x00, 0x00, 0x00, 0x00, 0x00, 0x00, 0x00, 0x00,
    0x00, 0x00, 0x00, 0x00, 0x00, 0x00, 0x00, 0x00, 0x00, 0x00, 0x00, 0x00, 0x00, 0x00, 0x00, 0x00,
    0x00, 0x00, 0x00, 0x00, 0x00, 0x00, 0x00, 0xD3, 0xFF, 0xFF, 0xFF, 0x00, 0x00, 0x00, 0x00, 0x11,
    0x00, 0x00, 0x00, 0x00, 0x00, 0x00, 0x00, 0x00, 0x00, 0x00, 0x00, 0x00, 0x00, 0x00, 0x00, 0x04,
    0x00, 0x0F, 0x00, 0xF2, 0x00, 0x00, 0x00, 0x90, 0x74, 0x00, 0x00, 0x00, 0x00, 0x00, 0x00, 0x00,
    0x00, 0x00, 0x00, 0x00, 0x00, 0x00, 0x00, 0x00, 0x00, 0x00, 0x00, 0x00, 0x00, 0x00, 0x00, 0x00,
    0x00, 0x00, 0x00, 0x00, 0x00, 0x00, 0x00, 0x1F, 0x00, 0x00, 0x00, 0x00, 0x00, 0x00, 0x00, 0x00,
    0x00, 0x00, 0x00, 0x49, 0x00, 0x00, 0x00, 0x00, 0x00, 0x00, 0x00, 0xB5, 0xFF, 0xFF, 0xFF, 0x00,
    0x02, 0x00, 0x00, 0x04, 0x00, 0x07, 0x00, 0xA4, 0x00, 0x00, 0x00, 0x82, 0x75, 0x00, 0x00, 0x00,
    0x00, 0x00, 0x00, 0x00, 0x00, 0x00, 0x00, 0x00, 0x00, 0x00, 0x00, 0x00, 0x00, 0x00, 0x00, 0x00,
    0x00, 0x00, 0x00, 0x00, 0x00, 0x00, 0x00, 0x00, 0x00, 0x00, 0x00, 0xF0, 0xFF, 0xFF, 0xFF, 0x00,
    0x00, 0x00, 0x00, 0x5C, 0x00, 0x00, 0x00, 0xC4, 0x00, 0x00, 0x00, 0x00, 0x00, 0x00, 0x00, 0x00,
    0x00, 0x00, 0x00, 0x00, 0x00, 0x00, 0x00, 0x04, 0x00, 0x07, 0x00, 0x28, 0x00, 0x00, 0x00, 0x26,
    0x76, 0x00, 0x00, 0x00, 0x00, 0x00, 0x00, 0x00, 0x00, 0x00, 0x00, 0x00, 0x00, 0x00, 0x00, 0x00,
    0x00, 0x00, 0x00, 0x00, 0x00, 0x00, 0x00, 0x00, 0x00, 0x00, 0x00, 0x00, 0x00, 0x00, 0x00, 0xF0,
    0xFF, 0xFF, 0xFF, 0x00, 0x00, 0x00, 0x00, 0x5C, 0x00, 0x00, 0x00, 0xC5, 0x00, 0x00, 0x00, 0x00,
    0x00, 0x00, 0x00, 0x00, 0x00, 0x00, 0x00, 0x00, 0x00, 0x00, 0x00, 0x04, 0x00, 0x07, 0x00, 0x28,
    0x00, 0x00, 0x00, 0x4E, 0x76, 0x00, 0x00, 0x00, 0x00, 0x00, 0x00, 0x00, 0x00, 0x00, 0x00, 0x00,
    0x00, 0x00, 0x00, 0x00, 0x00, 0x00, 0x00, 0x00, 0x00, 0x00, 0x00, 0x00, 0x00, 0x00, 0x00, 0x00,
    0x00, 0x00, 0x00, 0xF4, 0xFF, 0xFF, 0xFF, 0x00, 0x00, 0x00, 0x00, 0x5C, 0x00, 0x00, 0x00, 0x25,
    0x00, 0x00, 0x00, 0x00, 0x00, 0x00, 0x00, 0x00, 0x00, 0x00, 0x00, 0x00, 0x00, 0x00, 0x00, 0x04,
    0x00, 0x07, 0x00, 0x28, 0x00, 0x00, 0x00, 0x76, 0x76, 0x00, 0x00, 0x00, 0x00, 0x00, 0x00, 0x00,
    0x00, 0x00, 0x00, 0x00, 0x00, 0x00, 0x00, 0x00, 0x00, 0x00, 0x00, 0x00, 0x00, 0x00, 0x00, 0x00,
    0x00, 0x00, 0x00, 0x00, 0x00, 0x00, 0x00, 0xEF, 0xFF, 0xFF, 0xFF, 0xBA, 0xFF, 0xFF, 0xFF, 0x5C,
    0x00, 0x00, 0x00, 0x5B, 0x00, 0x00, 0x00, 0x00, 0x00, 0x00, 0x00, 0x00, 0x00, 0x00, 0x00, 0x00,
    0x00, 0x00, 0x00, 0x04, 0x00, 0x07, 0x00, 0x52, 0x00, 0x00, 0x00, 0x9E, 0x76, 0x00, 0x00, 0x00,
    0x00, 0x00, 0x00, 0x00, 0x00, 0x00, 0x00, 0x00, 0x00, 0x00, 0x00, 0x00, 0x00, 0x00, 0x00, 0x00,
    0x00, 0x00, 0x00, 0x00, 0x00, 0x00, 0x00, 0x00, 0x00, 0x00, 0x00, 0xF0, 0xFF, 0xFF, 0xFF, 0x00,
    0x00, 0x00, 0x00, 0x2D, 0x00, 0x00, 0x00, 0x8B, 0x00, 0x00, 0x00, 0x00, 0x00, 0x00, 0x00, 0x00,
    0x00, 0x00, 0x00, 0x00, 0x00, 0x00, 0x00, 0x04, 0x00, 0x07, 0x00, 0x28, 0x00, 0x00, 0x00, 0xF0,
    0x76, 0x00, 0x00, 0x00, 0x00, 0x00, 0x00, 0x00, 0x00, 0x00, 0x00, 0x00, 0x00, 0x00, 0x00, 0x00,
    0x00, 0x00, 0x00, 0x00, 0x00, 0x00, 0x00, 0x00, 0x00, 0x00, 0x00, 0x00, 0x00, 0x00, 0x00, 0xF0,
    0xFF, 0xFF, 0xFF, 0x00, 0x00, 0x00, 0x00, 0x2D, 0x00, 0x00, 0x00, 0x0F, 0x00, 0x00, 0x00, 0x00,
    0x00, 0x00, 0x00, 0x00, 0x00, 0x00, 0x00, 0x00, 0x00, 0x00, 0x00, 0x04, 0x00, 0x07, 0x00, 0x28,
    0x00, 0x00, 0x00, 0x18, 0x77, 0x00, 0x00, 0x00, 0x00, 0x00, 0x00, 0x00, 0x00, 0x00, 0x00, 0x00,
    0x00, 0x00, 0x00, 0x00, 0x00, 0x00, 0x00, 0x00, 0x00, 0x00, 0x00, 0x00, 0x00, 0x00, 0x00, 0x00,
    0x00, 0x00, 0x00, 0xEE, 0xFF, 0xFF, 0xFF, 0x00, 0x00, 0x00, 0x00, 0x2D, 0x00, 0x00, 0x00, 0x8A,
    0x00, 0x00, 0x00, 0x00, 0x00, 0x00, 0x00, 0x00, 0x00, 0x00, 0x00, 0x00, 0x00, 0x00, 0x00, 0x04,
    0x00, 0x07, 0x00, 0x28, 0x00, 0x00, 0x00, 0x40, 0x77, 0x00, 0x00, 0x00, 0x00, 0x00, 0x00, 0x00,
    0x00, 0x00, 0x00, 0x00, 0x00, 0x00, 0x00, 0x00, 0x00, 0x00, 0x00, 0x00, 0x00, 0x00, 0x00, 0x00,
    0x00, 0x00, 0x00, 0x00, 0x00, 0x00, 0x00, 0xF0, 0xFF, 0xFF, 0xFF, 0x00, 0x00, 0x00, 0x00, 0x2D,
    0x00, 0x00, 0x00, 0xC8, 0x00, 0x00, 0x00, 0x00, 0x00, 0x00, 0x00, 0x00, 0x00, 0x00, 0x00, 0x00,
    0x00, 0x00, 0x00, 0x04, 0x00, 0x07, 0x00, 0x28, 0x00, 0x00, 0x00, 0x68, 0x77, 0x00, 0x00, 0x00,
    0x00, 0x00, 0x00, 0x00, 0x00, 0x00, 0x00, 0x00, 0x00, 0x00, 0x00, 0x00, 0x00, 0x00, 0x00, 0x00,
    0x00, 0x00, 0x00, 0x00, 0x00, 0x00, 0x00, 0x00, 0x00, 0x00, 0x00, 0xF0, 0xFF, 0xFF, 0xFF, 0x00,
    0x00, 0x00, 0x00, 0x2D, 0x00, 0x00, 0x00, 0x92, 0x00, 0x00, 0x00, 0x00, 0x00, 0x00, 0x00, 0x00,
    0x00, 0x00, 0x00, 0x00, 0x00, 0x00, 0x00, 0x04, 0x00, 0x07, 0x00, 0x28, 0x00, 0x00, 0x00, 0x90,
    0x77, 0x00, 0x00, 0x00, 0x00, 0x00, 0x00, 0x00, 0x00, 0x00, 0x00, 0x00, 0x00, 0x00, 0x00, 0x00,
    0x00, 0x00, 0x00, 0x00, 0x00, 0x00, 0x00, 0x00, 0x00, 0x00, 0x00, 0x00, 0x00, 0x00, 0x00, 0xF0,
    0xFF, 0xFF, 0xFF, 0x00, 0x00, 0x00, 0x00, 0x2D, 0x00, 0x00, 0x00, 0xCE, 0x00, 0x00, 0x00, 0x00,
    0x00, 0x00, 0x00, 0x00, 0x00, 0x00, 0x00, 0x00, 0x00, 0x00, 0x00, 0x04, 0x00, 0x07, 0x00, 0x28,
    0x00, 0x00, 0x00, 0xB8, 0x77, 0x00, 0x00, 0x00, 0x00, 0x00, 0x00, 0x00, 0x00, 0x00, 0x00, 0x00,
    0x00, 0x00, 0x00, 0x00, 0x00, 0x00, 0x00, 0x00, 0x00, 0x00, 0x00, 0x00, 0x00, 0x00, 0x00, 0x00,
    0x00, 0x00, 0x00, 0xE8, 0xFF, 0xFF, 0xFF, 0x00, 0x00, 0x00, 0x00, 0x2D, 0x00, 0x00, 0x00, 0xD1,
    0x00, 0x00, 0x00, 0x00, 0x00, 0x00, 0x00, 0x00, 0x00, 0x00, 0x00, 0x00, 0x00, 0x00, 0x00, 0x04,
    0x00, 0x07, 0x00, 0x2C, 0x00, 0x00, 0x00, 0xE0, 0x77, 0x00, 0x00, 0x00, 0x00, 0x00, 0x00, 0x00,
    0x00, 0x00, 0x00, 0x00, 0x00, 0x00, 0x00, 0x00, 0x00, 0x00, 0x00, 0x00, 0x00, 0x00, 0x00, 0x00,
    0x00, 0x00, 0x00, 0x00, 0x00, 0x00, 0x00, 0xE8, 0xFF, 0xFF, 0xFF, 0x00, 0x00, 0x00, 0x00, 0x2D,
    0x00, 0x00, 0x00, 0x65, 0x00, 0x00, 0x00, 0x00, 0x00, 0x00, 0x00, 0x00, 0x00, 0x00, 0x00, 0x00,
    0x00, 0x00, 0x00, 0x04, 0x00, 0x07, 0x00, 0x2C, 0x00, 0x00, 0x00, 0x0C, 0x78, 0x00, 0x00, 0x00,
    0x00, 0x00, 0x00, 0x00, 0x00, 0x00, 0x00, 0x00, 0x00, 0x00, 0x00, 0x00, 0x00, 0x00, 0x00, 0x00,
    0x00, 0x00, 0x00, 0x00, 0x00, 0x00, 0x00, 0x00, 0x00, 0x00, 0x00, 0xEF, 0xFF, 0xFF, 0xFF, 0x00,
    0x00, 0x00, 0x00, 0x5C, 0x00, 0x00, 0x00, 0x08, 0x00, 0x00, 0x00, 0x00, 0x00, 0x00, 0x00, 0x00,
    0x00, 0x00, 0x00, 0x00, 0x00, 0x00, 0x00, 0x04, 0x00, 0x07, 0x00, 0x96, 0x01, 0x00, 0x00, 0x38,
    0x78, 0x00, 0x00, 0x00, 0x00, 0x00, 0x00, 0x00, 0x00, 0x00, 0x00, 0x00, 0x00, 0x00, 0x00, 0x00,
    0x00, 0x00, 0x00, 0x00, 0x00, 0x00, 0x00, 0x00, 0x00, 0x00, 0x00, 0x00, 0x00, 0x00, 0x00, 0xEE,
    0xFF, 0xFF, 0xFF, 0x00, 0x00, 0x00, 0x00, 0x3B, 0x00, 0x00, 0x00, 0x8A, 0x00, 0x00, 0x00, 0x00,
    0x00, 0x00, 0x00, 0x00, 0x00, 0x00, 0x00, 0x00, 0x00, 0x00, 0x00, 0x04, 0x00, 0x07, 0x00, 0x28,
    0x00, 0x00, 0x00, 0xCE, 0x79, 0x00, 0x00, 0x00, 0x00, 0x00, 0x00, 0x00, 0x00, 0x00, 0x00, 0x00,
    0x00, 0x00, 0x00, 0x00, 0x00, 0x00, 0x00, 0x00, 0x00, 0x00, 0x00, 0x00, 0x00, 0x00, 0x00, 0x00,
    0x00, 0x00, 0x00, 0xEE, 0xFF, 0xFF, 0xFF, 0x00, 0x00, 0x00, 0x00, 0x3B, 0x00, 0x00, 0x00, 0xCD,
    0x00, 0x00, 0x00, 0x00, 0x00, 0x00, 0x00, 0x00, 0x00, 0x00, 0x00, 0x00, 0x00, 0x00, 0x00, 0x04,
    0x00, 0x07, 0x00, 0x28, 0x00, 0x00, 0x00, 0xF6, 0x79, 0x00, 0x00, 0x00, 0x00, 0x00, 0x00, 0x00,
    0x00, 0x00, 0x00, 0x00, 0x00, 0x00, 0x00, 0x00, 0x00, 0x00, 0x00, 0x00, 0x00, 0x00, 0x00, 0x00,
    0x00, 0x00, 0x00, 0x00, 0x00, 0x00, 0x00, 0xF0, 0xFF, 0xFF, 0xFF, 0x00, 0x00, 0x00, 0x00, 0x3B,
    0x00, 0x00, 0x00, 0xC8, 0x00, 0x00, 0x00, 0x00, 0x00, 0x00, 0x00, 0x00, 0x00, 0x00, 0x00, 0x00,
    0x00, 0x00, 0x00, 0x04, 0x00, 0x07, 0x00, 0x28, 0x00, 0x00, 0x00, 0x1E, 0x7A, 0x00, 0x00, 0x00,
    0x00, 0x00, 0x00, 0x00, 0x00, 0x00, 0x00, 0x00, 0x00, 0x00, 0x00, 0x00, 0x00, 0x00, 0x00, 0x00,
    0x00, 0x00, 0x00, 0x00, 0x00, 0x00, 0x00, 0x00, 0x00, 0x00, 0x00, 0xF0, 0xFF, 0xFF, 0xFF, 0x00,
    0x00, 0x00, 0x00, 0x3B, 0x00, 0x00, 0x00, 0x92, 0x00, 0x00, 0x00, 0x00, 0x00, 0x00, 0x00, 0x00,
    0x00, 0x00, 0x00, 0x00, 0x00, 0x00, 0x00, 0x04, 0x00, 0x07, 0x00, 0x28, 0x00, 0x00, 0x00, 0x46,
    0x7A, 0x00, 0x00, 0x00, 0x00, 0x00, 0x00, 0x00, 0x00, 0x00, 0x00, 0x00, 0x00, 0x00, 0x00, 0x00,
    0x00, 0x00, 0x00, 0x00, 0x00, 0x00, 0x00, 0x00, 0x00, 0x00, 0x00, 0x00, 0x00, 0x00, 0x00, 0xF0,
    0xFF, 0xFF, 0xFF, 0x00, 0x00, 0x00, 0x00, 0x3B, 0x00, 0x00, 0x00, 0xCE, 0x00, 0x00, 0x00, 0x00,
    0x00, 0x00, 0x00, 0x00, 0x00, 0x00, 0x00, 0x00, 0x00, 0x00, 0x00, 0x04, 0x00, 0x07, 0x00, 0x28,
    0x00, 0x00, 0x00, 0x6E, 0x7A, 0x00, 0x00, 0x00, 0x00, 0x00, 0x00, 0x00, 0x00, 0x00, 0x00, 0x00,
    0x00, 0x00, 0x00, 0x00, 0x00, 0x00, 0x00, 0x00, 0x00, 0x00, 0x00, 0x00, 0x00, 0x00, 0x00, 0x00,
    0x00, 0x00, 0x00, 0xF0, 0xFF, 0xFF, 0xFF, 0x00, 0x00, 0x00, 0x00, 0x3B, 0x00, 0x00, 0x00, 0x9C,
    0x00, 0x00, 0x00, 0x00, 0x00, 0x00, 0x00, 0x00, 0x00, 0x00, 0x00, 0x00, 0x00, 0x00, 0x00, 0x04,
    0x00, 0x07, 0x00, 0x28, 0x00, 0x00, 0x00, 0x96, 0x7A, 0x00, 0x00, 0x00, 0x00, 0x00, 0x00, 0x00,
    0x00, 0x00, 0x00, 0x00, 0x00, 0x00, 0x00, 0x00, 0x00, 0x00, 0x00, 0x00, 0x00, 0x00, 0x00, 0x00,
    0x00, 0x00, 0x00, 0x00, 0x00, 0x00, 0x00, 0xF0, 0xFF, 0xFF, 0xFF, 0x00, 0x00, 0x00, 0x00, 0x3B,
    0x00, 0x00, 0x00, 0x9F, 0x00, 0x00, 0x00, 0x00, 0x00, 0x00, 0x00, 0x00, 0x00, 0x00, 0x00, 0x00,
    0x00, 0x00, 0x00, 0x04, 0x00, 0x07, 0x00, 0x28, 0x00, 0x00, 0x00, 0xBE, 0x7A, 0x00, 0x00, 0x00,
    0x00, 0x00, 0x00, 0x00, 0x00, 0x00, 0x00, 0x00, 0x00, 0x00, 0x00, 0x00, 0x00, 0x00, 0x00, 0x00,
    0x00, 0x00, 0x00, 0x00, 0x00, 0x00, 0x00, 0x00, 0x00, 0x00, 0x00, 0xE8, 0xFF, 0xFF, 0xFF, 0x00,
    0x00, 0x00, 0x00, 0x3B, 0x00, 0x00, 0x00, 0x62, 0x00, 0x00, 0x00, 0x00, 0x00, 0x00, 0x00, 0x00,
    0x00, 0x00, 0x00, 0x00, 0x00, 0x00, 0x00, 0x04, 0x00, 0x07, 0x00, 0x2C, 0x00, 0x00, 0x00, 0xE6,
    0x7A, 0x00, 0x00, 0x00, 0x00, 0x00, 0x00, 0x00, 0x00, 0x00, 0x00, 0x00, 0x00, 0x00, 0x00, 0x00,
    0x00, 0x00, 0x00, 0x00, 0x00, 0x00, 0x00, 0x00, 0x00, 0x00, 0x00, 0x00, 0x00, 0x00, 0x00, 0xF4,
    0xFF, 0xFF, 0xFF, 0x00, 0x00, 0x00, 0x00, 0x3B, 0x00, 0x00, 0x00, 0x32, 0x00, 0x00, 0x00, 0x00,
    0x00, 0x00, 0x00, 0x00, 0x00, 0x00, 0x00, 0x00, 0x00, 0x00, 0x00, 0x04, 0x00, 0x07, 0x00, 0x28,
    0x00, 0x00, 0x00, 0x12, 0x7B, 0x00, 0x00, 0x00, 0x00, 0x00, 0x00, 0x00, 0x00, 0x00, 0x00, 0x00,
    0x00, 0x00, 0x00, 0x00, 0x00, 0x00, 0x00, 0x00, 0x00, 0x00, 0x00, 0x00, 0x00, 0x00, 0x00, 0x00,
    0x00, 0x00, 0x00, 0xE8, 0xFF, 0xFF, 0xFF, 0x00, 0x00, 0x00, 0x00, 0x3B, 0x00, 0x00, 0x00, 0x2A,
    0x00, 0x00, 0x00, 0x00, 0x00, 0x00, 0x00, 0x00, 0x00, 0x00, 0x00, 0x00, 0x00, 0x00, 0x00, 0x04,
    0x00, 0x07, 0x00, 0x2C, 0x00, 0x00, 0x00, 0x3A, 0x7B, 0x00, 0x00, 0x00, 0x00, 0x00, 0x00, 0x00,
    0x00, 0x00, 0x00, 0x00, 0x00, 0x00, 0x00, 0x00, 0x00, 0x00, 0x00, 0x00, 0x00, 0x00, 0x00, 0x00,
    0x00, 0x00, 0x00, 0x00, 0x00, 0x00, 0x00, 0xE8, 0xFF, 0xFF, 0xFF, 0x00, 0x00, 0x00, 0x00, 0x3B,
    0x00, 0x00, 0x00, 0x2C, 0x00, 0x00, 0x00, 0x00, 0x00, 0x00, 0x00, 0x00, 0x00, 0x00, 0x00, 0x00,
    0x00, 0x00, 0x00, 0x04, 0x00, 0x07, 0x00, 0x2C, 0x00, 0x00, 0x00, 0x66, 0x7B, 0x00, 0x00, 0x00,
    0x00, 0x00, 0x00, 0x00, 0x00, 0x00, 0x00, 0x00, 0x00, 0x00, 0x00, 0x00, 0x00, 0x00, 0x00, 0x00,
    0x00, 0x00, 0x00, 0x00, 0x00, 0x00, 0x00, 0x00, 0x00, 0x00, 0x00, 0xE8, 0xFF, 0xFF, 0xFF, 0x00,
    0x00, 0x00, 0x00, 0x3B, 0x00, 0x00, 0x00, 0xF2, 0x00, 0x00, 0x00, 0x00, 0x00, 0x00, 0x00, 0x00,
    0x00, 0x00, 0x00, 0x00, 0x00, 0x00, 0x00, 0x04, 0x00, 0x07, 0x00, 0x2C, 0x00, 0x00, 0x00, 0x92,
    0x7B, 0x00, 0x00, 0x00, 0x00, 0x00, 0x00, 0x00, 0x00, 0x00, 0x00, 0x00, 0x00, 0x00, 0x00, 0x00,
    0x00, 0x00, 0x00, 0x00, 0x00, 0x00, 0x00, 0x00, 0x00, 0x00, 0x00, 0x00, 0x00, 0x00, 0x00, 0xE8,
    0xFF, 0xFF, 0xFF, 0x00, 0x00, 0x00, 0x00, 0x3B, 0x00, 0x00, 0x00, 0xF0, 0x00, 0x00, 0x00, 0x00,
    0x00, 0x00, 0x00, 0x00, 0x00, 0x00, 0x00, 0x00, 0x00, 0x00, 0x00, 0x04, 0x00, 0x07, 0x00, 0x2C,
    0x00, 0x00, 0x00, 0xBE, 0x7B, 0x00, 0x00, 0x00, 0x00, 0x00, 0x00, 0x00, 0x00, 0x00, 0x00, 0x00,
    0x00, 0x00, 0x00, 0x00, 0x00, 0x00, 0x00, 0x00, 0x00, 0x00, 0x00, 0x00, 0x00, 0x00, 0x00, 0x00,
    0x00, 0x00, 0x00, 0xEF, 0xFF, 0xFF, 0xFF, 0x00, 0x00, 0x00, 0x00, 0x5C, 0x00, 0x00, 0x00, 0x5C,
    0x00, 0x00, 0x00, 0x00, 0x00, 0x00, 0x00, 0x00, 0x00, 0x00, 0x00, 0x00, 0x00, 0x00, 0x00, 0x04,
    0x00, 0x07, 0x00, 0xB4, 0x02, 0x00, 0x00, 0xEA, 0x7B, 0x00, 0x00, 0x00, 0x00, 0x00, 0x00, 0x00,
    0x00, 0x00, 0x00, 0x00, 0x00, 0x00, 0x00, 0x00, 0x00, 0x00, 0x00, 0x00, 0x00, 0x00, 0x00, 0x00,
    0x00, 0x00, 0x00, 0x00, 0x00, 0x00, 0x00, 0xEF, 0xFF, 0xFF, 0xFF, 0x00, 0x00, 0x00, 0x00, 0x5C,
    0x00, 0x00, 0x00, 0xF6, 0x00, 0x00, 0x00, 0x00, 0x00, 0x00, 0x00, 0x00, 0x00, 0x00, 0x00, 0x00,
    0x00, 0x00, 0x00, 0x04, 0x00, 0x07, 0x00, 0x6A, 0x00, 0x00, 0x00, 0x9E, 0x7E, 0x00, 0x00, 0x00,
    0x00, 0x00, 0x00, 0x00, 0x00, 0x00, 0x00, 0x00, 0x00, 0x00, 0x00, 0x00, 0x00, 0x00, 0x00, 0x00,
    0x00, 0x00, 0x00, 0x00, 0x00, 0x00, 0x00, 0x00, 0x00, 0x00, 0x00, 0xEE, 0xFF, 0xFF, 0xFF, 0x00,
    0x00, 0x00, 0x00, 0x5B, 0x00, 0x00, 0x00, 0xFD, 0x00, 0x00, 0x00, 0x00, 0x00, 0x00, 0x00, 0x00,
    0x00, 0x00, 0x00, 0x00, 0x00, 0x00, 0x00, 0x04, 0x00, 0x07, 0x00, 0x28, 0x00, 0x00, 0x00, 0x08,
    0x7F, 0x00, 0x00, 0x00, 0x00, 0x00, 0x00, 0x00, 0x00, 0x00, 0x00, 0x00, 0x00, 0x00, 0x00, 0x00,
    0x00, 0x00, 0x00, 0x00, 0x00, 0x00, 0x00, 0x00, 0x00, 0x00, 0x00, 0x00, 0x00, 0x00, 0x00, 0xEE,
    0xFF, 0xFF, 0xFF, 0x00, 0x00, 0x00, 0x00, 0x5B, 0x00, 0x00, 0x00, 0x87, 0x00, 0x00, 0x00, 0x00,
    0x00, 0x00, 0x00, 0x00, 0x00, 0x00, 0x00, 0x00, 0x00, 0x00, 0x00, 0x04, 0x00, 0x07, 0x00, 0x28,
    0x00, 0x00, 0x00, 0x30, 0x7F, 0x00, 0x00, 0x00, 0x00, 0x00, 0x00, 0x00, 0x00, 0x00, 0x00, 0x00,
    0x00, 0x00, 0x00, 0x00, 0x00, 0x00, 0x00, 0x00, 0x00, 0x00, 0x00, 0x00, 0x00, 0x00, 0x00, 0x00,
    0x00, 0x00, 0x00, 0xF0, 0xFF, 0xFF, 0xFF, 0x00, 0x00, 0x00, 0x00, 0x5B, 0x00, 0x00, 0x00, 0x66,
    0x00, 0x00, 0x00, 0x00, 0x00, 0x00, 0x00, 0x00, 0x00, 0x00, 0x00, 0x00, 0x00, 0x00, 0x00, 0x04,
    0x00, 0x07, 0x00, 0x28, 0x00, 0x00, 0x00, 0x58, 0x7F, 0x00, 0x00, 0x00, 0x00, 0x00, 0x00, 0x00,
    0x00, 0x00, 0x00, 0x00, 0x00, 0x00, 0x00, 0x00, 0x00, 0x00, 0x00, 0x00, 0x00, 0x00, 0x00, 0x00,
    0x00, 0x00, 0x00, 0x00, 0x00, 0x00, 0x00, 0xF0, 0xFF, 0xFF, 0xFF, 0x00, 0x00, 0x00, 0x00, 0x5B,
    0x00, 0x00, 0x00, 0x69, 0x00, 0x00, 0x00, 0x00, 0x00, 0x00, 0x00, 0x00, 0x00, 0x00, 0x00, 0x00,
    0x00, 0x00, 0x00, 0x04, 0x00, 0x07, 0x00, 0x28, 0x00, 0x00, 0x00, 0x80, 0x7F, 0x00, 0x00, 0x00,
    0x00, 0x00, 0x00, 0x00, 0x00, 0x00, 0x00, 0x00, 0x00, 0x00, 0x00, 0x00, 0x00, 0x00, 0x00, 0x00,
    0x00, 0x00, 0x00, 0x00, 0x00, 0x00, 0x00, 0x00, 0x00, 0x00, 0x00, 0xF0, 0xFF, 0xFF, 0xFF, 0x00,
    0x00, 0x00, 0x00, 0x5B, 0x00, 0x00, 0x00, 0x67, 0x00, 0x00, 0x00, 0x00, 0x00, 0x00, 0x00, 0x00,
    0x00, 0x00, 0x00, 0x00, 0x00, 0x00, 0x00, 0x04, 0x00, 0x07, 0x00, 0x28, 0x00, 0x00, 0x00, 0xA8,
    0x7F, 0x00, 0x00, 0x00, 0x00, 0x00, 0x00, 0x00, 0x00, 0x00, 0x00, 0x00, 0x00, 0x00, 0x00, 0x00,
    0x00, 0x00, 0x00, 0x00, 0x00, 0x00, 0x00, 0x00, 0x00, 0x00, 0x00, 0x00, 0x00, 0x00, 0x00, 0xF0,
    0xFF, 0xFF, 0xFF, 0x00, 0x00, 0x00, 0x00, 0x5B, 0x00, 0x00, 0x00, 0x68, 0x00, 0x00, 0x00, 0x00,
    0x00, 0x00, 0x00, 0x00, 0x00, 0x00, 0x00, 0x00, 0x00, 0x00, 0x00, 0x04, 0x00, 0x07, 0x00, 0x28,
    0x00, 0x00, 0x00, 0xD0, 0x7F, 0x00, 0x00, 0x00, 0x00, 0x00, 0x00, 0x00, 0x00, 0x00, 0x00, 0x00,
    0x00, 0x00, 0x00, 0x00, 0x00, 0x00, 0x00, 0x00, 0x00, 0x00, 0x00, 0x00, 0x00, 0x00, 0x00, 0x00,
    0x00, 0x00, 0x00, 0xF0, 0xFF, 0xFF, 0xFF, 0x00, 0x00, 0x00, 0x00, 0x5B, 0x00, 0x00, 0x00, 0xEC,
    0x00, 0x00, 0x00, 0x00, 0x00, 0x00, 0x00, 0x00, 0x00, 0x00, 0x00, 0x00, 0x00, 0x00, 0x00, 0x04,
    0x00, 0x07, 0x00, 0x28, 0x00, 0x00, 0x00, 0xF8, 0x7F, 0x00, 0x00, 0x00, 0x00, 0x00, 0x00, 0x00,
    0x00, 0x00, 0x00, 0x00, 0x00, 0x00, 0x00, 0x00, 0x00, 0x00, 0x00, 0x00, 0x00, 0x00, 0x00, 0x00,
    0x00, 0x00, 0x00, 0x00, 0x00, 0x00, 0x00, 0xF0, 0xFF, 0xFF, 0xFF, 0x00, 0x00, 0x00, 0x00, 0x5B,
    0x00, 0x00, 0x00, 0xEB, 0x00, 0x00, 0x00, 0x00, 0x00, 0x00, 0x00, 0x00, 0x00, 0x00, 0x00, 0x00,
    0x00, 0x00, 0x00, 0x04, 0x00, 0x07, 0x00, 0x28, 0x00, 0x00, 0x00, 0x20, 0x80, 0x00, 0x00, 0x00,
    0x00, 0x00, 0x00, 0x00, 0x00, 0x00, 0x00, 0x00, 0x00, 0x00, 0x00, 0x00, 0x00, 0x00, 0x00, 0x00,
    0x00, 0x00, 0x00, 0x00, 0x00, 0x00, 0x00, 0x00, 0x00, 0x00, 0x00, 0xF0, 0xFF, 0xFF, 0xFF, 0x00,
    0x00, 0x00, 0x00, 0x5B, 0x00, 0x00, 0x00, 0xED, 0x00, 0x00, 0x00, 0x00, 0x00, 0x00, 0x00, 0x00,
    0x00, 0x00, 0x00, 0x00, 0x00, 0x00, 0x00, 0x04, 0x00, 0x07, 0x00, 0x28, 0x00, 0x00, 0x00, 0x48,
    0x80, 0x00, 0x00, 0x00, 0x00, 0x00, 0x00, 0x00, 0x00, 0x00, 0x00, 0x00, 0x00, 0x00, 0x00, 0x00,
    0x00, 0x00, 0x00, 0x00, 0x00, 0x00, 0x00, 0x00, 0x00, 0x00, 0x00, 0x00, 0x00, 0x00, 0x00, 0xF0,
    0xFF, 0xFF, 0xFF, 0x00, 0x00, 0x00, 0x00, 0x5B, 0x00, 0x00, 0x00, 0x82, 0x00, 0x00, 0x00, 0x00,
    0x00, 0x00, 0x00, 0x00, 0x00, 0x00, 0x00, 0x00, 0x00, 0x00, 0x00, 0x04, 0x00, 0x07, 0x00, 0x28,
    0x00, 0x00, 0x00, 0x70, 0x80, 0x00, 0x00, 0x00, 0x00, 0x00, 0x00, 0x00, 0x00, 0x00, 0x00, 0x00,
    0x00, 0x00, 0x00, 0x00, 0x00, 0x00, 0x00, 0x00, 0x00, 0x00, 0x00, 0x00, 0x00, 0x00, 0x00, 0x00,
    0x00, 0x00, 0x00, 0xF0, 0xFF, 0xFF, 0xFF, 0x00, 0x00, 0x00, 0x00, 0x5B, 0x00, 0x00, 0x00, 0xFE,
    0x00, 0x00, 0x00, 0x00, 0x00, 0x00, 0x00, 0x00, 0x00, 0x00, 0x00, 0x00, 0x00, 0x00, 0x00, 0x04,
    0x00, 0x07, 0x00, 0x28, 0x00, 0x00, 0x00, 0x98, 0x80, 0x00, 0x00, 0x00, 0x00, 0x00, 0x00, 0x00,
    0x00, 0x00, 0x00, 0x00, 0x00, 0x00, 0x00, 0x00, 0x00, 0x00, 0x00, 0x00, 0x00, 0x00, 0x00, 0x00,
    0x00, 0x00, 0x00, 0x00, 0x00, 0x00, 0x00, 0xF0, 0xFF, 0xFF, 0xFF, 0x00, 0x00, 0x00, 0x00, 0x5B,
    0x00, 0x00, 0x00, 0x29, 0x00, 0x00, 0x00, 0x00, 0x00, 0x00, 0x00, 0x00, 0x00, 0x00, 0x00, 0x00,
    0x00, 0x00, 0x00, 0x04, 0x00, 0x07, 0x00, 0x28, 0x00, 0x00, 0x00, 0xC0, 0x80, 0x00, 0x00, 0x00,
    0x00, 0x00, 0x00, 0x00, 0x00, 0x00, 0x00, 0x00, 0x00, 0x00, 0x00, 0x00, 0x00, 0x00, 0x00, 0x00,
    0x00, 0x00, 0x00, 0x00, 0x00, 0x00, 0x00, 0x00, 0x00, 0x00, 0x00, 0xF0, 0xFF, 0xFF, 0xFF, 0x00,
    0x00, 0x00, 0x00, 0x5B, 0x00, 0x00, 0x00, 0xEF, 0x00, 0x00, 0x00, 0x00, 0x00, 0x00, 0x00, 0x00,
    0x00, 0x00, 0x00, 0x00, 0x00, 0x00, 0x00, 0x04, 0x00, 0x07, 0x00, 0x28, 0x00, 0x00, 0x00, 0xE8,
    0x80, 0x00, 0x00, 0x00, 0x00, 0x00, 0x00, 0x00, 0x00, 0x00, 0x00, 0x00, 0x00, 0x00, 0x00, 0x00,
    0x00, 0x00, 0x00, 0x00, 0x00, 0x00, 0x00, 0x00, 0x00, 0x00, 0x00, 0x00, 0x00, 0x00, 0x00, 0xF0,
    0xFF, 0xFF, 0xFF, 0x00, 0x00, 0x00, 0x00, 0x5B, 0x00, 0x00, 0x00, 0xC8, 0x00, 0x00, 0x00, 0x00,
    0x00, 0x00, 0x00, 0x00, 0x00, 0x00, 0x00, 0x00, 0x00, 0x00, 0x00, 0x04, 0x00, 0x07, 0x00, 0x28,
    0x00, 0x00, 0x00, 0x10, 0x81, 0x00, 0x00, 0x00, 0x00, 0x00, 0x00, 0x00, 0x00, 0x00, 0x00, 0x00,
    0x00, 0x00, 0x00, 0x00, 0x00, 0x00, 0x00, 0x00, 0x00, 0x00, 0x00, 0x00, 0x00, 0x00, 0x00, 0x00,
    0x00, 0x00, 0x00, 0xF0, 0xFF, 0xFF, 0xFF, 0x00, 0x00, 0x00, 0x00, 0x5B, 0x00, 0x00, 0x00, 0x92,
    0x00, 0x00, 0x00, 0x00, 0x00, 0x00, 0x00, 0x00, 0x00, 0x00, 0x00, 0x00, 0x00, 0x00, 0x00, 0x04,
    0x00, 0x07, 0x00, 0x28, 0x00, 0x00, 0x00, 0x38, 0x81, 0x00, 0x00, 0x00, 0x00, 0x00, 0x00, 0x00,
    0x00, 0x00, 0x00, 0x00, 0x00, 0x00, 0x00, 0x00, 0x00, 0x00, 0x00, 0x00, 0x00, 0x00, 0x00, 0x00,
    0x00, 0x00, 0x00, 0x00, 0x00, 0x00, 0x00, 0xE8, 0xFF, 0xFF, 0xFF, 0x00, 0x00, 0x00, 0x00, 0x5B,
    0x00, 0x00, 0x00, 0x94, 0x00, 0x00, 0x00, 0x00, 0x00, 0x00, 0x00, 0x00, 0x00, 0x00, 0x00, 0x00,
    0x00, 0x00, 0x00, 0x04, 0x00, 0x07, 0x00, 0x2C, 0x00, 0x00, 0x00, 0x60, 0x81, 0x00, 0x00, 0x00,
    0x00, 0x00, 0x00, 0x00, 0x00, 0x00, 0x00, 0x00, 0x00, 0x00, 0x00, 0x00, 0x00, 0x00, 0x00, 0x00,
    0x00, 0x00, 0x00, 0x00, 0x00, 0x00, 0x00, 0x00, 0x00, 0x00, 0x00, 0xE8, 0xFF, 0xFF, 0xFF, 0x00,
    0x00, 0x00, 0x00, 0x5B, 0x00, 0x00, 0x00, 0x95, 0x00, 0x00, 0x00, 0x00, 0x00, 0x00, 0x00, 0x00,
    0x00, 0x00, 0x00, 0x00, 0x00, 0x00, 0x00, 0x04, 0x00, 0x07, 0x00, 0x2C, 0x00, 0x00, 0x00, 0x8C,
    0x81, 0x00, 0x00, 0x00, 0x00, 0x00, 0x00, 0x00, 0x00, 0x00, 0x00, 0x00, 0x00, 0x00, 0x00, 0x00,
    0x00, 0x00, 0x00, 0x00, 0x00, 0x00, 0x00, 0x00, 0x00, 0x00, 0x00, 0x00, 0x00, 0x00, 0x00, 0xE8,
    0xFF, 0xFF, 0xFF, 0x00, 0x00, 0x00, 0x00, 0x5B, 0x00, 0x00, 0x00, 0x2B, 0x00, 0x00, 0x00, 0x00,
    0x00, 0x00, 0x00, 0x00, 0x00, 0x00, 0x00, 0x00, 0x00, 0x00, 0x00, 0x04, 0x00, 0x07, 0x00, 0x2C,
    0x00, 0x00, 0x00, 0xB8, 0x81, 0x00, 0x00, 0x00, 0x00, 0x00, 0x00, 0x00, 0x00, 0x00, 0x00, 0x00,
    0x00, 0x00, 0x00, 0x00, 0x00, 0x00, 0x00, 0x00, 0x00, 0x00, 0x00, 0x00, 0x00, 0x00, 0x00, 0x00,
    0x00, 0x00, 0x00, 0xE8, 0xFF, 0xFF, 0xFF, 0x00, 0x00, 0x00, 0x00, 0x5B, 0x00, 0x00, 0x00, 0x2D,
    0x00, 0x00, 0x00, 0x00, 0x00, 0x00, 0x00, 0x00, 0x00, 0x00, 0x00, 0x00, 0x00, 0x00, 0x00, 0x04,
    0x00, 0x07, 0x00, 0x2C, 0x00, 0x00, 0x00, 0xE4, 0x81, 0x00, 0x00, 0x00, 0x00, 0x00, 0x00, 0x00,
    0x00, 0x00, 0x00, 0x00, 0x00, 0x00, 0x00, 0x00, 0x00, 0x00, 0x00, 0x00, 0x00, 0x00, 0x00, 0x00,
    0x00, 0x00, 0x00, 0x00, 0x00, 0x00, 0x00, 0xE8, 0xFF, 0xFF, 0xFF, 0x00, 0x00, 0x00, 0x00, 0x5B,
    0x00, 0x00, 0x00, 0xF3, 0x00, 0x00, 0x00, 0x00, 0x00, 0x00, 0x00, 0x00, 0x00, 0x00, 0x00, 0x00,
    0x00, 0x00, 0x00, 0x04, 0x00, 0x07, 0x00, 0x2C, 0x00, 0x00, 0x00, 0x10, 0x82, 0x00, 0x00, 0x00,
    0x00, 0x00, 0x00, 0x00, 0x00, 0x00, 0x00, 0x00, 0x00, 0x00, 0x00, 0x00, 0x00, 0x00, 0x00, 0x00,
    0x00, 0x00, 0x00, 0x00, 0x00, 0x00, 0x00, 0x00, 0x00, 0x00, 0x00, 0xE8, 0xFF, 0xFF, 0xFF, 0x00,
    0x00, 0x00, 0x00, 0x5B, 0x00, 0x00, 0x00, 0xF1, 0x00, 0x00, 0x00, 0x00, 0x00, 0x00, 0x00, 0x00,
    0x00, 0x00, 0x00, 0x00, 0x00, 0x00, 0x00, 0x04, 0x00, 0x07, 0x00, 0x2C, 0x00, 0x00, 0x00, 0x3C,
    0x82, 0x00, 0x00, 0x00, 0x00, 0x00, 0x00, 0x00, 0x00, 0x00, 0x00, 0x00, 0x00, 0x00, 0x00, 0x00,
    0x00, 0x00, 0x00, 0x00, 0x00, 0x00, 0x00, 0x00, 0x00, 0x00, 0x00, 0x00, 0x00, 0x00, 0x00, 0xE8,
    0xFF, 0xFF, 0xFF, 0x00, 0x00, 0x00, 0x00, 0x5B, 0x00, 0x00, 0x00, 0x39, 0x00, 0x00, 0x00, 0x00,
    0x00, 0x00, 0x00, 0x00, 0x00, 0x00, 0x00, 0x00, 0x00, 0x00, 0x00, 0x04, 0x00, 0x07, 0x00, 0x2C,
    0x00, 0x00, 0x00, 0x68, 0x82, 0x00, 0x00, 0x00, 0x00, 0x00, 0x00, 0x00, 0x00, 0x00, 0x00, 0x00,
    0x00, 0x00, 0x00, 0x00, 0x00, 0x00, 0x00, 0x00, 0x00, 0x00, 0x00, 0x00, 0x00, 0x00, 0x00, 0x00,
    0x00, 0x00, 0x00, 0xE8, 0xFF, 0xFF, 0xFF, 0x00, 0x00, 0x00, 0x00, 0x5B, 0x00, 0x00, 0x00, 0x34,
    0x00, 0x00, 0x00, 0x00, 0x00, 0x00, 0x00, 0x00, 0x00, 0x00, 0x00, 0x00, 0x00, 0x00, 0x00, 0x04,
    0x00, 0x07, 0x00, 0x2C, 0x00, 0x00, 0x00, 0x94, 0x82, 0x00, 0x00, 0x00, 0x00, 0x00, 0x00, 0x00,
    0x00, 0x00, 0x00, 0x00, 0x00, 0x00, 0x00, 0x00, 0x00, 0x00, 0x00, 0x00, 0x00, 0x00, 0x00, 0x00,
    0x00, 0x00, 0x00, 0x00, 0x00, 0x00, 0x00, 0xE8, 0xFF, 0xFF, 0xFF, 0x00, 0x00, 0x00, 0x00, 0x5B,
    0x00, 0x00, 0x00, 0x1C, 0x00, 0x00, 0x00, 0x00, 0x00, 0x00, 0x00, 0x00, 0x00, 0x00, 0x00, 0x00,
    0x00, 0x00, 0x00, 0x04, 0x00, 0x07, 0x00, 0x2C, 0x00, 0x00, 0x00, 0xC0, 0x82, 0x00, 0x00, 0x00,
    0x00, 0x00, 0x00, 0x00, 0x00, 0x00, 0x00, 0x00, 0x00, 0x00, 0x00, 0x00, 0x00, 0x00, 0x00, 0x00,
    0x00, 0x00, 0x00, 0x00, 0x00, 0x00, 0x00, 0x00, 0x00, 0x00, 0x00, 0xE8, 0xFF, 0xFF, 0xFF, 0x00,
    0x00, 0x00, 0x00, 0x5B, 0x00, 0x00, 0x00, 0x1B, 0x00, 0x00, 0x00, 0x00, 0x00, 0x00, 0x00, 0x00,
    0x00, 0x00, 0x00, 0x00, 0x00, 0x00, 0x00, 0x04, 0x00, 0x07, 0x00, 0x2C, 0x00, 0x00, 0x00, 0xEC,
    0x82, 0x00, 0x00, 0x00, 0x00, 0x00, 0x00, 0x00, 0x00, 0x00, 0x00, 0x00, 0x00, 0x00, 0x00, 0x00,
    0x00, 0x00, 0x00, 0x00, 0x00, 0x00, 0x00, 0x00, 0x00, 0x00, 0x00, 0x00, 0x00, 0x00, 0x00, 0xE8,
    0xFF, 0xFF, 0xFF, 0x00, 0x00, 0x00, 0x00, 0x5B, 0x00, 0x00, 0x00, 0x1A, 0x00, 0x00, 0x00, 0x00,
    0x00, 0x00, 0x00, 0x00, 0x00, 0x00, 0x00, 0x00, 0x00, 0x00, 0x00, 0x04, 0x00, 0x07, 0x00, 0x2C,
    0x00, 0x00, 0x00, 0x18, 0x83, 0x00, 0x00, 0x00, 0x00, 0x00, 0x00, 0x00, 0x00, 0x00, 0x00, 0x00,
    0x00, 0x00, 0x00, 0x00, 0x00, 0x00, 0x00, 0x00, 0x00, 0x00, 0x00, 0x00, 0x00, 0x00, 0x00, 0x00,
    0x00, 0x00, 0x00, 0xE8, 0xFF, 0xFF, 0xFF, 0x00, 0x00, 0x00, 0x00, 0x5B, 0x00, 0x00, 0x00, 0xFC,
    0x00, 0x00, 0x00, 0x00, 0x00, 0x00, 0x00, 0x00, 0x00, 0x00, 0x00, 0x00, 0x00, 0x00, 0x00, 0x04,
    0x00, 0x07, 0x00, 0x2C, 0x00, 0x00, 0x00, 0x44, 0x83, 0x00, 0x00, 0x00, 0x00, 0x00, 0x00, 0x00,
    0x00, 0x00, 0x00, 0x00, 0x00, 0x00, 0x00, 0x00, 0x00, 0x00, 0x00, 0x00, 0x00, 0x00, 0x00, 0x00,
    0x00, 0x00, 0x00, 0x00, 0x00, 0x00, 0x00, 0xE8, 0xFF, 0xFF, 0xFF, 0x00, 0x00, 0x00, 0x00, 0x5B,
    0x00, 0x00, 0x00, 0xF9, 0x00, 0x00, 0x00, 0x00, 0x00, 0x00, 0x00, 0x00, 0x00, 0x00, 0x00, 0x00,
    0x00, 0x00, 0x00, 0x04, 0x00, 0x07, 0x00, 0x2C, 0x00, 0x00, 0x00, 0x70, 0x83, 0x00, 0x00, 0x00,
    0x00, 0x00, 0x00, 0x00, 0x00, 0x00, 0x00, 0x00, 0x00, 0x00, 0x00, 0x00, 0x00, 0x00, 0x00, 0x00,
    0x00, 0x00, 0x00, 0x00, 0x00, 0x00, 0x00, 0x00, 0x00, 0x00, 0x00, 0xEB, 0xFF, 0xFF, 0xFF, 0x00,
    0x00, 0x00, 0x00, 0x5B, 0x00, 0x00, 0x00, 0x33, 0x00, 0x00, 0x00, 0x00, 0x00, 0x00, 0x00, 0x00,
    0x00, 0x00, 0x00, 0x00, 0x00, 0x00, 0x00, 0x04, 0x00, 0x07, 0x00, 0x2C, 0x00, 0x00, 0x00, 0x9C,
    0x83, 0x00, 0x00, 0x00, 0x00, 0x00, 0x00, 0x00, 0x00, 0x00, 0x00, 0x00, 0x00, 0x00, 0x00, 0x00,
    0x00, 0x00, 0x00, 0x00, 0x00, 0x00, 0x00, 0x00, 0x00, 0x00, 0x00, 0x00, 0x00, 0x00, 0x00, 0xEB,
    0xFF, 0xFF, 0xFF, 0x00, 0x00, 0x00, 0x00, 0x5B, 0x00, 0x00, 0x00, 0x78, 0x00, 0x00, 0x00, 0x00,
    0x00, 0x00, 0x00, 0x00, 0x00, 0x00, 0x00, 0x00, 0x00, 0x00, 0x00, 0x04, 0x00, 0x07, 0x00, 0x2C,
    0x00, 0x00, 0x00, 0xC8, 0x83, 0x00, 0x00, 0x00, 0x00, 0x00, 0x00, 0x00, 0x00, 0x00, 0x00, 0x00,
    0x00, 0x00, 0x00, 0x00, 0x00, 0x00, 0x00, 0x00, 0x00, 0x00, 0x00, 0x00, 0x00, 0x00, 0x00, 0x00,
    0x00, 0x00, 0x00, 0xEF, 0xFF, 0xFF, 0xFF, 0x00, 0x00, 0x00, 0x00, 0x5C, 0x00, 0x00, 0x00, 0x5A,
    0x00, 0x00, 0x00, 0x00, 0x00, 0x00, 0x00, 0x00, 0x00, 0x00, 0x00, 0x00, 0x00, 0x00, 0x00, 0x04,
    0x00, 0x07, 0x00, 0x9C, 0x09, 0x00, 0x00, 0xF4, 0x83, 0x00, 0x00, 0x00, 0x00, 0x00, 0x00, 0x00,
    0x00, 0x00, 0x00, 0x00, 0x00, 0x00, 0x00, 0x00, 0x00, 0x00, 0x00, 0x00, 0x00, 0x00, 0x00, 0x00,
    0x00, 0x00, 0x00, 0x00, 0x00, 0x00, 0x00, 0x00, 0x00, 0x00, 0x00, 0xD4, 0xFF, 0xFF, 0xFF, 0x00,
    0x00, 0x00, 0x00, 0x12, 0x00, 0x00, 0x00, 0x00, 0x00, 0x00, 0x00, 0x00, 0x00, 0x00, 0x00, 0x00,
    0x00, 0x00, 0x00, 0x04, 0x00, 0x0F, 0x00, 0xB6, 0x00, 0x00, 0x00, 0x90, 0x8D, 0x00, 0x00, 0x00,
    0x00, 0x00, 0x00, 0x00, 0x00, 0x00, 0x00, 0x00, 0x00, 0x00, 0x00, 0x00, 0x00, 0x00, 0x00, 0x00,
    0x00, 0x00, 0x00, 0x00, 0x00, 0x00, 0x00, 0x00, 0x00, 0x00, 0x00, 0x5C, 0x00, 0x00, 0x00, 0x00,
    0x00, 0x00, 0x00, 0x00, 0x00, 0x00, 0x00, 0x4A, 0x00, 0x00, 0x00, 0x00, 0x00, 0x00, 0x00, 0xB6,
    0xFF, 0xFF, 0xFF, 0x00, 0x02, 0x00, 0x00, 0x04, 0x00, 0x07, 0x00, 0x0C, 0x00, 0x00, 0x00, 0x46,
    0x8E, 0x00, 0x00, 0x00, 0x00, 0x00, 0x00, 0x00, 0x00, 0x00, 0x00, 0x00, 0x00, 0x00, 0x00, 0x00,
    0x00, 0x00, 0x00, 0x00, 0x00, 0x00, 0x00, 0x00, 0x00, 0x00, 0x00, 0x00, 0x00, 0x00, 0x00, 0xE8,
    0xFF, 0xFF, 0xFF, 0x00, 0x00, 0x00, 0x00, 0x6E, 0x00, 0x00, 0x00, 0x56, 0x00, 0x00, 0x00, 0x00,
    0x00, 0x00, 0x00, 0x00, 0x00, 0x00, 0x00, 0x00, 0x00, 0x00, 0x00, 0x04, 0x00, 0x07, 0x00, 0x2C,
    0x00, 0x00, 0x00, 0x52, 0x8E, 0x00, 0x00, 0x00, 0x00, 0x00, 0x00, 0x00, 0x00, 0x00, 0x00, 0x00,
    0x00, 0x00, 0x00, 0x00, 0x00, 0x00, 0x00, 0x00, 0x00, 0x00, 0x00, 0x00, 0x00, 0x00, 0x00, 0x00,
    0x00, 0x00, 0x00, 0xEB, 0xFF, 0xFF, 0xFF, 0x00, 0x00, 0x00, 0x00, 0x6D, 0x00, 0x00, 0x00, 0xE4,
    0x00, 0x00, 0x00, 0x00, 0x00, 0x00, 0x00, 0x00, 0x00, 0x00, 0x00, 0x00, 0x00, 0x00, 0x00, 0x04,
    0x00, 0x07, 0x00, 0x2C, 0x00, 0x00, 0x00, 0x7E, 0x8E, 0x00, 0x00, 0x00, 0x00, 0x00, 0x00, 0x00,
    0x00, 0x00, 0x00, 0x00, 0x00, 0x00, 0x00, 0x00, 0x00, 0x00, 0x00, 0x00, 0x00, 0x00, 0x00, 0x00,
    0x00, 0x00, 0x00, 0x00, 0x00, 0x00, 0x00, 0xEB, 0xFF, 0xFF, 0xFF, 0x00, 0x00, 0x00, 0x00, 0x6C,
    0x00, 0x00, 0x00, 0xC0, 0x00, 0x00, 0x00, 0x00, 0x00, 0x00, 0x00, 0x00, 0x00, 0x00, 0x00, 0x00,
    0x00, 0x00, 0x00, 0x04, 0x00, 0x07, 0x00, 0x2C, 0x00, 0x00, 0x00, 0xAA, 0x8E, 0x00, 0x00, 0x00,
    0x00, 0x00, 0x00, 0x00, 0x00, 0x00, 0x00, 0x00, 0x00, 0x00, 0x00, 0x00, 0x00, 0x00, 0x00, 0x00,
    0x00, 0x00, 0x00, 0x00, 0x00, 0x00, 0x00, 0x00, 0x00, 0x00, 0x00, 0xEB, 0xFF, 0xFF, 0xFF, 0x00,
    0x00, 0x00, 0x00, 0x6B, 0x00, 0x00, 0x00, 0x77, 0x00, 0x00, 0x00, 0x00, 0x00, 0x00, 0x00, 0x00,
    0x00, 0x00, 0x00, 0x00, 0x00, 0x00, 0x00, 0x04, 0x00, 0x07, 0x00, 0x2C, 0x00, 0x00, 0x00, 0xD6,
    0x8E, 0x00, 0x00, 0x00, 0x00, 0x00, 0x00, 0x00, 0x00, 0x00, 0x00, 0x00, 0x00, 0x00, 0x00, 0x00,
    0x00, 0x00, 0x00, 0x00, 0x00, 0x00, 0x00, 0x00, 0x00, 0x00, 0x00, 0x00, 0x00, 0x00, 0x00, 0xEE,
    0xFF, 0xFF, 0xFF, 0x00, 0x00, 0x00, 0x00, 0x64, 0x00, 0x00, 0x00, 0x82, 0x00, 0x00, 0x00, 0x00,
    0x00, 0x00, 0x00, 0x00, 0x00, 0x00, 0x00, 0x00, 0x00, 0x00, 0x00, 0x04, 0x00, 0x07, 0x00, 0x28,
    0x00, 0x00, 0x00, 0x02, 0x8F, 0x00, 0x00, 0x00, 0x00, 0x00, 0x00, 0x00, 0x00, 0x00, 0x00, 0x00,
    0x00, 0x00, 0x00, 0x00, 0x00, 0x00, 0x00, 0x00, 0x00, 0x00, 0x00, 0x00, 0x00, 0x00, 0x00, 0x00,
    0x00, 0x00, 0x00, 0xEE, 0xFF, 0xFF, 0xFF, 0x00, 0x00, 0x00, 0x00, 0x64, 0x00, 0x00, 0x00, 0xFE,
    0x00, 0x00, 0x00, 0x00, 0x00, 0x00, 0x00, 0x00, 0x00, 0x00, 0x00, 0x00, 0x00, 0x00, 0x00, 0x04,
    0x00, 0x07, 0x00, 0x28, 0x00, 0x00, 0x00, 0x2A, 0x8F, 0x00, 0x00, 0x00, 0x00, 0x00, 0x00, 0x00,
    0x00, 0x00, 0x00, 0x00, 0x00, 0x00, 0x00, 0x00, 0x00, 0x00, 0x00, 0x00, 0x00, 0x00, 0x00, 0x00,
    0x00, 0x00, 0x00, 0x00, 0x00, 0x00, 0x00, 0xEA, 0xFF, 0xFF, 0xFF, 0x00, 0x00, 0x00, 0x00, 0xB4,
    0x00, 0x00, 0x00, 0x7B, 0x00, 0x00, 0x00, 0x00, 0x00, 0x00, 0x00, 0x00, 0x00, 0x00, 0x00, 0x00,
    0x00, 0x00, 0x00, 0x04, 0x00, 0x07, 0x00, 0x74, 0x00, 0x00, 0x00, 0x52, 0x8F, 0x00, 0x00, 0x00,
    0x00, 0x00, 0x00, 0x00, 0x00, 0x00, 0x00, 0x00, 0x00, 0x00, 0x00, 0x00, 0x00, 0x00, 0x00, 0x00,
    0x00, 0x00, 0x00, 0x00, 0x00, 0x00, 0x00, 0x00, 0x00, 0x00, 0x00, 0xF0, 0xFF, 0xFF, 0xFF, 0x00,
    0x00, 0x00, 0x00, 0xB4, 0x00, 0x00, 0x00, 0x86, 0x00, 0x00, 0x00, 0x00, 0x00, 0x00, 0x00, 0x00,
    0x00, 0x00, 0x00, 0x00, 0x00, 0x00, 0x00, 0x04, 0x00, 0x07, 0x00, 0x28, 0x00, 0x00, 0x00, 0xC6,
    0x8F, 0x00, 0x00, 0x00, 0x00, 0x00, 0x00, 0x00, 0x00, 0x00, 0x00, 0x00, 0x00, 0x00, 0x00, 0x00,
    0x00, 0x00, 0x00, 0x00, 0x00, 0x00, 0x00, 0x00, 0x00, 0x00, 0x00, 0x00, 0x00, 0x00, 0x00, 0xF4,
    0xFF, 0xFF, 0xFF, 0x00, 0x00, 0x00, 0x00, 0xB4, 0x00, 0x00, 0x00, 0x20, 0x00, 0x00, 0x00, 0x00,
    0x00, 0x00, 0x00, 0x00, 0x00, 0x00, 0x00, 0x00, 0x00, 0x00, 0x00, 0x04, 0x00, 0x07, 0x00, 0x28,
    0x00, 0x00, 0x00, 0xEE, 0x8F, 0x00, 0x00, 0x00, 0x00, 0x00, 0x00, 0x00, 0x00, 0x00, 0x00, 0x00,
    0x00, 0x00, 0x00, 0x00, 0x00, 0x00, 0x00, 0x00, 0x00, 0x00, 0x00, 0x00, 0x00, 0x00, 0x00, 0x00,
    0x00, 0x00, 0x00, 0xF4, 0xFF, 0xFF, 0xFF, 0x00, 0x00, 0x00, 0x00, 0xB4, 0x00, 0x00, 0x00, 0x30,
    0x00, 0x00, 0x00, 0x00, 0x00, 0x00, 0x00, 0x00, 0x00, 0x00, 0x00, 0x00, 0x00, 0x00, 0x00, 0x04,
    0x00, 0x07, 0x00, 0x28, 0x00, 0x00, 0x00, 0x16, 0x90, 0x00, 0x00, 0x00, 0x00, 0x00, 0x00, 0x00,
    0x00, 0x00, 0x00, 0x00, 0x00, 0x00, 0x00, 0x00, 0x00, 0x00, 0x00, 0x00, 0x00, 0x00, 0x00, 0x00,
    0x00, 0x00, 0x00, 0x00, 0x00, 0x00, 0x00, 0xF4, 0xFF, 0xFF, 0xFF, 0x00, 0x00, 0x00, 0x00, 0xB4,
    0x00, 0x00, 0x00, 0x22, 0x00, 0x00, 0x00, 0x00, 0x00, 0x00, 0x00, 0x00, 0x00, 0x00, 0x00, 0x00,
    0x00, 0x00, 0x00, 0x04, 0x00, 0x07, 0x00, 0x28, 0x00, 0x00, 0x00, 0x3E, 0x90, 0x00, 0x00, 0x00,
    0x00, 0x00, 0x00, 0x00, 0x00, 0x00, 0x00, 0x00, 0x00, 0x00, 0x00, 0x00, 0x00, 0x00, 0x00, 0x00,
    0x00, 0x00, 0x00, 0x00, 0x00, 0x00, 0x00, 0x00, 0x00, 0x00, 0x00, 0xEB, 0xFF, 0xFF, 0xFF, 0x00,
    0x00, 0x00, 0x00, 0xB4, 0x00, 0x00, 0x00, 0xAA, 0x00, 0x00, 0x00, 0x00, 0x00, 0x00, 0x00, 0x00,
    0x00, 0x00, 0x00, 0x00, 0x00, 0x00, 0x00, 0x04, 0x00, 0x07, 0x00, 0x2C, 0x00, 0x00, 0x00, 0x66,
    0x90, 0x00, 0x00, 0x00, 0x00, 0x00, 0x00, 0x00, 0x00, 0x00, 0x00, 0x00, 0x00, 0x00, 0x00, 0x00,
    0x00, 0x00, 0x00, 0x00, 0x00, 0x00, 0x00, 0x00, 0x00, 0x00, 0x00, 0x00, 0x00, 0x00, 0x00, 0xEB,
    0xFF, 0xFF, 0xFF, 0x00, 0x00, 0x00, 0x00, 0xB4, 0x00, 0x00, 0x00, 0x91, 0x00, 0x00, 0x00, 0x00,
    0x00, 0x00, 0x00, 0x00, 0x00, 0x00, 0x00, 0x00, 0x00, 0x00, 0x00, 0x04, 0x00, 0x07, 0x00, 0x2C,
    0x00, 0x00, 0x00, 0x92, 0x90, 0x00, 0x00, 0x00, 0x00, 0x00, 0x00, 0x00, 0x00, 0x00, 0x00, 0x00,
    0x00, 0x00, 0x00, 0x00, 0x00, 0x00, 0x00, 0x00, 0x00, 0x00, 0x00, 0x00, 0x00, 0x00, 0x00, 0x00,
    0x00, 0x00, 0x00, 0xF5, 0xFF, 0xFF, 0xFF, 0x00, 0x00, 0x00, 0x00, 0xB4, 0x00, 0x00, 0x00, 0x77,
    0x00, 0x00, 0x00, 0x00, 0x00, 0x00, 0x00, 0x00, 0x00, 0x00, 0x00, 0x00, 0x00, 0x00, 0x00, 0x04,
    0x00, 0x07, 0x00, 0x2C, 0x00, 0x00, 0x00, 0xBE, 0x90, 0x00, 0x00, 0x00, 0x00, 0x00, 0x00, 0x00,
    0x00, 0x00, 0x00, 0x00, 0x00, 0x00, 0x00, 0x00, 0x00, 0x00, 0x00, 0x00, 0x00, 0x00, 0x00, 0x00,
    0x00, 0x00, 0x00, 0x00, 0x00, 0x00, 0x00, 0xF5, 0xFF, 0xFF, 0xFF, 0x00, 0x00, 0x00, 0x00, 0xB4,
    0x00, 0x00, 0x00, 0xC0, 0x00, 0x00, 0x00, 0x00, 0x00, 0x00, 0x00, 0x00, 0x00, 0x00, 0x00, 0x00,
    0x00, 0x00, 0x00, 0x04, 0x00, 0x07, 0x00, 0x2C, 0x00, 0x00, 0x00, 0xEA, 0x90, 0x00, 0x00, 0x00,
    0x00, 0x00, 0x00, 0x00, 0x00, 0x00, 0x00, 0x00, 0x00, 0x00, 0x00, 0x00, 0x00, 0x00, 0x00, 0x00,
    0x00, 0x00, 0x00, 0x00, 0x00, 0x00, 0x00, 0x00, 0x00, 0x00, 0x00, 0xF5, 0xFF, 0xFF, 0xFF, 0x00,
    0x00, 0x00, 0x00, 0xB4, 0x00, 0x00, 0x00, 0xE4, 0x00, 0x00, 0x00, 0x00, 0x00, 0x00, 0x00, 0x00,
    0x00, 0x00, 0x00, 0x00, 0x00, 0x00, 0x00, 0x04, 0x00, 0x07, 0x00, 0x2C, 0x00, 0x00, 0x00, 0x16,
    0x91, 0x00, 0x00, 0x00, 0x00, 0x00, 0x00, 0x00, 0x00, 0x00, 0x00, 0x00, 0x00, 0x00, 0x00, 0x00,
    0x00, 0x00, 0x00, 0x00, 0x00, 0x00, 0x00, 0x00, 0x00, 0x00, 0x00, 0x00, 0x00, 0x00, 0x00, 0xF5,
    0xFF, 0xFF, 0xFF, 0x00, 0x00, 0x00, 0x00, 0xB4, 0x00, 0x00, 0x00, 0x56, 0x00, 0x00, 0x00, 0x00,
    0x00, 0x00, 0x00, 0x00, 0x00, 0x00, 0x00, 0x00, 0x00, 0x00, 0x00, 0x04, 0x00, 0x07, 0x00, 0x2C,
    0x00, 0x00, 0x00, 0x42, 0x91, 0x00, 0x00, 0x00, 0x00, 0x00, 0x00, 0x00, 0x00, 0x00, 0x00, 0x00,
    0x00, 0x00, 0x00, 0x00, 0x00, 0x00, 0x00, 0x00, 0x00, 0x00, 0x00, 0x00, 0x00, 0x00, 0x00, 0x00,
    0x00, 0x00, 0x00, 0xEB, 0xFF, 0xFF, 0xFF, 0x00, 0x00, 0x00, 0x00, 0xB4, 0x00, 0x00, 0x00, 0x7E,
    0x00, 0x00, 0x00, 0x00, 0x00, 0x00, 0x00, 0x00, 0x00, 0x00, 0x00, 0x00, 0x00, 0x00, 0x00, 0x04,
    0x00, 0x07, 0x00, 0x2C, 0x00, 0x00, 0x00, 0x6E, 0x91, 0x00, 0x00, 0x00, 0x00, 0x00, 0x00, 0x00,
    0x00, 0x00, 0x00, 0x00, 0x00, 0x00, 0x00, 0x00, 0x00, 0x00, 0x00, 0x00, 0x00, 0x00, 0x00, 0x00,
    0x00, 0x00, 0x00, 0x00, 0x00, 0x00, 0x00, 0xEB, 0xFF, 0xFF, 0xFF, 0x00, 0x00, 0x00, 0x00, 0xB4,
    0x00, 0x00, 0x00, 0x7C, 0x00, 0x00, 0x00, 0x00, 0x00, 0x00, 0x00, 0x00, 0x00, 0x00, 0x00, 0x00,
    0x00, 0x00, 0x00, 0x04, 0x00, 0x07, 0x00, 0x2C, 0x00, 0x00, 0x00, 0x9A, 0x91, 0x00, 0x00, 0x00,
    0x00, 0x00, 0x00, 0x00, 0x00, 0x00, 0x00, 0x00, 0x00, 0x00, 0x00, 0x00, 0x00, 0x00, 0x00, 0x00,
    0x00, 0x00, 0x00, 0x00, 0x00, 0x00, 0x00, 0x00, 0x00, 0x00, 0x00, 0xEB, 0xFF, 0xFF, 0xFF, 0x00,
    0x00, 0x00, 0x00, 0xB4, 0x00, 0x00, 0x00, 0xA5, 0x00, 0x00, 0x00, 0x00, 0x00, 0x00, 0x00, 0x00,
    0x00, 0x00, 0x00, 0x00, 0x00, 0x00, 0x00, 0x04, 0x00, 0x07, 0x00, 0x2C, 0x00, 0x00, 0x00, 0xC6,
    0x91, 0x00, 0x00, 0x00, 0x00, 0x00, 0x00, 0x00, 0x00, 0x00, 0x00, 0x00, 0x00, 0x00, 0x00, 0x00,
    0x00, 0x00, 0x00, 0x00, 0x00, 0x00, 0x00, 0x00, 0x00, 0x00, 0x00, 0x00, 0x00, 0x00, 0x00, 0xEF,
    0xFF, 0xFF, 0xFF, 0xC7, 0xFF, 0xFF, 0xFF, 0xB4, 0x00, 0x00, 0x00, 0xB7, 0x00, 0x00, 0x00, 0x00,
    0x00, 0x00, 0x00, 0x00, 0x00, 0x00, 0x00, 0x00, 0x00, 0x00, 0x00, 0x04, 0x00, 0x07, 0x00, 0x4D,
    0x01, 0x00, 0x00, 0xF2, 0x91, 0x00, 0x00, 0x00, 0x00, 0x00, 0x00, 0x00, 0x00, 0x00, 0x00, 0x00,
    0x00, 0x00, 0x00, 0x00, 0x00, 0x00, 0x00, 0x00, 0x00, 0x00, 0x00, 0x00, 0x00, 0x00, 0x00, 0x00,
    0x00, 0x00, 0x00, 0xEF, 0xFF, 0xFF, 0xFF, 0x00, 0x00, 0x00, 0x00, 0xB4, 0x00, 0x00, 0x00, 0x7A,
    0x00, 0x00, 0x00, 0x00, 0x00, 0x00, 0x00, 0x00, 0x00, 0x00, 0x00, 0x00, 0x00, 0x00, 0x00, 0x04,
    0x00, 0x07, 0x00, 0x8F, 0x00, 0x00, 0x00, 0x3F, 0x93, 0x00, 0x00, 0x00, 0x00, 0x00, 0x00, 0x00,
    0x00, 0x00, 0x00, 0x00, 0x00, 0x00, 0x00, 0x00, 0x00, 0x00, 0x00, 0x00, 0x00, 0x00, 0x00, 0x00,
    0x00, 0x00, 0x00, 0x00, 0x00, 0x00, 0x00, 0xF4, 0xFF, 0xFF, 0xFF, 0x00, 0x00, 0x00, 0x00, 0x77,
    0x00, 0x00, 0x00, 0xC7, 0x00, 0x00, 0x00, 0x00, 0x00, 0x00, 0x00, 0x00, 0x00, 0x00, 0x00, 0x00,
    0x00, 0x00, 0x00, 0x04, 0x00, 0x07, 0x00, 0x28, 0x00, 0x00, 0x00, 0xCE, 0x93, 0x00, 0x00, 0x00,
    0x00, 0x00, 0x00, 0x00, 0x00, 0x00, 0x00, 0x00, 0x00, 0x00, 0x00, 0x00, 0x00, 0x00, 0x00, 0x00,
    0x00, 0x00, 0x00, 0x00, 0x00, 0x00, 0x00, 0x00, 0x00, 0x00, 0x00, 0xEB, 0xFF, 0xFF, 0xFF, 0x00,
    0x00, 0x00, 0x00, 0x77, 0x00, 0x00, 0x00, 0xC8, 0x00, 0x00, 0x00, 0x00, 0x00, 0x00, 0x00, 0x00,
    0x00, 0x00, 0x00, 0x00, 0x00, 0x00, 0x00, 0x04, 0x00, 0x07, 0x00, 0x2C, 0x00, 0x00, 0x00, 0xF6,
    0x93, 0x00, 0x00, 0x00, 0x00, 0x00, 0x00, 0x00, 0x00, 0x00, 0x00, 0x00, 0x00, 0x00, 0x00, 0x00,
    0x00, 0x00, 0x00, 0x00, 0x00, 0x00, 0x00, 0x00, 0x00, 0x00, 0x00, 0x00, 0x00, 0x00, 0x00, 0xEB,
    0xFF, 0xFF, 0xFF, 0x00, 0x00, 0x00, 0x00, 0x77, 0x00, 0x00, 0x00, 0x92, 0x00, 0x00, 0x00, 0x00,
    0x00, 0x00, 0x00, 0x00, 0x00, 0x00, 0x00, 0x00, 0x00, 0x00, 0x00, 0x04, 0x00, 0x07, 0x00, 0x2C,
    0x00, 0x00, 0x00, 0x22, 0x94, 0x00, 0x00, 0x00, 0x00, 0x00, 0x00, 0x00, 0x00, 0x00, 0x00, 0x00,
    0x00, 0x00, 0x00, 0x00, 0x00, 0x00, 0x00, 0x00, 0x00, 0x00, 0x00, 0x00, 0x00, 0x00, 0x00, 0x00,
    0x00, 0x00, 0x00, 0xEF, 0xFF, 0xFF, 0xFF, 0x00, 0x00, 0x00, 0x00, 0xB4, 0x00, 0x00, 0x00, 0xBF,
    0x00, 0x00, 0x00, 0x00, 0x00, 0x00, 0x00, 0x00, 0x00, 0x00, 0x00, 0x00, 0x00, 0x00, 0x00, 0x04,
    0x00, 0x07, 0x00, 0x1B, 0x01, 0x00, 0x00, 0x4E, 0x94, 0x00, 0x00, 0x00, 0x00, 0x00, 0x00, 0x00,
    0x00, 0x00, 0x00, 0x00, 0x00, 0x00, 0x00, 0x00, 0x00, 0x00, 0x00, 0x00, 0x00, 0x00, 0x00, 0x00,
    0x00, 0x00, 0x00, 0x00, 0x00, 0x00, 0x00, 0xEE, 0xFF, 0xFF, 0xFF, 0x00, 0x00, 0x00, 0x00, 0x7D,
    0x00, 0x00, 0x00, 0xC9, 0x00, 0x00, 0x00, 0x00, 0x00, 0x00, 0x00, 0x00, 0x00, 0x00, 0x00, 0x00,
    0x00, 0x00, 0x00, 0x04, 0x00, 0x07, 0x00, 0x28, 0x00, 0x00, 0x00, 0x69, 0x95, 0x00, 0x00, 0x00,
    0x00, 0x00, 0x00, 0x00, 0x00, 0x00, 0x00, 0x00, 0x00, 0x00, 0x00, 0x00, 0x00, 0x00, 0x00, 0x00,
    0x00, 0x00, 0x00, 0x00, 0x00, 0x00, 0x00, 0x00, 0x00, 0x00, 0x00, 0xEE, 0xFF, 0xFF, 0xFF, 0x00,
    0x00, 0x00, 0x00, 0x7D, 0x00, 0x00, 0x00, 0x93, 0x00, 0x00, 0x00, 0x00, 0x00, 0x00, 0x00, 0x00,
    0x00, 0x00, 0x00, 0x00, 0x00, 0x00, 0x00, 0x04, 0x00, 0x07, 0x00, 0x28, 0x00, 0x00, 0x00, 0x91,
    0x95, 0x00, 0x00, 0x00, 0x00, 0x00, 0x00, 0x00, 0x00, 0x00, 0x00, 0x00, 0x00, 0x00, 0x00, 0x00,
    0x00, 0x00, 0x00, 0x00, 0x00, 0x00, 0x00, 0x00, 0x00, 0x00, 0x00, 0x00, 0x00, 0x00, 0x00, 0xEB,
    0xFF, 0xFF, 0xFF, 0x00, 0x00, 0x00, 0x00, 0x7D, 0x00, 0x00, 0x00, 0xE8, 0x00, 0x00, 0x00, 0x00,
    0x00, 0x00, 0x00, 0x00, 0x00, 0x00, 0x00, 0x00, 0x00, 0x00, 0x00, 0x04, 0x00, 0x07, 0x00, 0x2C,
    0x00, 0x00, 0x00, 0xB9, 0x95, 0x00, 0x00, 0x00, 0x00, 0x00, 0x00, 0x00, 0x00, 0x00, 0x00, 0x00,
    0x00, 0x00, 0x00, 0x00, 0x00, 0x00, 0x00, 0x00, 0x00, 0x00, 0x00, 0x00, 0x00, 0x00, 0x00, 0x00,
    0x00, 0x00, 0x00, 0xEB, 0xFF, 0xFF, 0xFF, 0x00, 0x00, 0x00, 0x00, 0x7D, 0x00, 0x00, 0x00, 0x33,
    0x00, 0x00, 0x00, 0x00, 0x00, 0x00, 0x00, 0x00, 0x00, 0x00, 0x00, 0x00, 0x00, 0x00, 0x00, 0x04,
    0x00, 0x07, 0x00, 0x2C, 0x00, 0x00, 0x00, 0xE5, 0x95, 0x00, 0x00, 0x00, 0x00, 0x00, 0x00, 0x00,
    0x00, 0x00, 0x00, 0x00, 0x00, 0x00, 0x00, 0x00, 0x00, 0x00, 0x00, 0x00, 0x00, 0x00, 0x00, 0x00,
    0x00, 0x00, 0x00, 0x00, 0x00, 0x00, 0x00, 0xF4, 0xFF, 0xFF, 0xFF, 0x00, 0x00, 0x00, 0x00, 0x7D,
    0x00, 0x00, 0x00, 0xC7, 0x00, 0x00, 0x00, 0x00, 0x00, 0x00, 0x00, 0x00, 0x00, 0x00, 0x00, 0x00,
    0x00, 0x00, 0x00, 0x04, 0x00, 0x07, 0x00, 0x28, 0x00, 0x00, 0x00, 0x11, 0x96, 0x00, 0x00, 0x00,
    0x00, 0x00, 0x00, 0x00, 0x00, 0x00, 0x00, 0x00, 0x00, 0x00, 0x00, 0x00, 0x00, 0x00, 0x00, 0x00,
    0x00, 0x00, 0x00, 0x00, 0x00, 0x00, 0x00, 0x00, 0x00, 0x00, 0x00, 0xEF, 0xFF, 0xFF, 0xFF, 0x00,
    0x00, 0x00, 0x00, 0xB4, 0x00, 0x00, 0x00, 0x64, 0x00, 0x00, 0x00, 0x00, 0x00, 0x00, 0x00, 0x00,
    0x00, 0x00, 0x00, 0x00, 0x00, 0x00, 0x00, 0x04, 0x00, 0x07, 0x00, 0x54, 0x01, 0x00, 0x00, 0x39,
    0x96, 0x00, 0x00, 0x00, 0x00, 0x00, 0x00, 0x00, 0x00, 0x00, 0x00, 0x00, 0x00, 0x00, 0x00, 0x00,
    0x00, 0x00, 0x00, 0x00, 0x00, 0x00, 0x00, 0x00, 0x00, 0x00, 0x00, 0x00, 0x00, 0x00, 0x00, 0xEE,
    0xFF, 0xFF, 0xFF, 0x00, 0x00, 0x00, 0x00, 0x81, 0x00, 0x00, 0x00, 0x87, 0x00, 0x00, 0x00, 0x00,
    0x00, 0x00, 0x00, 0x00, 0x00, 0x00, 0x00, 0x00, 0x00, 0x00, 0x00, 0x04, 0x00, 0x07, 0x00, 0x28,
    0x00, 0x00, 0x00, 0x8D, 0x97, 0x00, 0x00, 0x00, 0x00, 0x00, 0x00, 0x00, 0x00, 0x00, 0x00, 0x00,
    0x00, 0x00, 0x00, 0x00, 0x00, 0x00, 0x00, 0x00, 0x00, 0x00, 0x00, 0x00, 0x00, 0x00, 0x00, 0x00,
    0x00, 0x00, 0x00, 0xEE, 0xFF, 0xFF, 0xFF, 0x00, 0x00, 0x00, 0x00, 0x81, 0x00, 0x00, 0x00, 0x82,
    0x00, 0x00, 0x00, 0x00, 0x00, 0x00, 0x00, 0x00, 0x00, 0x00, 0x00, 0x00, 0x00, 0x00, 0x00, 0x04,
    0x00, 0x07, 0x00, 0x28, 0x00, 0x00, 0x00, 0xB5, 0x97, 0x00, 0x00, 0x00, 0x00, 0x00, 0x00, 0x00,
    0x00, 0x00, 0x00, 0x00, 0x00, 0x00, 0x00, 0x00, 0x00, 0x00, 0x00, 0x00, 0x00, 0x00, 0x00, 0x00,
    0x00, 0x00, 0x00, 0x00, 0x00, 0x00, 0x00, 0xEE, 0xFF, 0xFF, 0xFF, 0x00, 0x00, 0x00, 0x00, 0x81,
    0x00, 0x00, 0x00, 0xFE, 0x00, 0x00, 0x00, 0x00, 0x00, 0x00, 0x00, 0x00, 0x00, 0x00, 0x00, 0x00,
    0x00, 0x00, 0x00, 0x04, 0x00, 0x07, 0x00, 0x28, 0x00, 0x00, 0x00, 0xDD, 0x97, 0x00, 0x00, 0x00,
    0x00, 0x00, 0x00, 0x00, 0x00, 0x00, 0x00, 0x00, 0x00, 0x00, 0x00, 0x00, 0x00, 0x00, 0x00, 0x00,
    0x00, 0x00, 0x00, 0x00, 0x00, 0x00, 0x00, 0x00, 0x00, 0x00, 0x00, 0xEF, 0xFF, 0xFF, 0xFF, 0x00,
    0x00, 0x00, 0x00, 0xB4, 0x00, 0x00, 0x00, 0x07, 0x00, 0x00, 0x00, 0x00, 0x00, 0x00, 0x00, 0x00,
    0x00, 0x00, 0x00, 0x00, 0x00, 0x00, 0x00, 0x04, 0x00, 0x07, 0x00, 0x14, 0x01, 0x00, 0x00, 0x05,
    0x98, 0x00, 0x00, 0x00, 0x00, 0x00, 0x00, 0x00, 0x00, 0x00, 0x00, 0x00, 0x00, 0x00, 0x00, 0x00,
    0x00, 0x00, 0x00, 0x00, 0x00, 0x00, 0x00, 0x00, 0x00, 0x00, 0x00, 0x00, 0x00, 0x00, 0x00, 0xEE,
    0xFF, 0xFF, 0xFF, 0x00, 0x00, 0x00, 0x00, 0x84, 0x00, 0x00, 0x00, 0x48, 0x00, 0x00, 0x00, 0x00,
    0x00, 0x00, 0x00, 0x00, 0x00, 0x00, 0x00, 0x00, 0x00, 0x00, 0x00, 0x04, 0x00, 0x07, 0x00, 0x28,
    0x00, 0x00, 0x00, 0x19, 0x99, 0x00, 0x00, 0x00, 0x00, 0x00, 0x00, 0x00, 0x00, 0x00, 0x00, 0x00,
    0x00, 0x00, 0x00, 0x00, 0x00, 0x00, 0x00, 0x00, 0x00, 0x00, 0x00, 0x00, 0x00, 0x00, 0x00, 0x00,
    0x00, 0x00, 0x00, 0xEE, 0xFF, 0xFF, 0xFF, 0x00, 0x00, 0x00, 0x00, 0x84, 0x00, 0x00, 0x00, 0x87,
    0x00, 0x00, 0x00, 0x00, 0x00, 0x00, 0x00, 0x00, 0x00, 0x00, 0x00, 0x00, 0x00, 0x00, 0x00, 0x04,
    0x00, 0x07, 0x00, 0x28, 0x00, 0x00, 0x00, 0x41, 0x99, 0x00, 0x00, 0x00, 0x00, 0x00, 0x00, 0x00,
    0x00, 0x00, 0x00, 0x00, 0x00, 0x00, 0x00, 0x00, 0x00, 0x00, 0x00, 0x00, 0x00, 0x00, 0x00, 0x00,
    0x00, 0x00, 0x00, 0x00, 0x00, 0x00, 0x00, 0xEF, 0xFF, 0xFF, 0xFF, 0x00, 0x00, 0x00, 0x00, 0xB4,
    0x00, 0x00, 0x00, 0x97, 0x00, 0x00, 0x00, 0x00, 0x00, 0x00, 0x00, 0x00, 0x00, 0x00, 0x00, 0x00,
    0x00, 0x00, 0x00, 0x04, 0x00, 0x07, 0x00, 0xAD, 0x01, 0x00, 0x00, 0x69, 0x99, 0x00, 0x00, 0x00,
    0x00, 0x00, 0x00, 0x00, 0x00, 0x00, 0x00, 0x00, 0x00, 0x00, 0x00, 0x00, 0x00, 0x00, 0x00, 0x00,
    0x00, 0x00, 0x00, 0x00, 0x00, 0x00, 0x00, 0x00, 0x00, 0x00, 0x00, 0xEE, 0xFF, 0xFF, 0xFF, 0x00,
    0x00, 0x00, 0x00, 0x89, 0x00, 0x00, 0x00, 0x9A, 0x00, 0x00, 0x00, 0x00, 0x00, 0x00, 0x00, 0x00,
    0x00, 0x00, 0x00, 0x00, 0x00, 0x00, 0x00, 0x04, 0x00, 0x07, 0x00, 0x28, 0x00, 0x00, 0x00, 0x16,
    0x9B, 0x00, 0x00, 0x00, 0x00, 0x00, 0x00, 0x00, 0x00, 0x00, 0x00, 0x00, 0x00, 0x00, 0x00, 0x00,
    0x00, 0x00, 0x00, 0x00, 0x00, 0x00, 0x00, 0x00, 0x00, 0x00, 0x00, 0x00, 0x00, 0x00, 0x00, 0xEB,
    0xFF, 0xFF, 0xFF, 0x00, 0x00, 0x00, 0x00, 0x89, 0x00, 0x00, 0x00, 0x33, 0x00, 0x00, 0x00, 0x00,
    0x00, 0x00, 0x00, 0x00, 0x00, 0x00, 0x00, 0x00, 0x00, 0x00, 0x00, 0x04, 0x00, 0x07, 0x00, 0x2C,
    0x00, 0x00, 0x00, 0x3E, 0x9B, 0x00, 0x00, 0x00, 0x00, 0x00, 0x00, 0x00, 0x00, 0x00, 0x00, 0x00,
    0x00, 0x00, 0x00, 0x00, 0x00, 0x00, 0x00, 0x00, 0x00, 0x00, 0x00, 0x00, 0x00, 0x00, 0x00, 0x00,
    0x00, 0x00, 0x00, 0xEB, 0xFF, 0xFF, 0xFF, 0x00, 0x00, 0x00, 0x00, 0x89, 0x00, 0x00, 0x00, 0xC7,
    0x00, 0x00, 0x00, 0x00, 0x00, 0x00, 0x00, 0x00, 0x00, 0x00, 0x00, 0x00, 0x00, 0x00, 0x00, 0x04,
    0x00, 0x07, 0x00, 0x2C, 0x00, 0x00, 0x00, 0x6A, 0x9B, 0x00, 0x00, 0x00, 0x00, 0x00, 0x00, 0x00,
    0x00, 0x00, 0x00, 0x00, 0x00, 0x00, 0x00, 0x00, 0x00, 0x00, 0x00, 0x00, 0x00, 0x00, 0x00, 0x00,
    0x00, 0x00, 0x00, 0x00, 0x00, 0x00, 0x00, 0xEB, 0xFF, 0xFF, 0xFF, 0x00, 0x00, 0x00, 0x00, 0x89,
    0x00, 0x00, 0x00, 0xE9, 0x00, 0x00, 0x00, 0x00, 0x00, 0x00, 0x00, 0x00, 0x00, 0x00, 0x00, 0x00,
    0x00, 0x00, 0x00, 0x04, 0x00, 0x07, 0x00, 0x2C, 0x00, 0x00, 0x00, 0x96, 0x9B, 0x00, 0x00, 0x00,
    0x00, 0x00, 0x00, 0x00, 0x00, 0x00, 0x00, 0x00, 0x00, 0x00, 0x00, 0x00, 0x00, 0x00, 0x00, 0x00,
    0x00, 0x00, 0x00, 0x00, 0x00, 0x00, 0x00, 0x00, 0x00, 0x00, 0x00, 0xEF, 0xFF, 0xFF, 0xFF, 0x00,
    0x00, 0x00, 0x00, 0xB4, 0x00, 0x00, 0x00, 0xDD, 0x00, 0x00, 0x00, 0x00, 0x00, 0x00, 0x00, 0x00,
    0x00, 0x00, 0x00, 0x00, 0x00, 0x00, 0x00, 0x04, 0x00, 0x07, 0x00, 0xEC, 0x01, 0x00, 0x00, 0xC2,
    0x9B, 0x00, 0x00, 0x00, 0x00, 0x00, 0x00, 0x00, 0x00, 0x00, 0x00, 0x00, 0x00, 0x00, 0x00, 0x00,
    0x00, 0x00, 0x00, 0x00, 0x00, 0x00, 0x00, 0x00, 0x00, 0x00, 0x00, 0x00, 0x00, 0x00, 0x00, 0xEE,
    0xFF, 0xFF, 0xFF, 0x00, 0x00, 0x00, 0x00, 0x8C, 0x00, 0x00, 0x00, 0x87, 0x00, 0x00, 0x00, 0x00,
    0x00, 0x00, 0x00, 0x00, 0x00, 0x00, 0x00, 0x00, 0x00, 0x00, 0x00, 0x04, 0x00, 0x07, 0x00, 0x28,
    0x00, 0x00, 0x00, 0xAE, 0x9D, 0x00, 0x00, 0x00, 0x00, 0x00, 0x00, 0x00, 0x00, 0x00, 0x00, 0x00,
    0x00, 0x00, 0x00, 0x00, 0x00, 0x00, 0x00, 0x00, 0x00, 0x00, 0x00, 0x00, 0x00, 0x00, 0x00, 0x00,
    0x00, 0x00, 0x00, 0xEB, 0xFF, 0xFF, 0xFF, 0x00, 0x00, 0x00, 0x00, 0x8C, 0x00, 0x00, 0x00, 0x33,
    0x00, 0x00, 0x00, 0x00, 0x00, 0x00, 0x00, 0x00, 0x00, 0x00, 0x00, 0x00, 0x00, 0x00, 0x00, 0x04,
    0x00, 0x07, 0x00, 0x2C, 0x00, 0x00, 0x00, 0xD6, 0x9D, 0x00, 0x00, 0x00, 0x00, 0x00, 0x00, 0x00,
    0x00, 0x00, 0x00, 0x00, 0x00, 0x00, 0x00, 0x00, 0x00, 0x00, 0x00, 0x00, 0x00, 0x00, 0x00, 0x00,
    0x00, 0x00, 0x00, 0x00, 0x00, 0x00, 0x00, 0xEF, 0xFF, 0xFF, 0xFF, 0x00, 0x00, 0x00, 0x00, 0xB4,
    0x00, 0x00, 0x00, 0xF4, 0x00, 0x00, 0x00, 0x00, 0x00, 0x00, 0x00, 0x00, 0x00, 0x00, 0x00, 0x00,
    0x00, 0x00, 0x00, 0x04, 0x00, 0x07, 0x00, 0xC3, 0x02, 0x00, 0x00, 0x02, 0x9E, 0x00, 0x00, 0x00,
    0x00, 0x00, 0x00, 0x00, 0x00, 0x00, 0x00, 0x00, 0x00, 0x00, 0x00, 0x00, 0x00, 0x00, 0x00, 0x00,
    0x00, 0x00, 0x00, 0x00, 0x00, 0x00, 0x00, 0x00, 0x00, 0x00, 0x00, 0xEE, 0xFF, 0xFF, 0xFF, 0x00,
    0x00, 0x00, 0x00, 0x8E, 0x00, 0x00, 0x00, 0xC7, 0x00, 0x00, 0x00, 0x00, 0x00, 0x00, 0x00, 0x00,
    0x00, 0x00, 0x00, 0x00, 0x00, 0x00, 0x00, 0x04, 0x00, 0x07, 0x00, 0x28, 0x00, 0x00, 0x00, 0xC5,
    0xA0, 0x00, 0x00, 0x00, 0x00, 0x00, 0x00, 0x00, 0x00, 0x00, 0x00, 0x00, 0x00, 0x00, 0x00, 0x00,
    0x00, 0x00, 0x00, 0x00, 0x00, 0x00, 0x00, 0x00, 0x00, 0x00, 0x00, 0x00, 0x00, 0x00, 0x00, 0xEF,
    0xFF, 0xFF, 0xFF, 0x00, 0x00, 0x00, 0x00, 0xB4, 0x00, 0x00, 0x00, 0x74, 0x00, 0x00, 0x00, 0x00,
    0x00, 0x00, 0x00, 0x00, 0x00, 0x00, 0x00, 0x00, 0x00, 0x00, 0x00, 0x04, 0x00, 0x07, 0x00, 0x55,
    0x00, 0x00, 0x00, 0xED, 0xA0, 0x00, 0x00, 0x00, 0x00, 0x00, 0x00, 0x00, 0x00, 0x00, 0x00, 0x00,
    0x00, 0x00, 0x00, 0x00, 0x00, 0x00, 0x00, 0x00, 0x00, 0x00, 0x00, 0x00, 0x00, 0x00, 0x00, 0x00,
    0x00, 0x00, 0x00, 0xEE, 0xFF, 0xFF, 0xFF, 0x00, 0x00, 0x00, 0x00, 0x91, 0x00, 0x00, 0x00, 0xA0,
    0x00, 0x00, 0x00, 0x00, 0x00, 0x00, 0x00, 0x00, 0x00, 0x00, 0x00, 0x00, 0x00, 0x00, 0x00, 0x04,
    0x00, 0x07, 0x00, 0x28, 0x00, 0x00, 0x00, 0x42, 0xA1, 0x00, 0x00, 0x00, 0x00, 0x00, 0x00, 0x00,
    0x00, 0x00, 0x00, 0x00, 0x00, 0x00, 0x00, 0x00, 0x00, 0x00, 0x00, 0x00, 0x00, 0x00, 0x00, 0x00,
    0x00, 0x00, 0x00, 0x00, 0x00, 0x00, 0x00, 0xEE, 0xFF, 0xFF, 0xFF, 0x00, 0x00, 0x00, 0x00, 0x91,
    0x00, 0x00, 0x00, 0x35, 0x00, 0x00, 0x00, 0x00, 0x00, 0x00, 0x00, 0x00, 0x00, 0x00, 0x00, 0x00,
    0x00, 0x00, 0x00, 0x04, 0x00, 0x07, 0x00, 0x28, 0x00, 0x00, 0x00, 0x6A, 0xA1, 0x00, 0x00, 0x00,
    0x00, 0x00, 0x00, 0x00, 0x00, 0x00, 0x00, 0x00, 0x00, 0x00, 0x00, 0x00, 0x00, 0x00, 0x00, 0x00,
    0x00, 0x00, 0x00, 0x00, 0x00, 0x00, 0x00, 0x00, 0x00, 0x00, 0x00, 0xEF, 0xFF, 0xFF, 0xFF, 0x00,
    0x00, 0x00, 0x00, 0xB4, 0x00, 0x00, 0x00, 0xBC, 0x00, 0x00, 0x00, 0x00, 0x00, 0x00, 0x00, 0x00,
    0x00, 0x00, 0x00, 0x00, 0x00, 0x00, 0x00, 0x04, 0x00, 0x07, 0x00, 0x07, 0x01, 0x00, 0x00, 0x92,
    0xA1, 0x00, 0x00, 0x00, 0x00, 0x00, 0x00, 0x00, 0x00, 0x00, 0x00, 0x00, 0x00, 0x00, 0x00, 0x00,
    0x00, 0x00, 0x00, 0x00, 0x00, 0x00, 0x00, 0x00, 0x00, 0x00, 0x00, 0x00, 0x00, 0x00, 0x00, 0xEE,
    0xFF, 0xFF, 0xFF, 0x00, 0x00, 0x00, 0x00, 0x94, 0x00, 0x00, 0x00, 0xB1, 0x00, 0x00, 0x00, 0x00,
    0x00, 0x00, 0x00, 0x00, 0x00, 0x00, 0x00, 0x00, 0x00, 0x00, 0x00, 0x04, 0x00, 0x07, 0x00, 0x28,
    0x00, 0x00, 0x00, 0x99, 0xA2, 0x00, 0x00, 0x00, 0x00, 0x00, 0x00, 0x00, 0x00, 0x00, 0x00, 0x00,
    0x00, 0x00, 0x00, 0x00, 0x00, 0x00, 0x00, 0x00, 0x00, 0x00, 0x00, 0x00, 0x00, 0x00, 0x00, 0x00,
    0x00, 0x00, 0x00, 0xEE, 0xFF, 0xFF, 0xFF, 0x00, 0x00, 0x00, 0x00, 0x94, 0x00, 0x00, 0x00, 0x57,
    0x00, 0x00, 0x00, 0x00, 0x00, 0x00, 0x00, 0x00, 0x00, 0x00, 0x00, 0x00, 0x00, 0x00, 0x00, 0x04,
    0x00, 0x07, 0x00, 0x28, 0x00, 0x00, 0x00, 0xC1, 0xA2, 0x00, 0x00, 0x00, 0x00, 0x00, 0x00, 0x00,
    0x00, 0x00, 0x00, 0x00, 0x00, 0x00, 0x00, 0x00, 0x00, 0x00, 0x00, 0x00, 0x00, 0x00, 0x00, 0x00,
    0x00, 0x00, 0x00, 0x00, 0x00, 0x00, 0x00, 0xEF, 0xFF, 0xFF, 0xFF, 0x00, 0x00, 0x00, 0x00, 0xB4,
    0x00, 0x00, 0x00, 0x3A, 0x00, 0x00, 0x00, 0x00, 0x00, 0x00, 0x00, 0x00, 0x00, 0x00, 0x00, 0x00,
    0x00, 0x00, 0x00, 0x04, 0x00, 0x07, 0x00, 0xF2, 0x00, 0x00, 0x00, 0xE9, 0xA2, 0x00, 0x00, 0x00,
    0x00, 0x00, 0x00, 0x00, 0x00, 0x00, 0x00, 0x00, 0x00, 0x00, 0x00, 0x00, 0x00, 0x00, 0x00, 0x00,
    0x00, 0x00, 0x00, 0x00, 0x00, 0x00, 0x00, 0x00, 0x00, 0x00, 0x00, 0xEB, 0xFF, 0xFF, 0xFF, 0x00,
    0x00, 0x00, 0x00, 0x96, 0x00, 0x00, 0x00, 0xC7, 0x00, 0x00, 0x00, 0x00, 0x00, 0x00, 0x00, 0x00,
    0x00, 0x00, 0x00, 0x00, 0x00, 0x00, 0x00, 0x04, 0x00, 0x07, 0x00, 0x2C, 0x00, 0x00, 0x00, 0xDB,
    0xA3, 0x00, 0x00, 0x00, 0x00, 0x00, 0x00, 0x00, 0x00, 0x00, 0x00, 0x00, 0x00, 0x00, 0x00, 0x00,
    0x00, 0x00, 0x00, 0x00, 0x00, 0x00, 0x00, 0x00, 0x00, 0x00, 0x00, 0x00, 0x00, 0x00, 0x00, 0xEF,
    0xFF, 0xFF, 0xFF, 0x00, 0x00, 0x00, 0x00, 0xB4, 0x00, 0x00, 0x00, 0x72, 0x00, 0x00, 0x00, 0x00,
    0x00, 0x00, 0x00, 0x00, 0x00, 0x00, 0x00, 0x00, 0x00, 0x00, 0x00, 0x04, 0x00, 0x07, 0x00, 0xB9,
    0x00, 0x00, 0x00, 0x07, 0xA4, 0x00, 0x00, 0x00, 0x00, 0x00, 0x00, 0x00, 0x00, 0x00, 0x00, 0x00,
    0x00, 0x00, 0x00, 0x00, 0x00, 0x00, 0x00, 0x00, 0x00, 0x00, 0x00, 0x00, 0x00, 0x00, 0x00, 0x00,
    0x00, 0x00, 0x00, 0xEE, 0xFF, 0xFF, 0xFF, 0x00, 0x00, 0x00, 0x00, 0x9D, 0x00, 0x00, 0x00, 0xA0,
    0x00, 0x00, 0x00, 0x00, 0x00, 0x00, 0x00, 0x00, 0x00, 0x00, 0x00, 0x00, 0x00, 0x00, 0x00, 0x04,
    0x00, 0x07, 0x00, 0x28, 0x00, 0x00, 0x00, 0xC0, 0xA4, 0x00, 0x00, 0x00, 0x00, 0x00, 0x00, 0x00,
    0x00, 0x00, 0x00, 0x00, 0x00, 0x00, 0x00, 0x00, 0x00, 0x00, 0x00, 0x00, 0x00, 0x00, 0x00, 0x00,
    0x00, 0x00, 0x00, 0x00, 0x00, 0x00, 0x00, 0xEE, 0xFF, 0xFF, 0xFF, 0x00, 0x00, 0x00, 0x00, 0x9D,
    0x00, 0x00, 0x00, 0x54, 0x00, 0x00, 0x00, 0x00, 0x00, 0x00, 0x00, 0x00, 0x00, 0x00, 0x00, 0x00,
    0x00, 0x00, 0x00, 0x04, 0x00, 0x07, 0x00, 0x28, 0x00, 0x00, 0x00, 0xE8, 0xA4, 0x00, 0x00, 0x00,
    0x00, 0x00, 0x00, 0x00, 0x00, 0x00, 0x00, 0x00, 0x00, 0x00, 0x00, 0x00, 0x00, 0x00, 0x00, 0x00,
    0x00, 0x00, 0x00, 0x00, 0x00, 0x00, 0x00, 0x00, 0x00, 0x00, 0x00, 0xEE, 0xFF, 0xFF, 0xFF, 0x00,
    0x00, 0x00, 0x00, 0x9D, 0x00, 0x00, 0x00, 0x55, 0x00, 0x00, 0x00, 0x00, 0x00, 0x00, 0x00, 0x00,
    0x00, 0x00, 0x00, 0x00, 0x00, 0x00, 0x00, 0x04, 0x00, 0x07, 0x00, 0x28, 0x00, 0x00, 0x00, 0x10,
    0xA5, 0x00, 0x00, 0x00, 0x00, 0x00, 0x00, 0x00, 0x00, 0x00, 0x00, 0x00, 0x00, 0x00, 0x00, 0x00,
    0x00, 0x00, 0x00, 0x00, 0x00, 0x00, 0x00, 0x00, 0x00, 0x00, 0x00, 0x00, 0x00, 0x00, 0x00, 0xE8,
    0xFF, 0xFF, 0xFF, 0x00, 0x00, 0x00, 0x00, 0x9D, 0x00, 0x00, 0x00, 0xFB, 0x00, 0x00, 0x00, 0x00,
    0x00, 0x00, 0x00, 0x00, 0x00, 0x00, 0x00, 0x00, 0x00, 0x00, 0x00, 0x04, 0x00, 0x07, 0x00, 0x2C,
    0x00, 0x00, 0x00, 0x38, 0xA5, 0x00, 0x00, 0x00, 0x00, 0x00, 0x00, 0x00, 0x00, 0x00, 0x00, 0x00,
    0x00, 0x00, 0x00, 0x00, 0x00, 0x00, 0x00, 0x00, 0x00, 0x00, 0x00, 0x00, 0x00, 0x00, 0x00, 0x00,
    0x00, 0x00, 0x00, 0xEB, 0xFF, 0xFF, 0xFF, 0x00, 0x00, 0x00, 0x00, 0x9D, 0x00, 0x00, 0x00, 0xB4,
    0x00, 0x00, 0x00, 0x00, 0x00, 0x00, 0x00, 0x00, 0x00, 0x00, 0x00, 0x00, 0x00, 0x00, 0x00, 0x04,
    0x00, 0x07, 0x00, 0x2C, 0x00, 0x00, 0x00, 0x64, 0xA5, 0x00, 0x00, 0x00, 0x00, 0x00, 0x00, 0x00,
    0x00, 0x00, 0x00, 0x00, 0x00, 0x00, 0x00, 0x00, 0x00, 0x00, 0x00, 0x00, 0x00, 0x00, 0x00, 0x00,
    0x00, 0x00, 0x00, 0x00, 0x00, 0x00, 0x00, 0xF4, 0xFF, 0xFF, 0xFF, 0x00, 0x00, 0x00, 0x00, 0x9D,
    0x00, 0x00, 0x00, 0xC7, 0x00, 0x00, 0x00, 0x00, 0x00, 0x00, 0x00, 0x00, 0x00, 0x00, 0x00, 0x00,
    0x00, 0x00, 0x00, 0x04, 0x00, 0x07, 0x00, 0x28, 0x00, 0x00, 0x00, 0x90, 0xA5, 0x00, 0x00, 0x00,
    0x00, 0x00, 0x00, 0x00, 0x00, 0x00, 0x00, 0x00, 0x00, 0x00, 0x00, 0x00, 0x00, 0x00, 0x00, 0x00,
    0x00, 0x00, 0x00, 0x00, 0x00, 0x00, 0x00, 0x00, 0x00, 0x00, 0x00, 0xEF, 0xFF, 0xFF, 0xFF, 0x00,
    0x00, 0x00, 0x00, 0xB4, 0x00, 0x00, 0x00, 0x18, 0x00, 0x00, 0x00, 0x00, 0x00, 0x00, 0x00, 0x00,
    0x00, 0x00, 0x00, 0x00, 0x00, 0x00, 0x00, 0x04, 0x00, 0x07, 0x00, 0xF5, 0x02, 0x00, 0x00, 0xB8,
    0xA5, 0x00, 0x00, 0x00, 0x00, 0x00, 0x00, 0x00, 0x00, 0x00, 0x00, 0x00, 0x00, 0x00, 0x00, 0x00,
    0x00, 0x00, 0x00, 0x00, 0x00, 0x00, 0x00, 0x00, 0x00, 0x00, 0x00, 0x00, 0x00, 0x00, 0x00, 0xF4,
    0xFF, 0xFF, 0xFF, 0x00, 0x00, 0x00, 0x00, 0xA1, 0x00, 0x00, 0x00, 0x21, 0x00, 0x00, 0x00, 0x00,
    0x00, 0x00, 0x00, 0x00, 0x00, 0x00, 0x00, 0x00, 0x00, 0x00, 0x00, 0x04, 0x00, 0x07, 0x00, 0x28,
    0x00, 0x00, 0x00, 0xAD, 0xA8, 0x00, 0x00, 0x00, 0x00, 0x00, 0x00, 0x00, 0x00, 0x00, 0x00, 0x00,
    0x00, 0x00, 0x00, 0x00, 0x00, 0x00, 0x00, 0x00, 0x00, 0x00, 0x00, 0x00, 0x00, 0x00, 0x00, 0x00,
    0x00, 0x00, 0x00, 0xE9, 0xFF, 0xFF, 0xFF, 0x00, 0x00, 0x00, 0x00, 0xA1, 0x00, 0x00, 0x00, 0x58,
    0x00, 0x00, 0x00, 0x00, 0x00, 0x00, 0x00, 0x00, 0x00, 0x00, 0x00, 0x00, 0x00, 0x00, 0x00, 0x04,
    0x00, 0x07, 0x00, 0x28, 0x00, 0x00, 0x00, 0xD5, 0xA8, 0x00, 0x00, 0x00, 0x00, 0x00, 0x00, 0x00,
    0x00, 0x00, 0x00, 0x00, 0x00, 0x00, 0x00, 0x00, 0x00, 0x00, 0x00, 0x00, 0x00, 0x00, 0x00, 0x00,
    0x00, 0x00, 0x00, 0x00, 0x00, 0x00, 0x00, 0xEB, 0xFF, 0xFF, 0xFF, 0x00, 0x00, 0x00, 0x00, 0xA1,
    0x00, 0x00, 0x00, 0xB4, 0x00, 0x00, 0x00, 0x00, 0x00, 0x00, 0x00, 0x00, 0x00, 0x00, 0x00, 0x00,
    0x00, 0x00, 0x00, 0x04, 0x00, 0x07, 0x00, 0x2C, 0x00, 0x00, 0x00, 0xFD, 0xA8, 0x00, 0x00, 0x00,
    0x00, 0x00, 0x00, 0x00, 0x00, 0x00, 0x00, 0x00, 0x00, 0x00, 0x00, 0x00, 0x00, 0x00, 0x00, 0x00,
    0x00, 0x00, 0x00, 0x00, 0x00, 0x00, 0x00, 0x00, 0x00, 0x00, 0x00, 0xEF, 0xFF, 0xFF, 0xFF, 0x00,
    0x00, 0x00, 0x00, 0xB4, 0x00, 0x00, 0x00, 0x17, 0x00, 0x00, 0x00, 0x00, 0x00, 0x00, 0x00, 0x00,
    0x00, 0x00, 0x00, 0x00, 0x00, 0x00, 0x00, 0x04, 0x00, 0x07, 0x00, 0x16, 0x02, 0x00, 0x00, 0x29,
    0xA9, 0x00, 0x00, 0x00, 0x00, 0x00, 0x00, 0x00, 0x00, 0x00, 0x00, 0x00, 0x00, 0x00, 0x00, 0x00,
    0x00, 0x00, 0x00, 0x00, 0x00, 0x00, 0x00, 0x00, 0x00, 0x00, 0x00, 0x00, 0x00, 0x00, 0x00, 0xEB,
    0xFF, 0xFF, 0xFF, 0x00, 0x00, 0x00, 0x00, 0xA5, 0x00, 0x00, 0x00, 0xB4, 0x00, 0x00, 0x00, 0x00,
    0x00, 0x00, 0x00, 0x00, 0x00, 0x00, 0x00, 0x00, 0x00, 0x00, 0x00, 0x04, 0x00, 0x07, 0x00, 0x2C,
    0x00, 0x00, 0x00, 0x3F, 0xAB, 0x00, 0x00, 0x00, 0x00, 0x00, 0x00, 0x00, 0x00, 0x00, 0x00, 0x00,
    0x00, 0x00, 0x00, 0x00, 0x00, 0x00, 0x00, 0x00, 0x00, 0x00, 0x00, 0x00, 0x00, 0x00, 0x00, 0x00,
    0x00, 0x00, 0x00, 0xEE, 0xFF, 0xFF, 0xFF, 0x00, 0x00, 0x00, 0x00, 0xA5, 0x00, 0x00, 0x00, 0x82,
    0x00, 0x00, 0x00, 0x00, 0x00, 0x00, 0x00, 0x00, 0x00, 0x00, 0x00, 0x00, 0x00, 0x00, 0x00, 0x04,
    0x00, 0x07, 0x00, 0x28, 0x00, 0x00, 0x00, 0x6B, 0xAB, 0x00, 0x00, 0x00, 0x00, 0x00, 0x00, 0x00,
    0x00, 0x00, 0x00, 0x00, 0x00, 0x00, 0x00, 0x00, 0x00, 0x00, 0x00, 0x00, 0x00, 0x00, 0x00, 0x00,
    0x00, 0x00, 0x00, 0x00, 0x00, 0x00, 0x00, 0xEE, 0xFF, 0xFF, 0xFF, 0x00, 0x00, 0x00, 0x00, 0xA5,
    0x00, 0x00, 0x00, 0xFE, 0x00, 0x00, 0x00, 0x00, 0x00, 0x00, 0x00, 0x00, 0x00, 0x00, 0x00, 0x00,
    0x00, 0x00, 0x00, 0x04, 0x00, 0x07, 0x00, 0x28, 0x00, 0x00, 0x00, 0x93, 0xAB, 0x00, 0x00, 0x00,
    0x00, 0x00, 0x00, 0x00, 0x00, 0x00, 0x00, 0x00, 0x00, 0x00, 0x00, 0x00, 0x00, 0x00, 0x00, 0x00,
    0x00, 0x00, 0x00, 0x00, 0x00, 0x00, 0x00, 0x00, 0x00, 0x00, 0x00, 0xEF, 0xFF, 0xFF, 0xFF, 0x00,
    0x00, 0x00, 0x00, 0xB4, 0x00, 0x00, 0x00, 0xD2, 0x00, 0x00, 0x00, 0x00, 0x00, 0x00, 0x00, 0x00,
    0x00, 0x00, 0x00, 0x00, 0x00, 0x00, 0x00, 0x04, 0x00, 0x07, 0x00, 0xCC, 0x00, 0x00, 0x00, 0xBB,
    0xAB, 0x00, 0x00, 0x00, 0x00, 0x00, 0x00, 0x00, 0x00, 0x00, 0x00, 0x00, 0x00, 0x00, 0x00, 0x00,
    0x00, 0x00, 0x00, 0x00, 0x00, 0x00, 0x00, 0x00, 0x00, 0x00, 0x00, 0x00, 0x00, 0x00, 0x00, 0xEE,
    0xFF, 0xFF, 0xFF, 0x00, 0x00, 0x00, 0x00, 0xA7, 0x00, 0x00, 0x00, 0x87, 0x00, 0x00, 0x00, 0x00,
    0x00, 0x00, 0x00, 0x00, 0x00, 0x00, 0x00, 0x00, 0x00, 0x00, 0x00, 0x04, 0x00, 0x07, 0x00, 0x28,
    0x00, 0x00, 0x00, 0x87, 0xAC, 0x00, 0x00, 0x00, 0x00, 0x00, 0x00, 0x00, 0x00, 0x00, 0x00, 0x00,
    0x00, 0x00, 0x00, 0x00, 0x00, 0x00, 0x00, 0x00, 0x00, 0x00, 0x00, 0x00, 0x00, 0x00, 0x00, 0x00,
    0x00, 0x00, 0x00, 0xEF, 0xFF, 0xFF, 0xFF, 0x00, 0x00, 0x00, 0x00, 0xB4, 0x00, 0x00, 0x00, 0xBB,
    0x00, 0x00, 0x00, 0x00, 0x00, 0x00, 0x00, 0x00, 0x00, 0x00, 0x00, 0x00, 0x00, 0x00, 0x00, 0x04,
    0x00, 0x07, 0x00, 0xDD, 0x00, 0x00, 0x00, 0xAF, 0xAC, 0x00, 0x00, 0x00, 0x00, 0x00, 0x00, 0x00,
    0x00, 0x00, 0x00, 0x00, 0x00, 0x00, 0x00, 0x00, 0x00, 0x00, 0x00, 0x00, 0x00, 0x00, 0x00, 0x00,
    0x00, 0x00, 0x00, 0x00, 0x00, 0x00, 0x00, 0xEF, 0xFF, 0xFF, 0xFF, 0x00, 0x00, 0x00, 0x00, 0xB4,
    0x00, 0x00, 0x00, 0xCC, 0x00, 0x00, 0x00, 0x00, 0x00, 0x00, 0x00, 0x00, 0x00, 0x00, 0x00, 0x00,
    0x00, 0x00, 0x00, 0x04, 0x00, 0x07, 0x00, 0x00, 0x01, 0x00, 0x00, 0x8C, 0xAD, 0x00, 0x00, 0x00,
    0x00, 0x00, 0x00, 0x00, 0x00, 0x00, 0x00, 0x00, 0x00, 0x00, 0x00, 0x00, 0x00, 0x00, 0x00, 0x00,
    0x00, 0x00, 0x00, 0x00, 0x00, 0x00, 0x00, 0x00, 0x00, 0x00, 0x00, 0xEE, 0xFF, 0xFF, 0xFF, 0x00,
    0x00, 0x00, 0x00, 0xAD, 0x00, 0x00, 0x00, 0x87, 0x00, 0x00, 0x00, 0x00, 0x00, 0x00, 0x00, 0x00,
    0x00, 0x00, 0x00, 0x00, 0x00, 0x00, 0x00, 0x04, 0x00, 0x07, 0x00, 0x28, 0x00, 0x00, 0x00, 0x8C,
    0xAE, 0x00, 0x00, 0x00, 0x00, 0x00, 0x00, 0x00, 0x00, 0x00, 0x00, 0x00, 0x00, 0x00, 0x00, 0x00,
    0x00, 0x00, 0x00, 0x00, 0x00, 0x00, 0x00, 0x00, 0x00, 0x00, 0x00, 0x00, 0x00, 0x00, 0x00, 0xEE,
    0xFF, 0xFF, 0xFF, 0x00, 0x00, 0x00, 0x00, 0xAD, 0x00, 0x00, 0x00, 0xC7, 0x00, 0x00, 0x00, 0x00,
    0x00, 0x00, 0x00, 0x00, 0x00, 0x00, 0x00, 0x00, 0x00, 0x00, 0x00, 0x04, 0x00, 0x07, 0x00, 0x28,
    0x00, 0x00, 0x00, 0xB4, 0xAE, 0x00, 0x00, 0x00, 0x00, 0x00, 0x00, 0x00, 0x00, 0x00, 0x00, 0x00,
    0x00, 0x00, 0x00, 0x00, 0x00, 0x00, 0x00, 0x00, 0x00, 0x00, 0x00, 0x00, 0x00, 0x00, 0x00, 0x00,
    0x00, 0x00, 0x00, 0xEE, 0xFF, 0xFF, 0xFF, 0x00, 0x00, 0x00, 0x00, 0xAD, 0x00, 0x00, 0x00, 0x82,
    0x00, 0x00, 0x00, 0x00, 0x00, 0x00, 0x00, 0x00, 0x00, 0x00, 0x00, 0x00, 0x00, 0x00, 0x00, 0x04,
    0x00, 0x07, 0x00, 0x28, 0x00, 0x00, 0x00, 0xDC, 0xAE, 0x00, 0x00, 0x00, 0x00, 0x00, 0x00, 0x00,
    0x00, 0x00, 0x00, 0x00, 0x00, 0x00, 0x00, 0x00, 0x00, 0x00, 0x00, 0x00, 0x00, 0x00, 0x00, 0x00,
    0x00, 0x00, 0x00, 0x00, 0x00, 0x00, 0x00, 0xEE, 0xFF, 0xFF, 0xFF, 0x00, 0x00, 0x00, 0x00, 0xAD,
    0x00, 0x00, 0x00, 0xFE, 0x00, 0x00, 0x00, 0x00, 0x00, 0x00, 0x00, 0x00, 0x00, 0x00, 0x00, 0x00,
    0x00, 0x00, 0x00, 0x04, 0x00, 0x07, 0x00, 0x28, 0x00, 0x00, 0x00, 0x04, 0xAF, 0x00, 0x00, 0x00,
    0x00, 0x00, 0x00, 0x00, 0x00, 0x00, 0x00, 0x00, 0x00, 0x00, 0x00, 0x00, 0x00, 0x00, 0x00, 0x00,
    0x00, 0x00, 0x00, 0x00, 0x00, 0x00, 0x00, 0x00, 0x00, 0x00, 0x00, 0xEF, 0xFF, 0xFF, 0xFF, 0x00,
    0x00, 0x00, 0x00, 0xB4, 0x00, 0x00, 0x00, 0x63, 0x00, 0x00, 0x00, 0x00, 0x00, 0x00, 0x00, 0x00,
    0x00, 0x00, 0x00, 0x00, 0x00, 0x00, 0x00, 0x04, 0x00, 0x07, 0x00, 0xB5, 0x00, 0x00, 0x00, 0x2C,
    0xAF, 0x00, 0x00, 0x00, 0x00, 0x00, 0x00, 0x00, 0x00, 0x00, 0x00, 0x00, 0x00, 0x00, 0x00, 0x00,
    0x00, 0x00, 0x00, 0x00, 0x00, 0x00, 0x00, 0x00, 0x00, 0x00, 0x00, 0x00, 0x00, 0x00, 0x00, 0xEE,
    0xFF, 0xFF, 0xFF, 0x00, 0x00, 0x00, 0x00, 0xB3, 0x00, 0x00, 0x00, 0xA0, 0x00, 0x00, 0x00, 0x00,
    0x00, 0x00, 0x00, 0x00, 0x00, 0x00, 0x00, 0x00, 0x00, 0x00, 0x00, 0x04, 0x00, 0x07, 0x00, 0x28,
    0x00, 0x00, 0x00, 0xE1, 0xAF, 0x00, 0x00, 0x00, 0x00, 0x00, 0x00, 0x00, 0x00, 0x00, 0x00, 0x00,
    0x00, 0x00, 0x00, 0x00, 0x00, 0x00, 0x00, 0x00, 0x00, 0x00, 0x00, 0x00, 0x00, 0x00, 0x00, 0x00,
    0x00, 0x00, 0x00, 0xEE, 0xFF, 0xFF, 0xFF, 0x00, 0x00, 0x00, 0x00, 0xB3, 0x00, 0x00, 0x00, 0x82,
    0x00, 0x00, 0x00, 0x00, 0x00, 0x00, 0x00, 0x00, 0x00, 0x00, 0x00, 0x00, 0x00, 0x00, 0x00, 0x04,
    0x00, 0x07, 0x00, 0x28, 0x00, 0x00, 0x00, 0x09, 0xB0, 0x00, 0x00, 0x00, 0x00, 0x00, 0x00, 0x00,
    0x00, 0x00, 0x00, 0x00, 0x00, 0x00, 0x00, 0x00, 0x00, 0x00, 0x00, 0x00, 0x00, 0x00, 0x00, 0x00,
    0x00, 0x00, 0x00, 0x00, 0x00, 0x00, 0x00, 0xEE, 0xFF, 0xFF, 0xFF, 0x00, 0x00, 0x00, 0x00, 0xB3,
    0x00, 0x00, 0x00, 0xFE, 0x00, 0x00, 0x00, 0x00, 0x00, 0x00, 0x00, 0x00, 0x00, 0x00, 0x00, 0x00,
    0x00, 0x00, 0x00, 0x04, 0x00, 0x07, 0x00, 0x28, 0x00, 0x00, 0x00, 0x31, 0xB0, 0x00, 0x00, 0x00,
    0x00, 0x00, 0x00, 0x00, 0x00, 0x00, 0x00, 0x00, 0x00, 0x00, 0x00, 0x00, 0x00, 0x00, 0x00, 0x00,
    0x00, 0x00, 0x00, 0x00, 0x00, 0x00, 0x00, 0x00, 0x00, 0x00, 0x00, 0xE8, 0xFF, 0xFF, 0xFF, 0x00,
    0x00, 0x00, 0x00, 0xB3, 0x00, 0x00, 0x00, 0xFB, 0x00, 0x00, 0x00, 0x00, 0x00, 0x00, 0x00, 0x00,
    0x00, 0x00, 0x00, 0x00, 0x00, 0x00, 0x00, 0x04, 0x00, 0x07, 0x00, 0x2C, 0x00, 0x00, 0x00, 0x59,
    0xB0, 0x00, 0x00, 0x00, 0x00, 0x00, 0x00, 0x00, 0x00, 0x00, 0x00, 0x00, 0x00, 0x00, 0x00, 0x00,
    0x00, 0x00, 0x00, 0x00, 0x00, 0x00, 0x00, 0x00, 0x00, 0x00, 0x00, 0x00, 0x00, 0x00, 0x00, 0xEB,
    0xFF, 0xFF, 0xFF, 0x00, 0x00, 0x00, 0x00, 0xB3, 0x00, 0x00, 0x00, 0xB4, 0x00, 0x00, 0x00, 0x00,
    0x00, 0x00, 0x00, 0x00, 0x00, 0x00, 0x00, 0x00, 0x00, 0x00, 0x00, 0x04, 0x00, 0x07, 0x00, 0x2C,
    0x00, 0x00, 0x00, 0x85, 0xB0, 0x00, 0x00, 0x00, 0x00, 0x00, 0x00, 0x00, 0x00, 0x00, 0x00, 0x00,
    0x00, 0x00, 0x00, 0x00, 0x00, 0x00, 0x00, 0x00, 0x00, 0x00, 0x00, 0x00, 0x00, 0x00, 0x00, 0x00,
    0x00, 0x00, 0x00, 0xEF, 0xFF, 0xFF, 0xFF, 0x00, 0x00, 0x00, 0x00, 0xB4, 0x00, 0x00, 0x00, 0xA1,
    0x00, 0x00, 0x00, 0x00, 0x00, 0x00, 0x00, 0x00, 0x00, 0x00, 0x00, 0x00, 0x00, 0x00, 0x00, 0x04,
    0x00, 0x07, 0x00, 0x1E, 0x02, 0x00, 0x00, 0xB1, 0xB0, 0x00, 0x00, 0x00, 0x00, 0x00, 0x00, 0x00,
    0x00, 0x00, 0x00, 0x00, 0x00, 0x00, 0x00, 0x00, 0x00, 0x00, 0x00, 0x00, 0x00, 0x00, 0x00, 0x00,
    0x00, 0x00, 0x00, 0x00, 0x00, 0x00, 0x00, 0x00, 0x00, 0x00, 0x00, 0xDF, 0xFF, 0xFF, 0xFF, 0x00,
    0x00, 0x00, 0x00, 0x13, 0x00, 0x00, 0x00, 0x00, 0x00, 0x00, 0x00, 0x00, 0x00, 0x00, 0x00, 0x00,
    0x00, 0x00, 0x00, 0x04, 0x00, 0x0F, 0x00, 0x7A, 0x01, 0x00, 0x00, 0xCF, 0xB2, 0x00, 0x00, 0x00,
    0x00, 0x00, 0x00, 0x00, 0x00, 0x00, 0x00, 0x00, 0x00, 0x00, 0x00, 0x00, 0x00, 0x00, 0x00, 0x00,
    0x00, 0x00, 0x00, 0x00, 0x00, 0x00, 0x00, 0x00, 0x00, 0x00, 0x00, 0xB4, 0x00, 0x00, 0x00, 0x00,
    0x00, 0x00, 0x00, 0x00, 0x00, 0x00, 0x00, 0x4B, 0x00, 0x00, 0x00, 0x00, 0x00, 0x00, 0x00, 0xB4,
    0xFF, 0xFF, 0xFF, 0x00, 0x02, 0x00, 0x00, 0x04, 0x00, 0x07, 0x00, 0x2C, 0x00, 0x00, 0x00, 0x49,
    0xB4, 0x00, 0x00, 0x00, 0x00, 0x00, 0x00, 0x00, 0x00, 0x00, 0x00, 0x00, 0x00, 0x00, 0x00, 0x00,
    0x00, 0x00, 0x00, 0x00, 0x00, 0x00, 0x00, 0x00, 0x00, 0x00, 0x00, 0x00, 0x00, 0x00, 0x00, 0xEB,
    0xFF, 0xFF, 0xFF, 0x00, 0x00, 0x00, 0x00, 0xB8, 0x00, 0x00, 0x00, 0x79, 0x00, 0x00, 0x00, 0x00,
    0x00, 0x00, 0x00, 0x00, 0x00, 0x00, 0x00, 0x00, 0x00, 0x00, 0x00, 0x04, 0x00, 0x07, 0x00, 0x2C,
    0x00, 0x00, 0x00, 0x75, 0xB4, 0x00, 0x00, 0x00, 0x00, 0x00, 0x00, 0x00, 0x00, 0x00, 0x00, 0x00,
    0x00, 0x00, 0x00, 0x00, 0x00, 0x00, 0x00, 0x00, 0x00, 0x00, 0x00, 0x00, 0x00, 0x00, 0x00, 0x00,
    0x00, 0x00, 0x00, 0xEF, 0xFF, 0xFF, 0xFF, 0xC7, 0xFF, 0xFF, 0xFF, 0xB8, 0x00, 0x00, 0x00, 0xB7,
    0x00, 0x00, 0x00, 0x00, 0x00, 0x00, 0x00, 0x00, 0x00, 0x00, 0x00, 0x00, 0x00, 0x00, 0x00, 0x04,
    0x00, 0x07, 0x00, 0x07, 0x01, 0x00, 0x00, 0xA1, 0xB4, 0x00, 0x00, 0x00, 0x00, 0x00, 0x00, 0x00,
    0x00, 0x00, 0x00, 0x00, 0x00, 0x00, 0x00, 0x00, 0x00, 0x00, 0x00, 0x00, 0x00, 0x00, 0x00, 0x00,
    0x00, 0x00, 0x00, 0x00, 0x00, 0x00, 0x00, 0x00, 0x00, 0x00, 0x00, 0xDC, 0xFF, 0xFF, 0xFF, 0x00,
    0x00, 0x00, 0x00, 0x14, 0x00, 0x00, 0x00, 0x00, 0x00, 0x00, 0x00, 0x00, 0x00, 0x00, 0x00, 0x00,
    0x00, 0x00, 0x00, 0x04, 0x00, 0x0F, 0x00, 0xA2, 0x00, 0x00, 0x00, 0xA8, 0xB5, 0x00, 0x00, 0x00,
    0x00, 0x00, 0x00, 0x00, 0x00, 0x00, 0x00, 0x00, 0x00, 0x00, 0x00, 0x00, 0x00, 0x00, 0x00, 0x00,
    0x00, 0x00, 0x00, 0x00, 0x00, 0x00, 0x00, 0x00, 0x00, 0x00, 0x00, 0xB8, 0x00, 0x00, 0x00, 0x00,
    0x00, 0x00, 0x00, 0x00, 0x00, 0x00, 0x00, 0x4C, 0x00, 0x00, 0x00, 0x00, 0x00, 0x00, 0x00, 0xB3,
    0xFF, 0xFF, 0xFF, 0x00, 0x02, 0x00, 0x00, 0x04, 0x00, 0x07, 0x00, 0x2C, 0x00, 0x00, 0x00, 0x4A,
    0xB6, 0x00, 0x00, 0x00, 0x00, 0x00, 0x00, 0x00, 0x00, 0x00, 0x00, 0x00, 0x00, 0x00, 0x00, 0x00,
    0x00, 0x00, 0x00, 0x00, 0x00, 0x00, 0x00, 0x00, 0x00, 0x00, 0x00, 0x00, 0x00, 0x00, 0x00, 0xEE,
    0xFF, 0xFF, 0xFF, 0x00, 0x00, 0x00, 0x00, 0xBB, 0x00, 0x00, 0x00, 0xC7, 0x00, 0x00, 0x00, 0x00,
    0x00, 0x00, 0x00, 0x00, 0x00, 0x00, 0x00, 0x00, 0x00, 0x00, 0x00, 0x04, 0x00, 0x07, 0x00, 0x28,
    0x00, 0x00, 0x00, 0x76, 0xB6, 0x00, 0x00, 0x00, 0x00, 0x00, 0x00, 0x00, 0x00, 0x00, 0x00, 0x00,
    0x00, 0x00, 0x00, 0x00, 0x00, 0x00, 0x00, 0x00, 0x00, 0x00, 0x00, 0x00, 0x00, 0x00, 0x00, 0x00,
    0x00, 0x00, 0x00, 0xEF, 0xFF, 0xFF, 0xFF, 0x00, 0x00, 0x00, 0x00, 0xC8, 0x00, 0x00, 0x00, 0x0E,
    0x00, 0x00, 0x00, 0x00, 0x00, 0x00, 0x00, 0x00, 0x00, 0x00, 0x00, 0x00, 0x00, 0x00, 0x00, 0x04,
    0x00, 0x07, 0x00, 0x46, 0x00, 0x00, 0x00, 0x9E, 0xB6, 0x00, 0x00, 0x00, 0x00, 0x00, 0x00, 0x00,
    0x00, 0x00, 0x00, 0x00, 0x00, 0x00, 0x00, 0x00, 0x00, 0x00, 0x00, 0x00, 0x00, 0x00, 0x00, 0x00,
    0x00, 0x00, 0x00, 0x00, 0x00, 0x00, 0x00, 0xEE, 0xFF, 0xFF, 0xFF, 0x00, 0x00, 0x00, 0x00, 0xBD,
    0x00, 0x00, 0x00, 0xC7, 0x00, 0x00, 0x00, 0x00, 0x00, 0x00, 0x00, 0x00, 0x00, 0x00, 0x00, 0x00,
    0x00, 0x00, 0x00, 0x04, 0x00, 0x07, 0x00, 0x28, 0x00, 0x00, 0x00, 0xE4, 0xB6, 0x00, 0x00, 0x00,
    0x00, 0x00, 0x00, 0x00, 0x00, 0x00, 0x00, 0x00, 0x00, 0x00, 0x00, 0x00, 0x00, 0x00, 0x00, 0x00,
    0x00, 0x00, 0x00, 0x00, 0x00, 0x00, 0x00, 0x00, 0x00, 0x00, 0x00, 0xEF, 0xFF, 0xFF, 0xFF, 0x00,
    0x00, 0x00, 0x00, 0xC8, 0x00, 0x00, 0x00, 0x0B, 0x00, 0x00, 0x00, 0x00, 0x00, 0x00, 0x00, 0x00,
    0x00, 0x00, 0x00, 0x00, 0x00, 0x00, 0x00, 0x04, 0x00, 0x07, 0x00, 0x46, 0x00, 0x00, 0x00, 0x0C,
    0xB7, 0x00, 0x00, 0x00, 0x00, 0x00, 0x00, 0x00, 0x00, 0x00, 0x00, 0x00, 0x00, 0x00, 0x00, 0x00,
    0x00, 0x00, 0x00, 0x00, 0x00, 0x00, 0x00, 0x00, 0x00, 0x00, 0x00, 0x00, 0x00, 0x00, 0x00, 0xEE,
    0xFF, 0xFF, 0xFF, 0x00, 0x00, 0x00, 0x00, 0xC0, 0x00, 0x00, 0x00, 0xC7, 0x00, 0x00, 0x00, 0x00,
    0x00, 0x00, 0x00, 0x00, 0x00, 0x00, 0x00, 0x00, 0x00, 0x00, 0x00, 0x04, 0x00, 0x07, 0x00, 0x28,
    0x00, 0x00, 0x00, 0x52, 0xB7, 0x00, 0x00, 0x00, 0x00, 0x00, 0x00, 0x00, 0x00, 0x00, 0x00, 0x00,
    0x00, 0x00, 0x00, 0x00, 0x00, 0x00, 0x00, 0x00, 0x00, 0x00, 0x00, 0x00, 0x00, 0x00, 0x00, 0x00,
    0x00, 0x00, 0x00, 0xEE, 0xFF, 0xFF, 0xFF, 0x00, 0x00, 0x00, 0x00, 0xC0, 0x00, 0x00, 0x00, 0x87,
    0x00, 0x00, 0x00, 0x00, 0x00, 0x00, 0x00, 0x00, 0x00, 0x00, 0x00, 0x00, 0x00, 0x00, 0x00, 0x04,
    0x00, 0x07, 0x00, 0x28, 0x00, 0x00, 0x00, 0x7A, 0xB7, 0x00, 0x00, 0x00, 0x00, 0x00, 0x00, 0x00,
    0x00, 0x00, 0x00, 0x00, 0x00, 0x00, 0x00, 0x00, 0x00, 0x00, 0x00, 0x00, 0x00, 0x00, 0x00, 0x00,
    0x00, 0x00, 0x00, 0x00, 0x00, 0x00, 0x00, 0xEF, 0xFF, 0xFF, 0xFF, 0x00, 0x00, 0x00, 0x00, 0xC8,
    0x00, 0x00, 0x00, 0x0D, 0x00, 0x00, 0x00, 0x00, 0x00, 0x00, 0x00, 0x00, 0x00, 0x00, 0x00, 0x00,
    0x00, 0x00, 0x00, 0x04, 0x00, 0x07, 0x00, 0x46, 0x00, 0x00, 0x00, 0xA2, 0xB7, 0x00, 0x00, 0x00,
    0x00, 0x00, 0x00, 0x00, 0x00, 0x00, 0x00, 0x00, 0x00, 0x00, 0x00, 0x00, 0x00, 0x00, 0x00, 0x00,
    0x00, 0x00, 0x00, 0x00, 0x00, 0x00, 0x00, 0x00, 0x00, 0x00, 0x00, 0xEE, 0xFF, 0xFF, 0xFF, 0x00,
    0x00, 0x00, 0x00, 0xC3, 0x00, 0x00, 0x00, 0xC7, 0x00, 0x00, 0x00, 0x00, 0x00, 0x00, 0x00, 0x00,
    0x00, 0x00, 0x00, 0x00, 0x00, 0x00, 0x00, 0x04, 0x00, 0x07, 0x00, 0x28, 0x00, 0x00, 0x00, 0xE8,
    0xB7, 0x00, 0x00, 0x00, 0x00, 0x00, 0x00, 0x00, 0x00, 0x00, 0x00, 0x00, 0x00, 0x00, 0x00, 0x00,
    0x00, 0x00, 0x00, 0x00, 0x00, 0x00, 0x00, 0x00, 0x00, 0x00, 0x00, 0x00, 0x00, 0x00, 0x00, 0xEE,
    0xFF, 0xFF, 0xFF, 0x00, 0x00, 0x00, 0x00, 0xC3, 0x00, 0x00, 0x00, 0x87, 0x00, 0x00, 0x00, 0x00,
    0x00, 0x00, 0x00, 0x00, 0x00, 0x00, 0x00, 0x00, 0x00, 0x00, 0x00, 0x04, 0x00, 0x07, 0x00, 0x28,
    0x00, 0x00, 0x00, 0x10, 0xB8, 0x00, 0x00, 0x00, 0x00, 0x00, 0x00, 0x00, 0x00, 0x00, 0x00, 0x00,
    0x00, 0x00, 0x00, 0x00, 0x00, 0x00, 0x00, 0x00, 0x00, 0x00, 0x00, 0x00, 0x00, 0x00, 0x00, 0x00,
    0x00, 0x00, 0x00, 0xEF, 0xFF, 0xFF, 0xFF, 0x00, 0x00, 0x00, 0x00, 0xC8, 0x00, 0x00, 0x00, 0x0C,
    0x00, 0x00, 0x00, 0x00, 0x00, 0x00, 0x00, 0x00, 0x00, 0x00, 0x00, 0x00, 0x00, 0x00, 0x00, 0x04,
    0x00, 0x07, 0x00, 0x46, 0x00, 0x00, 0x00, 0x38, 0xB8, 0x00, 0x00, 0x00, 0x00, 0x00, 0x00, 0x00,
    0x00, 0x00, 0x00, 0x00, 0x00, 0x00, 0x00, 0x00, 0x00, 0x00, 0x00, 0x00, 0x00, 0x00, 0x00, 0x00,
    0x00, 0x00, 0x00, 0x00, 0x00, 0x00, 0x00, 0xEE, 0xFF, 0xFF, 0xFF, 0x00, 0x00, 0x00, 0x00, 0xC5,
    0x00, 0x00, 0x00, 0xC7, 0x00, 0x00, 0x00, 0x00, 0x00, 0x00, 0x00, 0x00, 0x00, 0x00, 0x00, 0x00,
    0x00, 0x00, 0x00, 0x04, 0x00, 0x07, 0x00, 0x28, 0x00, 0x00, 0x00, 0x7E, 0xB8, 0x00, 0x00, 0x00,
    0x00, 0x00, 0x00, 0x00, 0x00, 0x00, 0x00, 0x00, 0x00, 0x00, 0x00, 0x00, 0x00, 0x00, 0x00, 0x00,
    0x00, 0x00, 0x00, 0x00, 0x00, 0x00, 0x00, 0x00, 0x00, 0x00, 0x00, 0xEF, 0xFF, 0xFF, 0xFF, 0x00,
    0x00, 0x00, 0x00, 0xC8, 0x00, 0x00, 0x00, 0x0A, 0x00, 0x00, 0x00, 0x00, 0x00, 0x00, 0x00, 0x00,
    0x00, 0x00, 0x00, 0x00, 0x00, 0x00, 0x00, 0x04, 0x00, 0x07, 0x00, 0x46, 0x00, 0x00, 0x00, 0xA6,
    0xB8, 0x00, 0x00, 0x00, 0x00, 0x00, 0x00, 0x00, 0x00, 0x00, 0x00, 0x00, 0x00, 0x00, 0x00, 0x00,
    0x00, 0x00, 0x00, 0x00, 0x00, 0x00, 0x00, 0x00, 0x00, 0x00, 0x00, 0x00, 0x00, 0x00, 0x00, 0xEE,
    0xFF, 0xFF, 0xFF, 0x00, 0x00, 0x00, 0x00, 0xC7, 0x00, 0x00, 0x00, 0xC7, 0x00, 0x00, 0x00, 0x00,
    0x00, 0x00, 0x00, 0x00, 0x00, 0x00, 0x00, 0x00, 0x00, 0x00, 0x00, 0x04, 0x00, 0x07, 0x00, 0x28,
    0x00, 0x00, 0x00, 0xEC, 0xB8, 0x00, 0x00, 0x00, 0x00, 0x00, 0x00, 0x00, 0x00, 0x00, 0x00, 0x00,
    0x00, 0x00, 0x00, 0x00, 0x00, 0x00, 0x00, 0x00, 0x00, 0x00, 0x00, 0x00, 0x00, 0x00, 0x00, 0x00,
    0x00, 0x00, 0x00, 0xEF, 0xFF, 0xFF, 0xFF, 0x00, 0x00, 0x00, 0x00, 0xC8, 0x00, 0x00, 0x00, 0x09,
    0x00, 0x00, 0x00, 0x00, 0x00, 0x00, 0x00, 0x00, 0x00, 0x00, 0x00, 0x00, 0x00, 0x00, 0x00, 0x04,
    0x00, 0x07, 0x00, 0x46, 0x00, 0x00, 0x00, 0x14, 0xB9, 0x00, 0x00, 0x00, 0x00, 0x00, 0x00, 0x00,
    0x00, 0x00, 0x00, 0x00, 0x00, 0x00, 0x00, 0x00, 0x00, 0x00, 0x00, 0x00, 0x00, 0x00, 0x00, 0x00,
    0x00, 0x00, 0x00, 0x00, 0x00, 0x00, 0x00, 0x00, 0x00, 0x00, 0x00, 0xEC, 0xFF, 0xFF, 0xFF, 0x00,
    0x00, 0x00, 0x00, 0x15, 0x00, 0x00, 0x00, 0x00, 0x00, 0x00, 0x00, 0x00, 0x00, 0x00, 0x00, 0x00,
    0x00, 0x00, 0x00, 0x04, 0x00, 0x0F, 0x00, 0xBA, 0x00, 0x00, 0x00, 0x5A, 0xB9, 0x00, 0x00, 0x00,
    0x00, 0x00, 0x00, 0x00, 0x00, 0x00, 0x00, 0x00, 0x00, 0x00, 0x00, 0x00, 0x00, 0x00, 0x00, 0x00,
    0x00, 0x00, 0x00, 0x00, 0x00, 0x00, 0x00, 0x00, 0x00, 0x00, 0x00, 0xC8, 0x00, 0x00, 0x00, 0x00,
    0x00, 0x00, 0x00, 0x00, 0x00, 0x00, 0x00, 0x4D, 0x00, 0x00, 0x00, 0x00, 0x00, 0x00, 0x00, 0xB2,
    0xFF, 0xFF, 0xFF, 0x00, 0x02, 0x00, 0x00, 0x04, 0x00, 0x07, 0x00, 0x0C, 0x00, 0x00, 0x00, 0x14,
    0xBA, 0x00, 0x00, 0x00, 0x00, 0x00, 0x00, 0x00, 0x00, 0x00, 0x00, 0x00, 0x00, 0x00, 0x00, 0x00,
    0x00, 0x00, 0x00, 0x00, 0x00, 0x00, 0x00, 0x00, 0x00, 0x00, 0x00, 0x00, 0x00, 0x00, 0x00, 0xEE,
    0xFF, 0xFF, 0xFF, 0x00, 0x00, 0x00, 0x00, 0xCE, 0x00, 0x00, 0x00, 0xC3, 0x00, 0x00, 0x00, 0x00,
    0x00, 0x00, 0x00, 0x00, 0x00, 0x00, 0x00, 0x00, 0x00, 0x00, 0x00, 0x04, 0x00, 0x07, 0x00, 0x28,
    0x00, 0x00, 0x00, 0x20, 0xBA, 0x00, 0x00, 0x00, 0x00, 0x00, 0x00, 0x00, 0x00, 0x00, 0x00, 0x00,
    0x00, 0x00, 0x00, 0x00, 0x00, 0x00, 0x00, 0x00, 0x00, 0x00, 0x00, 0x00, 0x00, 0x00, 0x00, 0x00,
    0x00, 0x00, 0x00, 0xEE, 0xFF, 0xFF, 0xFF, 0x00, 0x00, 0x00, 0x00, 0xCE, 0x00, 0x00, 0x00, 0xC1,
    0x00, 0x00, 0x00, 0x00, 0x00, 0x00, 0x00, 0x00, 0x00, 0x00, 0x00, 0x00, 0x00, 0x00, 0x00, 0x04,
    0x00, 0x07, 0x00, 0x28, 0x00, 0x00, 0x00, 0x48, 0xBA, 0x00, 0x00, 0x00, 0x00, 0x00, 0x00, 0x00,
    0x00, 0x00, 0x00, 0x00, 0x00, 0x00, 0x00, 0x00, 0x00, 0x00, 0x00, 0x00, 0x00, 0x00, 0x00, 0x00,
    0x00, 0x00, 0x00, 0x00, 0x00, 0x00, 0x00, 0xEE, 0xFF, 0xFF, 0xFF, 0x00, 0x00, 0x00, 0x00, 0xCE,
    0x00, 0x00, 0x00, 0xC6, 0x00, 0x00, 0x00, 0x00, 0x00, 0x00, 0x00, 0x00, 0x00, 0x00, 0x00, 0x00,
    0x00, 0x00, 0x00, 0x04, 0x00, 0x07, 0x00, 0x28, 0x00, 0x00, 0x00, 0x70, 0xBA, 0x00, 0x00, 0x00,
    0x00, 0x00, 0x00, 0x00, 0x00, 0x00, 0x00, 0x00, 0x00, 0x00, 0x00, 0x00, 0x00, 0x00, 0x00, 0x00,
    0x00, 0x00, 0x00, 0x00, 0x00, 0x00, 0x00, 0x00, 0x00, 0x00, 0x00, 0xF4, 0xFF, 0xFF, 0xFF, 0x00,
    0x00, 0x00, 0x00, 0xCE, 0x00, 0x00, 0x00, 0x1F, 0x00, 0x00, 0x00, 0x00, 0x00, 0x00, 0x00, 0x00,
    0x00, 0x00, 0x00, 0x00, 0x00, 0x00, 0x00, 0x04, 0x00, 0x07, 0x00, 0x28, 0x00, 0x00, 0x00, 0x98,
    0xBA, 0x00, 0x00, 0x00, 0x00, 0x00, 0x00, 0x00, 0x00, 0x00, 0x00, 0x00, 0x00, 0x00, 0x00, 0x00,
    0x00, 0x00, 0x00, 0x00, 0x00, 0x00, 0x00, 0x00, 0x00, 0x00, 0x00, 0x00, 0x00, 0x00, 0x00, 0x00,
    0x00, 0x00, 0x00, 0xEC, 0xFF, 0xFF, 0xFF, 0x00, 0x00, 0x00, 0x00, 0x16, 0x00, 0x00, 0x00, 0x00,
    0x00, 0x00, 0x00, 0x00, 0x00, 0x00, 0x00, 0x00, 0x00, 0x00, 0x00, 0x04, 0x00, 0x0F, 0x00, 0x72,
    0x00, 0x00, 0x00, 0xC0, 0xBA, 0x00, 0x00, 0x00, 0x00, 0x00, 0x00, 0x00, 0x00, 0x00, 0x00, 0x00,
    0x00, 0x00, 0x00, 0x00, 0x00, 0x00, 0x00, 0x00, 0x00, 0x00, 0x00, 0x00, 0x00, 0x00, 0x00, 0x00,
    0x00, 0x00, 0x00, 0xCE, 0x00, 0x00, 0x00, 0x00, 0x00, 0x00, 0x00, 0x00, 0x00, 0x00, 0x00, 0x4E,
    0x00, 0x00, 0x00, 0x00, 0x00, 0x00, 0x00, 0xB2, 0xFF, 0xFF, 0xFF, 0x00, 0x02, 0x00, 0x00, 0x04,
    0x00, 0x07, 0x00, 0x0C, 0x00, 0x00, 0x00, 0x32, 0xBB, 0x00, 0x00, 0x00, 0x00, 0x00, 0x00, 0x00,
    0x00, 0x00, 0x00, 0x00, 0x00, 0x00, 0x00, 0x00, 0x00, 0x00, 0x00, 0x00, 0x00, 0x00, 0x00, 0x00,
    0x00, 0x00, 0x00, 0x00, 0x00, 0x00, 0x00, 0xE4, 0xFF, 0xFF, 0xFF, 0x00, 0x00, 0x00, 0x00, 0x20,
    0x00, 0x00, 0x00, 0xA4, 0x00, 0x00, 0x00, 0x00, 0x00, 0x00, 0x00, 0xCF, 0xFF, 0xFF, 0xFF, 0x00,
    0x00, 0x00, 0x00, 0x04, 0x00, 0x07, 0x00, 0x18, 0x00, 0x00, 0x00, 0x3E, 0xBB, 0x00, 0x00, 0x00,
    0x00, 0x00, 0x00, 0x00, 0x00, 0x00, 0x00, 0x00, 0x00, 0x00, 0x00, 0x00, 0x00, 0x00, 0x00, 0x00,
    0x00, 0x00, 0x00, 0x00, 0x00, 0x00, 0x00, 0x00, 0x00, 0x00, 0x00, 0xED, 0xFF, 0xFF, 0xFF, 0x00,
    0x00, 0x00, 0x00, 0x00, 0x00, 0x00, 0x00, 0x9E, 0x00, 0x00, 0x00, 0x00, 0x00, 0x00, 0x00, 0x00,
    0x00, 0x00, 0x00, 0x00, 0x00, 0x00, 0x00, 0x00, 0x00, 0x3C, 0x00, 0xB0, 0x03, 0x00, 0x00, 0x56,
    0xBB, 0x00, 0x00, 0x00, 0x00, 0x00, 0x00, 0x00, 0x00, 0x00, 0x00, 0x00, 0x00, 0x00, 0x00, 0x00,
    0x00, 0x00, 0x00, 0x00, 0x00, 0x00, 0x00, 0x00, 0x00, 0x00, 0x00, 0x00, 0x00, 0x00, 0x00, 0xD8,
    0xFF, 0xFF, 0xFF, 0x00, 0x00, 0x00, 0x00, 0xB5, 0x00, 0x00, 0x00, 0xDE, 0x00, 0x00, 0x00, 0x00,
    0x00, 0x00, 0x00, 0x9E, 0xFF, 0xFF, 0xFF, 0x00, 0x00, 0x00, 0x00, 0x04, 0x00, 0x04, 0x00, 0x34,
    0x00, 0x00, 0x00, 0x06, 0xBF, 0x00, 0x00, 0x00, 0x00, 0x00, 0x00, 0x00, 0x00, 0x00, 0x00, 0x00,
    0x00, 0x00, 0x00, 0x00, 0x00, 0x00, 0x00, 0x00, 0x00, 0x00, 0x00, 0x00, 0x00, 0x00, 0x00, 0x00,
    0x00, 0x00, 0x00, 0xD8, 0xFF, 0xFF, 0xFF, 0x00, 0x00, 0x00, 0x00, 0xB9, 0x00, 0x00, 0x00, 0xDE,
    0x00, 0x00, 0x00, 0x00, 0x00, 0x00, 0x00, 0x9D, 0xFF, 0xFF, 0xFF, 0x00, 0x00, 0x00, 0x00, 0x04,
    0x00, 0x04, 0x00, 0x34, 0x00, 0x00, 0x00, 0x3A, 0xBF, 0x00, 0x00, 0x00, 0x00, 0x00, 0x00, 0x00,
    0x00, 0x00, 0x00, 0x00, 0x00, 0x00, 0x00, 0x00, 0x00, 0x00, 0x00, 0x00, 0x00, 0x00, 0x00, 0x00,
    0x00, 0x00, 0x00, 0x00, 0x00, 0x00, 0x00, 0xD7, 0xFF, 0xFF, 0xFF, 0x00, 0x00, 0x00, 0x00, 0x20,
    0x00, 0x00, 0x00, 0xE2, 0x00, 0x00, 0x00, 0x00, 0x00, 0x00, 0x00, 0x9C, 0xFF, 0xFF, 0xFF, 0x00,
    0x00, 0x00, 0x00, 0x04, 0x00, 0x07, 0x00, 0x58, 0x00, 0x00, 0x00, 0x6E, 0xBF, 0x00, 0x00, 0x00,
    0x00, 0x00, 0x00, 0x00, 0x00, 0x00, 0x00, 0x00, 0x00, 0x00, 0x00, 0x00, 0x00, 0x00, 0x00, 0x00,
    0x00, 0x00, 0x00, 0x00, 0x00, 0x00, 0x00, 0x00, 0x00, 0x00, 0x00, 0xE7, 0xFF, 0xFF, 0xFF, 0x00,
    0x00, 0x00, 0x00, 0x1F, 0x00, 0x00, 0x00, 0xD0, 0x00, 0x00, 0x00, 0x00, 0x00, 0x00, 0x00, 0x00,
    0x00, 0x00, 0x00, 0x00, 0x00, 0x00, 0x00, 0x00, 0x00, 0x34, 0x00, 0xBF, 0x08, 0x00, 0x00, 0xC6,
    0xBF, 0x00, 0x00, 0x00, 0x00, 0x00, 0x00, 0x00, 0x00, 0x00, 0x00, 0x00, 0x00, 0x00, 0x00, 0x00,
    0x00, 0x00, 0x00, 0x00, 0x00, 0x00, 0x00, 0x00, 0x00, 0x00, 0x00, 0x00, 0x00, 0x00, 0x00, 0xE7,
    0xFF, 0xFF, 0xFF, 0x00, 0x00, 0x00, 0x00, 0x5C, 0x00, 0x00, 0x00, 0xD0, 0x00, 0x00, 0x00, 0x00,
    0x00, 0x00, 0x00, 0x00, 0x00, 0x00, 0x00, 0x00, 0x00, 0x00, 0x00, 0x00, 0x00, 0x34, 0x00, 0xCA,
    0x1A, 0x00, 0x00, 0x85, 0xC8, 0x00, 0x00, 0x00, 0x00, 0x00, 0x00, 0x00, 0x00, 0x00, 0x00, 0x00,
    0x00, 0x00, 0x00, 0x00, 0x00, 0x00, 0x00, 0x00, 0x00, 0x00, 0x00, 0x00, 0x00, 0x00, 0x00, 0x00,
    0x00, 0x00, 0x00, 0xE7, 0xFF, 0xFF, 0xFF, 0x00, 0x00, 0x00, 0x00, 0xB4, 0x00, 0x00, 0x00, 0xD0,
    0x00, 0x00, 0x00, 0x00, 0x00, 0x00, 0x00, 0x00, 0x00, 0x00, 0x00, 0x00, 0x00, 0x00, 0x00, 0x00,
    0x00, 0x34, 0x00, 0x13, 0x33, 0x00, 0x00, 0x4F, 0xE3, 0x00, 0x00, 0x00, 0x00, 0x00, 0x00, 0x00,
    0x00, 0x00, 0x00, 0x00, 0x00, 0x00, 0x00, 0x00, 0x00, 0x00, 0x00, 0x00, 0x00, 0x00, 0x00, 0x00,
    0x00, 0x00, 0x00, 0x00, 0x00, 0x00, 0x00, 0xE7, 0xFF, 0xFF, 0xFF, 0x00, 0x00, 0x00, 0x00, 0xB8,
    0x00, 0x00, 0x00, 0xD0, 0x00, 0x00, 0x00, 0x00, 0x00, 0x00, 0x00, 0x00, 0x00, 0x00, 0x00, 0x00,
    0x00, 0x00, 0x00, 0x00, 0x00, 0x34, 0x00, 0xDF, 0x01, 0x00, 0x00, 0x62, 0x16, 0x01, 0x00, 0x00,
    0x00, 0x00, 0x00, 0x00, 0x00, 0x00, 0x00, 0x00, 0x00, 0x00, 0x00, 0x00, 0x00, 0x00, 0x00, 0x00,
    0x00, 0x00, 0x00, 0x00, 0x00, 0x00, 0x00, 0x00, 0x00, 0x00, 0x00, 0xE7, 0xFF, 0xFF, 0xFF, 0x00,
    0x00, 0x00, 0x00, 0xC8, 0x00, 0x00, 0x00, 0xD0, 0x00, 0x00, 0x00, 0x00, 0x00, 0x00, 0x00, 0x00,
    0x00, 0x00, 0x00, 0x00, 0x00, 0x00, 0x00, 0x00, 0x00, 0x34, 0x00, 0xCD, 0x01, 0x00, 0x00, 0x41,
    0x18, 0x01, 0x00, 0x00, 0x00, 0x00, 0x00, 0x00, 0x00, 0x00, 0x00, 0x00, 0x00, 0x00, 0x00, 0x00,
    0x00, 0x00, 0x00, 0x00, 0x00, 0x00, 0x00, 0x00, 0x00, 0x00, 0x00, 0x00, 0x00, 0x00, 0x00, 0xE7,
    0xFF, 0xFF, 0xFF, 0x00, 0x00, 0x00, 0x00, 0xCE, 0x00, 0x00, 0x00, 0xD0, 0x00, 0x00, 0x00, 0x00,
    0x00, 0x00, 0x00, 0x00, 0x00, 0x00, 0x00, 0x00, 0x00, 0x00, 0x00, 0x00, 0x00, 0x34, 0x00, 0xED,
    0x00, 0x00, 0x00, 0x0E, 0x1A, 0x01, 0x00, 0x00, 0x00, 0x00, 0x00, 0x00, 0x00, 0x00, 0x00, 0x00,
    0x00, 0x00, 0x00, 0x00, 0x00, 0x00, 0x00, 0x00, 0x00, 0x00, 0x00, 0x00, 0x00, 0x00, 0x00, 0x00,
    0x00, 0x00, 0x00, 0x00, 0x00, 0x00, 0x00, 0x01, 0x00, 0x00, 0x00, 0x01, 0x00, 0x00, 0x00, 0x01,
    0x00, 0x00, 0x00, 0x02, 0x00, 0x00, 0x00, 0x01, 0x00, 0x00, 0x00, 0x03, 0x00, 0x00, 0x00, 0x01,
    0x00, 0x00, 0x00, 0x04, 0x00, 0x00, 0x00, 0x01, 0x00, 0x00, 0x00, 0x05, 0x00, 0x00, 0x00, 0x01,
    0x00, 0x00, 0x00, 0x06, 0x00, 0x00, 0x00, 0x01, 0x00, 0x00, 0x00, 0x07, 0x00, 0x00, 0x00, 0x01,
    0x00, 0x00, 0x00, 0x08, 0x00, 0x00, 0x00, 0x01, 0x00, 0x00, 0x00, 0x09, 0x00, 0x00, 0x00, 0x01,
    0x00, 0x00, 0x00, 0x0A, 0x00, 0x00, 0x00, 0x02, 0x00, 0x00, 0x00, 0x0B, 0x00, 0x00, 0x00, 0xB4,
    0x00, 0x00, 0x00, 0x03, 0x00, 0x00, 0x00, 0x0C, 0x00, 0x00, 0x00, 0xB8, 0xFF, 0xFF, 0xFF, 0xD3,
    0xFF, 0xFF, 0xFF, 0x00, 0x00, 0x00, 0x00, 0x01, 0x00, 0x00, 0x00, 0x0E, 0x00, 0x00, 0x00, 0x02,
    0x00, 0x00, 0x00, 0x0F, 0x00, 0x00, 0x00, 0xB4, 0x00, 0x00, 0x00, 0x07, 0x00, 0x00, 0x00, 0x0D,
    0x00, 0x00, 0x00, 0x10, 0x00, 0x00, 0x00, 0x0C, 0x00, 0x00, 0x00, 0x0B, 0x00, 0x00, 0x00, 0x07,
    0x00, 0x00, 0x00, 0x0F, 0x00, 0x00, 0x00, 0x0E, 0x00, 0x00, 0x00, 0x00, 0x00, 0x00, 0x00, 0x02,
    0x00, 0x00, 0x00, 0x12, 0x00, 0x00, 0x00, 0xB4, 0x00, 0x00, 0x00, 0x07, 0x00, 0x00, 0x00, 0x11,
    0x00, 0x00, 0x00, 0x13, 0x00, 0x00, 0x00, 0x0C, 0x00, 0x00, 0x00, 0x0B, 0x00, 0x00, 0x00, 0x12,
    0x00, 0x00, 0x00, 0x07, 0x00, 0x00, 0x00, 0x0A, 0x00, 0x00, 0x00, 0x00, 0x00, 0x00, 0x00, 0x01,
    0x00, 0x00, 0x00, 0x15, 0x00, 0x00, 0x00, 0x06, 0x00, 0x00, 0x00, 0x14, 0x00, 0x00, 0x00, 0x16,
    0x00, 0x00, 0x00, 0x09, 0x00, 0x00, 0x00, 0x08, 0x00, 0x00, 0x00, 0x15, 0x00, 0x00, 0x00, 0x0A,
    0x00, 0x00, 0x00, 0x00, 0x00, 0x00, 0x00, 0x03, 0x00, 0x00, 0x00, 0x17, 0x00, 0x00, 0x00, 0x18,
    0x00, 0x00, 0x00, 0x06, 0x00, 0x00, 0x00, 0x04, 0x00, 0x00, 0x00, 0x19, 0x00, 0x00, 0x00, 0xA7,
    0xFF, 0xFF, 0xFF, 0xD3, 0xFF, 0xFF, 0xFF, 0x06, 0x00, 0x00, 0x00, 0x02, 0x00, 0x00, 0x00, 0x1A,
    0x00, 0x00, 0x00, 0x05, 0x00, 0x00, 0x00, 0x00, 0x00, 0x00, 0x00, 0x01, 0x00, 0x00, 0x00, 0x1C,
    0x00, 0x00, 0x00, 0x0B, 0x00, 0x00, 0x00, 0x1B, 0x00, 0x00, 0x00, 0xB9, 0xFF, 0xFF, 0xFF, 0xD3,
    0xFF, 0xFF, 0xFF, 0x1D, 0x00, 0x00, 0x00, 0x1C, 0x00, 0x00, 0x00, 0x0C, 0x00, 0x00, 0x00, 0x05,
    0x00, 0x00, 0x00, 0x04, 0x00, 0x00, 0x00, 0x0B, 0x00, 0x00, 0x00, 0x09, 0x00, 0x00, 0x00, 0x08,
    0x00, 0x00, 0x00, 0x0D, 0x00, 0x00, 0x00, 0xD3, 0xFF, 0xFF, 0xFF, 0xD5, 0x00, 0x00, 0x00, 0x1E,
    0x00, 0x00, 0x00, 0x1B, 0x00, 0x00, 0x00, 0x1A, 0x00, 0x00, 0x00, 0x19, 0x00, 0x00, 0x00, 0x17,
    0x00, 0x00, 0x00, 0x14, 0x00, 0x00, 0x00, 0x11, 0x00, 0x00, 0x00, 0x0D, 0x00, 0x00, 0x00, 0xD0,
    0x00, 0x00, 0x00, 0xD4, 0x00, 0x00, 0x00, 0x20, 0x00, 0x00, 0x00, 0x04, 0x00, 0x00, 0x00, 0xD4,
    0x00, 0x00, 0x00, 0xD0, 0x00, 0x00, 0x00, 0x1F, 0x00, 0x00, 0x00, 0xB5, 0xFF, 0xFF, 0xFF, 0x00,
    0x00, 0x00, 0x00, 0x01, 0x00, 0x00, 0x00, 0x21, 0x00, 0x00, 0x00, 0x01, 0x00, 0x00, 0x00, 0x22,
    0x00, 0x00, 0x00, 0x03, 0x00, 0x00, 0x00, 0x23, 0x00, 0x00, 0x00, 0xBA, 0xFF, 0xFF, 0xFF, 0xD4,
    0xFF, 0xFF, 0xFF, 0x00, 0x00, 0x00, 0x00, 0x01, 0x00, 0x00, 0x00, 0x25, 0x00, 0x00, 0x00, 0x01,
    0x00, 0x00, 0x00, 0x26, 0x00, 0x00, 0x00, 0x01, 0x00, 0x00, 0x00, 0x27, 0x00, 0x00, 0x00, 0x01,
    0x00, 0x00, 0x00, 0x28, 0x00, 0x00, 0x00, 0x01, 0x00, 0x00, 0x00, 0x29, 0x00, 0x00, 0x00, 0x01,
    0x00, 0x00, 0x00, 0x2A, 0x00, 0x00, 0x00, 0x01, 0x00, 0x00, 0x00, 0x2B, 0x00, 0x00, 0x00, 0x09,
    0x00, 0x00, 0x00, 0x24, 0x00, 0x00, 0x00, 0x2C, 0x00, 0x00, 0x00, 0x2B, 0x00, 0x00, 0x00, 0x2A,
    0x00, 0x00, 0x00, 0x26, 0x00, 0x00, 0x00, 0x25, 0x00, 0x00, 0x00, 0x27, 0x00, 0x00, 0x00, 0x29,
    0x00, 0x00, 0x00, 0x28, 0x00, 0x00, 0x00, 0x00, 0x00, 0x00, 0x00, 0x01, 0x00, 0x00, 0x00, 0x2E,
    0x00, 0x00, 0x00, 0x01, 0x00, 0x00, 0x00, 0x2F, 0x00, 0x00, 0x00, 0x01, 0x00, 0x00, 0x00, 0x30,
    0x00, 0x00, 0x00, 0x01, 0x00, 0x00, 0x00, 0x31, 0x00, 0x00, 0x00, 0x01, 0x00, 0x00, 0x00, 0x32,
    0x00, 0x00, 0x00, 0x01, 0x00, 0x00, 0x00, 0x33, 0x00, 0x00, 0x00, 0x01, 0x00, 0x00, 0x00, 0x34,
    0x00, 0x00, 0x00, 0x01, 0x00, 0x00, 0x00, 0x35, 0x00, 0x00, 0x00, 0x01, 0x00, 0x00, 0x00, 0x36,
    0x00, 0x00, 0x00, 0x01, 0x00, 0x00, 0x00, 0x37, 0x00, 0x00, 0x00, 0x01, 0x00, 0x00, 0x00, 0x38,
    0x00, 0x00, 0x00, 0x01, 0x00, 0x00, 0x00, 0x39, 0x00, 0x00, 0x00, 0x0E, 0x00, 0x00, 0x00, 0x2D,
    0x00, 0x00, 0x00, 0x3A, 0x00, 0x00, 0x00, 0x36, 0x00, 0x00, 0x00, 0x35, 0x00, 0x00, 0x00, 0x34,
    0x00, 0x00, 0x00, 0x39, 0x00, 0x00, 0x00, 0x38, 0x00, 0x00, 0x00, 0x37, 0x00, 0x00, 0x00, 0x33,
    0x00, 0x00, 0x00, 0x2F, 0x00, 0x00, 0x00, 0x32, 0x00, 0x00, 0x00, 0x2E, 0x00, 0x00, 0x00, 0x31,
    0x00, 0x00, 0x00, 0x30, 0x00, 0x00, 0x00, 0x03, 0x00, 0x00, 0x00, 0x3B, 0x00, 0x00, 0x00, 0x22,
    0x00, 0x00, 0x00, 0x21, 0x00, 0x00, 0x00, 0x00, 0x00, 0x00, 0x00, 0x01, 0x00, 0x00, 0x00, 0x3D,
    0x00, 0x00, 0x00, 0x01, 0x00, 0x00, 0x00, 0x3E, 0x00, 0x00, 0x00, 0x01, 0x00, 0x00, 0x00, 0x3F,
    0x00, 0x00, 0x00, 0x01, 0x00, 0x00, 0x00, 0x40, 0x00, 0x00, 0x00, 0x01, 0x00, 0x00, 0x00, 0x41,
    0x00, 0x00, 0x00, 0x01, 0x00, 0x00, 0x00, 0x42, 0x00, 0x00, 0x00, 0x01, 0x00, 0x00, 0x00, 0x43,
    0x00, 0x00, 0x00, 0x01, 0x00, 0x00, 0x00, 0x44, 0x00, 0x00, 0x00, 0x01, 0x00, 0x00, 0x00, 0x45,
    0x00, 0x00, 0x00, 0x01, 0x00, 0x00, 0x00, 0x46, 0x00, 0x00, 0x00, 0x01, 0x00, 0x00, 0x00, 0x47,
    0x00, 0x00, 0x00, 0x01, 0x00, 0x00, 0x00, 0x48, 0x00, 0x00, 0x00, 0x01, 0x00, 0x00, 0x00, 0x49,
    0x00, 0x00, 0x00, 0x01, 0x00, 0x00, 0x00, 0x4A, 0x00, 0x00, 0x00, 0x01, 0x00, 0x00, 0x00, 0x4B,
    0x00, 0x00, 0x00, 0x01, 0x00, 0x00, 0x00, 0x4C, 0x00, 0x00, 0x00, 0x01, 0x00, 0x00, 0x00, 0x4D,
    0x00, 0x00, 0x00, 0x01, 0x00, 0x00, 0x00, 0x4E, 0x00, 0x00, 0x00, 0x01, 0x00, 0x00, 0x00, 0x4F,
    0x00, 0x00, 0x00, 0x01, 0x00, 0x00, 0x00, 0x50, 0x00, 0x00, 0x00, 0x01, 0x00, 0x00, 0x00, 0x51,
    0x00, 0x00, 0x00, 0x01, 0x00, 0x00, 0x00, 0x52, 0x00, 0x00, 0x00, 0x01, 0x00, 0x00, 0x00, 0x53,
    0x00, 0x00, 0x00, 0x01, 0x00, 0x00, 0x00, 0x54, 0x00, 0x00, 0x00, 0x01, 0x00, 0x00, 0x00, 0x55,
    0x00, 0x00, 0x00, 0x01, 0x00, 0x00, 0x00, 0x56, 0x00, 0x00, 0x00, 0x01, 0x00, 0x00, 0x00, 0x57,
    0x00, 0x00, 0x00, 0x02, 0x00, 0x00, 0x00, 0x58, 0x00, 0x00, 0x00, 0x1F, 0x00, 0x00, 0x00, 0x02,
    0x00, 0x00, 0x00, 0x59, 0x00, 0x00, 0x00, 0xB4, 0x00, 0x00, 0x00, 0x27, 0x00, 0x00, 0x00, 0x3C,
    0x00, 0x00, 0x00, 0x5A, 0x00, 0x00, 0x00, 0xB4, 0x00, 0x00, 0x00, 0x58, 0x00, 0x00, 0x00, 0x57,
    0x00, 0x00, 0x00, 0x3E, 0x00, 0x00, 0x00, 0x6B, 0x00, 0x00, 0x00, 0x59, 0x00, 0x00, 0x00, 0x56,
    0x00, 0x00, 0x00, 0x55, 0x00, 0x00, 0x00, 0x54, 0x00, 0x00, 0x00, 0x53, 0x00, 0x00, 0x00, 0x52,
    0x00, 0x00, 0x00, 0x51, 0x00, 0x00, 0x00, 0x50, 0x00, 0x00, 0x00, 0x4F, 0x00, 0x00, 0x00, 0x4E,
    0x00, 0x00, 0x00, 0x4B, 0x00, 0x00, 0x00, 0x4A, 0x00, 0x00, 0x00, 0x49, 0x00, 0x00, 0x00, 0x48,
    0x00, 0x00, 0x00, 0x47, 0x00, 0x00, 0x00, 0x46, 0x00, 0x00, 0x00, 0x06, 0x00, 0x00, 0x00, 0x0A,
    0x00, 0x00, 0x00, 0x45, 0x00, 0x00, 0x00, 0x44, 0x00, 0x00, 0x00, 0x07, 0x00, 0x00, 0x00, 0x22,
    0x00, 0x00, 0x00, 0x21, 0x00, 0x00, 0x00, 0x4D, 0x00, 0x00, 0x00, 0x4C, 0x00, 0x00, 0x00, 0x40,
    0x00, 0x00, 0x00, 0x3F, 0x00, 0x00, 0x00, 0x42, 0x00, 0x00, 0x00, 0x41, 0x00, 0x00, 0x00, 0x43,
    0x00, 0x00, 0x00, 0x3D, 0x00, 0x00, 0x00, 0x23, 0x00, 0x00, 0x00, 0x08, 0x00, 0x00, 0x00, 0xD4,
    0xFF, 0xFF, 0xFF, 0xD6, 0x00, 0x00, 0x00, 0x5B, 0x00, 0x00, 0x00, 0x3C, 0x00, 0x00, 0x00, 0x3B,
    0x00, 0x00, 0x00, 0x2D, 0x00, 0x00, 0x00, 0x24, 0x00, 0x00, 0x00, 0x5D, 0x00, 0x00, 0x00, 0x02,
    0x00, 0x00, 0x00, 0x5C, 0x00, 0x00, 0x00, 0xB6, 0xFF, 0xFF, 0xFF, 0x01, 0x00, 0x00, 0x00, 0x64,
    0x00, 0x00, 0x00, 0x01, 0x00, 0x00, 0x00, 0xD3, 0xFF, 0xFF, 0xFF, 0x01, 0x00, 0x00, 0x00, 0x1F,
    0x00, 0x00, 0x00, 0x01, 0x00, 0x00, 0x00, 0x1F, 0x00, 0x00, 0x00, 0x00, 0x00, 0x00, 0x00, 0x01,
    0x00, 0x00, 0x00, 0x62, 0x00, 0x00, 0x00, 0x01, 0x00, 0x00, 0x00, 0x63, 0x00, 0x00, 0x00, 0x01,
    0x00, 0x00, 0x00, 0x64, 0x00, 0x00, 0x00, 0x01, 0x00, 0x00, 0x00, 0x65, 0x00, 0x00, 0x00, 0x01,
    0x00, 0x00, 0x00, 0x66, 0x00, 0x00, 0x00, 0x01, 0x00, 0x00, 0x00, 0x67, 0x00, 0x00, 0x00, 0x02,
    0x00, 0x00, 0x00, 0x68, 0x00, 0x00, 0x00, 0x1F, 0x00, 0x00, 0x00, 0x02, 0x00, 0x00, 0x00, 0x69,
    0x00, 0x00, 0x00, 0x1F, 0x00, 0x00, 0x00, 0x02, 0x00, 0x00, 0x00, 0x6A, 0x00, 0x00, 0x00, 0x61,
    0x00, 0x00, 0x00, 0x02, 0x00, 0x00, 0x00, 0x6B, 0x00, 0x00, 0x00, 0x60, 0x00, 0x00, 0x00, 0x02,
    0x00, 0x00, 0x00, 0x6C, 0x00, 0x00, 0x00, 0x5F, 0x00, 0x00, 0x00, 0x02, 0x00, 0x00, 0x00, 0x6D,
    0x00, 0x00, 0x00, 0x5E, 0x00, 0x00, 0x00, 0x02, 0x00, 0x00, 0x00, 0x6E, 0x00, 0x00, 0x00, 0xD5,
    0xFF, 0xFF, 0xFF, 0x02, 0x00, 0x00, 0x00, 0x6F, 0x00, 0x00, 0x00, 0xCE, 0x00, 0x00, 0x00, 0x02,
    0x00, 0x00, 0x00, 0x70, 0x00, 0x00, 0x00, 0xC8, 0x00, 0x00, 0x00, 0x09, 0x00, 0x00, 0x00, 0x71,
    0x00, 0x00, 0x00, 0x6F, 0x00, 0x00, 0x00, 0xD5, 0xFF, 0xFF, 0xFF, 0xC8, 0x00, 0x00, 0x00, 0x70,
    0x00, 0x00, 0x00, 0xCE, 0x00, 0x00, 0x00, 0xCA, 0x00, 0x00, 0x00, 0xCC, 0x00, 0x00, 0x00, 0xCB,
    0x00, 0x00, 0x00, 0x03, 0x00, 0x00, 0x00, 0x72, 0x00, 0x00, 0x00, 0x68, 0x00, 0x00, 0x00, 0x67,
    0x00, 0x00, 0x00, 0x00, 0x00, 0x00, 0x00, 0x02, 0x00, 0x00, 0x00, 0x74, 0x00, 0x00, 0x00, 0xD3,
    0xFF, 0xFF, 0xFF, 0x02, 0x00, 0x00, 0x00, 0x75, 0x00, 0x00, 0x00, 0xD3, 0xFF, 0xFF, 0xFF, 0x04,
    0x00, 0x00, 0x00, 0x73, 0x00, 0x00, 0x00, 0x76, 0x00, 0x00, 0x00, 0x75, 0x00, 0x00, 0x00, 0x74,
    0x00, 0x00, 0x00, 0x00, 0x00, 0x00, 0x00, 0x01, 0x00, 0x00, 0x00, 0x78, 0x00, 0x00, 0x00, 0x02,
    0x00, 0x00, 0x00, 0x79, 0x00, 0x00, 0x00, 0xD3, 0xFF, 0xFF, 0xFF, 0x02, 0x00, 0x00, 0x00, 0x7A,
    0x00, 0x00, 0x00, 0xD3, 0xFF, 0xFF, 0xFF, 0x01, 0x00, 0x00, 0x00, 0x7B, 0x00, 0x00, 0x00, 0x0A,
    0x00, 0x00, 0x00, 0x77, 0x00, 0x00, 0x00, 0x7C, 0x00, 0x00, 0x00, 0x6D, 0x00, 0x00, 0x00, 0xD3,
    0xFF, 0xFF, 0xFF, 0x7B, 0x00, 0x00, 0x00, 0x1F, 0x00, 0x00, 0x00, 0xF6, 0xFF, 0xFF, 0xFF, 0x79,
    0x00, 0x00, 0x00, 0x78, 0x00, 0x00, 0x00, 0x7A, 0x00, 0x00, 0x00, 0x00, 0x00, 0x00, 0x00, 0x01,
    0x00, 0x00, 0x00, 0x7E, 0x00, 0x00, 0x00, 0x01, 0x00, 0x00, 0x00, 0x7F, 0x00, 0x00, 0x00, 0x08,
    0x00, 0x00, 0x00, 0x7D, 0x00, 0x00, 0x00, 0x80, 0x00, 0x00, 0x00, 0x7F, 0x00, 0x00, 0x00, 0x7E,
    0x00, 0x00, 0x00, 0x6E, 0x00, 0x00, 0x00, 0x63, 0x00, 0x00, 0x00, 0x64, 0x00, 0x00, 0x00, 0x62,
    0x00, 0x00, 0x00, 0x00, 0x00, 0x00, 0x00, 0x01, 0x00, 0x00, 0x00, 0x82, 0x00, 0x00, 0x00, 0x0D,
    0x00, 0x00, 0x00, 0x81, 0x00, 0x00, 0x00, 0x83, 0x00, 0x00, 0x00, 0x6E, 0x00, 0x00, 0x00, 0x71,
    0x00, 0x00, 0x00, 0xBA, 0x00, 0x00, 0x00, 0xBB, 0x00, 0x00, 0x00, 0x82, 0x00, 0x00, 0x00, 0xBC,
    0x00, 0x00, 0x00, 0xBD, 0x00, 0x00, 0x00, 0xBE, 0x00, 0x00, 0x00, 0xC0, 0x00, 0x00, 0x00, 0xC1,
    0x00, 0x00, 0x00, 0xC3, 0x00, 0x00, 0x00, 0x00, 0x00, 0x00, 0x00, 0x02, 0x00, 0x00, 0x00, 0x85,
    0x00, 0x00, 0x00, 0x1F, 0x00, 0x00, 0x00, 0x02, 0x00, 0x00, 0x00, 0x86, 0x00, 0x00, 0x00, 0x1F,
    0x00, 0x00, 0x00, 0x02, 0x00, 0x00, 0x00, 0x87, 0x00, 0x00, 0x00, 0xD3, 0xFF, 0xFF, 0xFF, 0x07,
    0x00, 0x00, 0x00, 0x84, 0x00, 0x00, 0x00, 0x88, 0x00, 0x00, 0x00, 0x86, 0x00, 0x00, 0x00, 0x1F,
    0x00, 0x00, 0x00, 0x85, 0x00, 0x00, 0x00, 0x6B, 0x00, 0x00, 0x00, 0x87, 0x00, 0x00, 0x00, 0x00,
    0x00, 0x00, 0x00, 0x02, 0x00, 0x00, 0x00, 0x8A, 0x00, 0x00, 0x00, 0x1F, 0x00, 0x00, 0x00, 0x0B,
    0x00, 0x00, 0x00, 0x89, 0x00, 0x00, 0x00, 0x8B, 0x00, 0x00, 0x00, 0x8A, 0x00, 0x00, 0x00, 0x6D,
    0x00, 0x00, 0x00, 0x6A, 0x00, 0x00, 0x00, 0x69, 0x00, 0x00, 0x00, 0x6C, 0x00, 0x00, 0x00, 0x70,
    0x00, 0x00, 0x00, 0xCA, 0x00, 0x00, 0x00, 0x68, 0x00, 0x00, 0x00, 0x6B, 0x00, 0x00, 0x00, 0x00,
    0x00, 0x00, 0x00, 0x03, 0x00, 0x00, 0x00, 0x8C, 0x00, 0x00, 0x00, 0x8D, 0x00, 0x00, 0x00, 0x6E,
    0x00, 0x00, 0x00, 0x00, 0x00, 0x00, 0x00, 0x01, 0x00, 0x00, 0x00, 0x8F, 0x00, 0x00, 0x00, 0x0A,
    0x00, 0x00, 0x00, 0x8E, 0x00, 0x00, 0x00, 0x90, 0x00, 0x00, 0x00, 0x6E, 0x00, 0x00, 0x00, 0x6C,
    0x00, 0x00, 0x00, 0x8F, 0x00, 0x00, 0x00, 0x70, 0x00, 0x00, 0x00, 0xCA, 0x00, 0x00, 0x00, 0x63,
    0x00, 0x00, 0x00, 0x64, 0x00, 0x00, 0x00, 0x62, 0x00, 0x00, 0x00, 0x00, 0x00, 0x00, 0x00, 0x01,
    0x00, 0x00, 0x00, 0x92, 0x00, 0x00, 0x00, 0x05, 0x00, 0x00, 0x00, 0x91, 0x00, 0x00, 0x00, 0x93,
    0x00, 0x00, 0x00, 0x92, 0x00, 0x00, 0x00, 0x70, 0x00, 0x00, 0x00, 0xCA, 0x00, 0x00, 0x00, 0x01,
    0x00, 0x00, 0x00, 0xD2, 0xFF, 0xFF, 0xFF, 0x06, 0x00, 0x00, 0x00, 0x94, 0x00, 0x00, 0x00, 0x95,
    0x00, 0x00, 0x00, 0x6F, 0x00, 0x00, 0x00, 0xA8, 0xFF, 0xFF, 0xFF, 0xD5, 0xFF, 0xFF, 0xFF, 0xD2,
    0xFF, 0xFF, 0xFF, 0x00, 0x00, 0x00, 0x00, 0x01, 0x00, 0x00, 0x00, 0x97, 0x00, 0x00, 0x00, 0x01,
    0x00, 0x00, 0x00, 0x98, 0x00, 0x00, 0x00, 0x01, 0x00, 0x00, 0x00, 0x99, 0x00, 0x00, 0x00, 0x02,
    0x00, 0x00, 0x00, 0x9A, 0x00, 0x00, 0x00, 0xD2, 0xFF, 0xFF, 0xFF, 0x01, 0x00, 0x00, 0x00, 0x9B,
    0x00, 0x00, 0x00, 0x13, 0x00, 0x00, 0x00, 0x96, 0x00, 0x00, 0x00, 0x9C, 0x00, 0x00, 0x00, 0x9B,
    0x00, 0x00, 0x00, 0xFB, 0xFF, 0xFF, 0xFF, 0xD2, 0xFF, 0xFF, 0xFF, 0x9A, 0x00, 0x00, 0x00, 0x70,
    0x00, 0x00, 0x00, 0xCC, 0x00, 0x00, 0x00, 0xCB, 0x00, 0x00, 0x00, 0x99, 0x00, 0x00, 0x00, 0x71,
    0x00, 0x00, 0x00, 0xC4, 0x00, 0x00, 0x00, 0xC5, 0x00, 0x00, 0x00, 0x98, 0x00, 0x00, 0x00, 0xC6,
    0x00, 0x00, 0x00, 0xC7, 0x00, 0x00, 0x00, 0x66, 0x00, 0x00, 0x00, 0x97, 0x00, 0x00, 0x00, 0xCA,
    0x00, 0x00, 0x00, 0x00, 0x00, 0x00, 0x00, 0x01, 0x00, 0x00, 0x00, 0x9E, 0x00, 0x00, 0x00, 0x02,
    0x00, 0x00, 0x00, 0x9F, 0x00, 0x00, 0x00, 0xD2, 0xFF, 0xFF, 0xFF, 0x0C, 0x00, 0x00, 0x00, 0x9D,
    0x00, 0x00, 0x00, 0xA0, 0x00, 0x00, 0x00, 0xFB, 0xFF, 0xFF, 0xFF, 0xD2, 0xFF, 0xFF, 0xFF, 0x70,
    0x00, 0x00, 0x00, 0xCC, 0x00, 0x00, 0x00, 0xCB, 0x00, 0x00, 0x00, 0x65, 0x00, 0x00, 0x00, 0x9E,
    0x00, 0x00, 0x00, 0x9F, 0x00, 0x00, 0x00, 0x9B, 0xFF, 0xFF, 0xFF, 0xB7, 0xFF, 0xFF, 0xFF, 0x01,
    0x00, 0x00, 0x00, 0xD2, 0xFF, 0xFF, 0xFF, 0x01, 0x00, 0x00, 0x00, 0xA2, 0x00, 0x00, 0x00, 0x01,
    0x00, 0x00, 0x00, 0xA3, 0x00, 0x00, 0x00, 0x09, 0x00, 0x00, 0x00, 0xA1, 0x00, 0x00, 0x00, 0xA4,
    0x00, 0x00, 0x00, 0xA2, 0x00, 0x00, 0x00, 0xFB, 0xFF, 0xFF, 0xFF, 0xD2, 0xFF, 0xFF, 0xFF, 0x70,
    0x00, 0x00, 0x00, 0xCC, 0x00, 0x00, 0x00, 0xCB, 0x00, 0x00, 0x00, 0xA3, 0x00, 0x00, 0x00, 0x00,
    0x00, 0x00, 0x00, 0x08, 0x00, 0x00, 0x00, 0xA5, 0x00, 0x00, 0x00, 0xA6, 0x00, 0x00, 0x00, 0x6C,
    0x00, 0x00, 0x00, 0x09, 0x00, 0x00, 0x00, 0x70, 0x00, 0x00, 0x00, 0xCC, 0x00, 0x00, 0x00, 0x08,
    0x00, 0x00, 0x00, 0xCB, 0x00, 0x00, 0x00, 0x07, 0x00, 0x00, 0x00, 0xA7, 0x00, 0x00, 0x00, 0x70,
    0x00, 0x00, 0x00, 0xCD, 0x00, 0x00, 0x00, 0xCE, 0x00, 0x00, 0x00, 0xCC, 0x00, 0x00, 0x00, 0xCB,
    0x00, 0x00, 0x00, 0xCA, 0x00, 0x00, 0x00, 0x00, 0x00, 0x00, 0x00, 0x01, 0x00, 0x00, 0x00, 0xA9,
    0x00, 0x00, 0x00, 0x01, 0x00, 0x00, 0x00, 0xAA, 0x00, 0x00, 0x00, 0x01, 0x00, 0x00, 0x00, 0xAB,
    0x00, 0x00, 0x00, 0x09, 0x00, 0x00, 0x00, 0xA8, 0x00, 0x00, 0x00, 0xAC, 0x00, 0x00, 0x00, 0xA9,
    0x00, 0x00, 0x00, 0x6E, 0x00, 0x00, 0x00, 0x63, 0x00, 0x00, 0x00, 0x64, 0x00, 0x00, 0x00, 0x62,
    0x00, 0x00, 0x00, 0xAB, 0x00, 0x00, 0x00, 0xAA, 0x00, 0x00, 0x00, 0x00, 0x00, 0x00, 0x00, 0x01,
    0x00, 0x00, 0x00, 0xAE, 0x00, 0x00, 0x00, 0x01, 0x00, 0x00, 0x00, 0xAF, 0x00, 0x00, 0x00, 0x01,
    0x00, 0x00, 0x00, 0xB0, 0x00, 0x00, 0x00, 0x02, 0x00, 0x00, 0x00, 0xB1, 0x00, 0x00, 0x00, 0xD2,
    0xFF, 0xFF, 0xFF, 0x0D, 0x00, 0x00, 0x00, 0xAD, 0x00, 0x00, 0x00, 0xB2, 0x00, 0x00, 0x00, 0xFB,
    0xFF, 0xFF, 0xFF, 0xD2, 0xFF, 0xFF, 0xFF, 0xB1, 0x00, 0x00, 0x00, 0xB0, 0x00, 0x00, 0x00, 0xAF,
    0x00, 0x00, 0x00, 0x70, 0x00, 0x00, 0x00, 0xCC, 0x00, 0x00, 0x00, 0xCB, 0x00, 0x00, 0x00, 0x65,
    0x00, 0x00, 0x00, 0xAE, 0x00, 0x00, 0x00, 0xCA, 0x00, 0x00, 0x00, 0x16, 0x00, 0x00, 0x00, 0xD7,
    0x00, 0x00, 0x00, 0xB3, 0x00, 0x00, 0x00, 0xAD, 0x00, 0x00, 0x00, 0xA8, 0x00, 0x00, 0x00, 0xA7,
    0x00, 0x00, 0x00, 0xA5, 0x00, 0x00, 0x00, 0xA1, 0x00, 0x00, 0x00, 0x9D, 0x00, 0x00, 0x00, 0x96,
    0x00, 0x00, 0x00, 0x94, 0x00, 0x00, 0x00, 0x91, 0x00, 0x00, 0x00, 0x8E, 0x00, 0x00, 0x00, 0x8C,
    0x00, 0x00, 0x00, 0x89, 0x00, 0x00, 0x00, 0x84, 0x00, 0x00, 0x00, 0x81, 0x00, 0x00, 0x00, 0x7D,
    0x00, 0x00, 0x00, 0x77, 0x00, 0x00, 0x00, 0x73, 0x00, 0x00, 0x00, 0x72, 0x00, 0x00, 0x00, 0xD2,
    0x00, 0x00, 0x00, 0xB5, 0x00, 0x00, 0x00, 0x03, 0x00, 0x00, 0x00, 0xD2, 0x00, 0x00, 0x00, 0xB4,
    0x00, 0x00, 0x00, 0xB4, 0xFF, 0xFF, 0xFF, 0x01, 0x00, 0x00, 0x00, 0xB4, 0x00, 0x00, 0x00, 0x03,
    0x00, 0x00, 0x00, 0xB6, 0x00, 0x00, 0x00, 0x5C, 0x00, 0x00, 0x00, 0xB4, 0x00, 0x00, 0x00, 0x04,
    0x00, 0x00, 0x00, 0xD8, 0x00, 0x00, 0x00, 0xB7, 0x00, 0x00, 0x00, 0xD3, 0x00, 0x00, 0x00, 0xB9,
    0x00, 0x00, 0x00, 0x03, 0x00, 0x00, 0x00, 0xD3, 0x00, 0x00, 0x00, 0xB8, 0x00, 0x00, 0x00, 0xB3,
    0xFF, 0xFF, 0xFF, 0x00, 0x00, 0x00, 0x00, 0x01, 0x00, 0x00, 0x00, 0xBA, 0x00, 0x00, 0x00, 0x00,
    0x00, 0x00, 0x00, 0x02, 0x00, 0x00, 0x00, 0xBB, 0x00, 0x00, 0x00, 0xBC, 0x00, 0x00, 0x00, 0x00,
    0x00, 0x00, 0x00, 0x01, 0x00, 0x00, 0x00, 0xBE, 0x00, 0x00, 0x00, 0x03, 0x00, 0x00, 0x00, 0xBD,
    0x00, 0x00, 0x00, 0xBF, 0x00, 0x00, 0x00, 0xBE, 0x00, 0x00, 0x00, 0x00, 0x00, 0x00, 0x00, 0x01,
    0x00, 0x00, 0x00, 0xC1, 0x00, 0x00, 0x00, 0x03, 0x00, 0x00, 0x00, 0xC0, 0x00, 0x00, 0x00, 0xC2,
    0x00, 0x00, 0x00, 0xC1, 0x00, 0x00, 0x00, 0x00, 0x00, 0x00, 0x00, 0x02, 0x00, 0x00, 0x00, 0xC3,
    0x00, 0x00, 0x00, 0xC4, 0x00, 0x00, 0x00, 0x00, 0x00, 0x00, 0x00, 0x02, 0x00, 0x00, 0x00, 0xC5,
    0x00, 0x00, 0x00, 0xC6, 0x00, 0x00, 0x00, 0x08, 0x00, 0x00, 0x00, 0xD9, 0x00, 0x00, 0x00, 0xC7,
    0x00, 0x00, 0x00, 0xC5, 0x00, 0x00, 0x00, 0xC3, 0x00, 0x00, 0x00, 0xC0, 0x00, 0x00, 0x00, 0xBD,
    0x00, 0x00, 0x00, 0xBB, 0x00, 0x00, 0x00, 0xC9, 0x00, 0x00, 0x00, 0x02, 0x00, 0x00, 0x00, 0xC8,
    0x00, 0x00, 0x00, 0xB2, 0xFF, 0xFF, 0xFF, 0x00, 0x00, 0x00, 0x00, 0x01, 0x00, 0x00, 0x00, 0xCA,
    0x00, 0x00, 0x00, 0x01, 0x00, 0x00, 0x00, 0xCB, 0x00, 0x00, 0x00, 0x01, 0x00, 0x00, 0x00, 0xCC,
    0x00, 0x00, 0x00, 0x03, 0x00, 0x00, 0x00, 0xDA, 0x00, 0x00, 0x00, 0xCD, 0x00, 0x00, 0x00, 0xCF,
    0x00, 0x00, 0x00, 0x02, 0x00, 0x00, 0x00, 0xCE, 0x00, 0x00, 0x00, 0xB2, 0xFF, 0xFF, 0xFF, 0x02,
    0x00, 0x00, 0x00, 0xCF, 0xFF, 0xFF, 0xFF, 0xB5, 0xFF, 0xFF, 0xFF, 0x20, 0x00, 0x00, 0x00, 0x0C,
    0x00, 0x00, 0x00, 0x0B, 0x00, 0x00, 0x00, 0x0A, 0x00, 0x00, 0x00, 0x09, 0x00, 0x00, 0x00, 0x08,
    0x00, 0x00, 0x00, 0x07, 0x00, 0x00, 0x00, 0x06, 0x00, 0x00, 0x00, 0x05, 0x00, 0x00, 0x00, 0x04,
    0x00, 0x00, 0x00, 0x23, 0x00, 0x00, 0x00, 0x22, 0x00, 0x00, 0x00, 0x21, 0x00, 0x00, 0x00, 0x63,
    0x00, 0x00, 0x00, 0x62, 0x00, 0x00, 0x00, 0x71, 0x00, 0x00, 0x00, 0x70, 0x00, 0x00, 0x00, 0x6F,
    0x00, 0x00, 0x00, 0x6E, 0x00, 0x00, 0x00, 0x6D, 0x00, 0x00, 0x00, 0x6C, 0x00, 0x00, 0x00, 0x6B,
    0x00, 0x00, 0x00, 0x6A, 0x00, 0x00, 0x00, 0x69, 0x00, 0x00, 0x00, 0x68, 0x00, 0x00, 0x00, 0x67,
    0x00, 0x00, 0x00, 0x66, 0x00, 0x00, 0x00, 0x65, 0x00, 0x00, 0x00, 0xB6, 0x00, 0x00, 0x00, 0xCD,
    0x00, 0x00, 0x00, 0xCC, 0x00, 0x00, 0x00, 0xCB, 0x00, 0x00, 0x00, 0xCA, 0x00, 0x00, 0x00, 0x02,
    0x00, 0x00, 0x00, 0x9E, 0xFF, 0xFF, 0xFF, 0xB4, 0xFF, 0xFF, 0xFF, 0x02, 0x00, 0x00, 0x00, 0x9D,
    0xFF, 0xFF, 0xFF, 0xB3, 0xFF, 0xFF, 0xFF, 0x03, 0x00, 0x00, 0x00, 0xD0, 0x00, 0x00, 0x00, 0x9C,
    0xFF, 0xFF, 0xFF, 0xB5, 0xFF, 0xFF, 0xFF, 0x00, 0x00, 0x00, 0x00, 0x00, 0x00, 0x00, 0x00, 0x00,
    0x00, 0x00, 0x00, 0x00, 0x00, 0x00, 0x00, 0x00, 0x00, 0x00, 0x00, 0x00, 0x00, 0x00, 0x00, 0xFF,
    0xFF, 0xFF, 0xFF, 0xAB, 0x00, 0x00, 0x00, 0x00, 0x00, 0x00, 0x00, 0x00, 0x00, 0x00, 0x00, 0x02,
    0x00, 0x00, 0x00, 0x31, 0x00, 0xFF, 0xFF, 0xFF, 0xFF, 0xAB, 0x00, 0x00, 0x00, 0x00, 0x00, 0x00,
    0x00, 0x01, 0x00, 0x00, 0x00, 0x02, 0x00, 0x00, 0x00, 0x32, 0x00, 0xFF, 0xFF, 0xFF, 0xFF, 0xAB,
    0x00, 0x00, 0x00, 0x00, 0x00, 0x00, 0x00, 0x02, 0x00, 0x00, 0x00, 0x02, 0x00, 0x00, 0x00, 0x33,
    0x00, 0xFF, 0xFF, 0xFF, 0xFF, 0xAB, 0x00, 0x00, 0x00, 0x00, 0x00, 0x00, 0x00, 0x03, 0x00, 0x00,
    0x00, 0x01, 0x00, 0x00, 0x00, 0x00, 0x00, 0x00, 0x00, 0x00, 0x00, 0x00, 0x00, 0xAB, 0x00, 0x00,
    0x00, 0x00, 0x00, 0x00, 0x00, 0x00, 0x00, 0x00, 0x00, 0xFF, 0xFF, 0xFF, 0xFF, 0xAB, 0x00, 0x00,
    0x00, 0x00, 0x00, 0x00, 0x00, 0x04, 0x00, 0x00, 0x00, 0x01, 0x00, 0x00, 0x00, 0x00, 0x00, 0x00,
    0x00, 0x00, 0x00, 0x00, 0x00, 0xAB, 0x00, 0x00, 0x00, 0x00, 0x00, 0x00, 0x00, 0x00, 0x00, 0x00,
    0x00, 0xFF, 0xFF, 0xFF, 0xFF, 0xAB, 0x00, 0x00, 0x00, 0x00, 0x00, 0x00, 0x00, 0x05, 0x00, 0x00,
    0x00, 0x01, 0x00, 0x00, 0x00, 0x00, 0x00, 0x00, 0x00, 0x00, 0x00, 0x00, 0x00, 0xAB, 0x00, 0x00,
    0x00, 0x00, 0x00, 0x00, 0x00, 0x00, 0x00, 0x00, 0x00, 0xFF, 0xFF, 0xFF, 0xFF, 0xAB, 0x00, 0x00,
    0x00, 0x00, 0x00, 0x00, 0x00, 0x06, 0x00, 0x00, 0x00, 0x01, 0x00, 0x00, 0x00, 0x00, 0x00, 0x00,
    0x00, 0x00, 0x00, 0x00, 0x00, 0xAB, 0x00, 0x00, 0x00, 0x00, 0x00, 0x00, 0x00, 0x00, 0x00, 0x00,
    0x00, 0xFF, 0xFF, 0xFF, 0xFF, 0xAB, 0x00, 0x00, 0x00, 0x00, 0x00, 0x00, 0x00, 0x07, 0x00, 0x00,
    0x00, 0x01, 0x00, 0x00, 0x00, 0x00, 0x00, 0x00, 0x00, 0x00, 0x00, 0x00, 0x00, 0xAB, 0x00, 0x00,
    0x00, 0x00, 0x00, 0x00, 0x00, 0x00, 0x00, 0x00, 0x00, 0xFF, 0xFF, 0xFF, 0xFF, 0xAB, 0x00, 0x00,
    0x00, 0x00, 0x00, 0x00, 0x00, 0x08, 0x00, 0x00, 0x00, 0x01, 0x00, 0x00, 0x00, 0x00, 0x00, 0x00,
    0x00, 0x00, 0x00, 0x00, 0x00, 0xAB, 0x00, 0x00, 0x00, 0x00, 0x00, 0x00, 0x00, 0x00, 0x00, 0x00,
    0x00, 0xFF, 0xFF, 0xFF, 0xFF, 0xAB, 0x00, 0x00, 0x00, 0x00, 0x00, 0x00, 0x00, 0x09, 0x00, 0x00,
    0x00, 0x01, 0x00, 0x00, 0x00, 0x00, 0x00, 0x40, 0x00, 0x00, 0x00, 0x00, 0x00, 0xAB, 0x00, 0x00,
    0x00, 0x00, 0x00, 0x00, 0x00, 0x00, 0x00, 0x00, 0x00, 0xFF, 0xFF, 0xFF, 0xFF, 0xAB, 0x00, 0x00,
    0x00, 0x00, 0x00, 0x00, 0x00, 0x0A, 0x00, 0x00, 0x00, 0x01, 0x00, 0x00, 0x00, 0x00, 0x00, 0x00,
    0x00, 0x00, 0x00, 0x00, 0x00, 0xAB, 0x00, 0x00, 0x00, 0x00, 0x00, 0x00, 0x00, 0x00, 0x00, 0x00,
    0x00, 0x00, 0x00, 0x00, 0x00, 0xFF, 0xFF, 0xFF, 0xFF, 0xAB, 0x00, 0x00, 0x00, 0x00, 0x00, 0x00,
    0x00, 0x0B, 0x00, 0x00, 0x00, 0x01, 0x00, 0x00, 0x00, 0x00, 0x00, 0x00, 0x00, 0x00, 0x00, 0x00,
    0x00, 0xAB, 0x00, 0x00, 0x00, 0x00, 0x00, 0x00, 0x00, 0x00, 0x00, 0x00, 0x00, 0xB4, 0x00, 0x00,
    0x00, 0xFF, 0xFF, 0xFF, 0xFF, 0xAB, 0x00, 0x00, 0x00, 0x00, 0x00, 0x00, 0x00, 0x0C, 0x00, 0x00,
    0x00, 0xB8, 0xFF, 0xFF, 0xFF, 0x00, 0x00, 0x00, 0x00, 0x00, 0x00, 0x00, 0x00, 0x00, 0x00, 0x00,
    0x00, 0x13, 0x00, 0x00, 0x00, 0xAB, 0x01, 0x00, 0x00, 0x0D, 0x00, 0x00, 0x00, 0x09, 0x00, 0x00,
    0x00, 0x1C, 0xB8, 0xFF, 0xFF, 0xFF, 0x16, 0x04, 0x0B, 0x53, 0x00, 0x00, 0x00, 0x02, 0x00, 0x02,
    0x00, 0xB7, 0x00, 0x00, 0x00, 0x00, 0x00, 0x00, 0x00, 0xFF, 0xFF, 0xFF, 0xFF, 0xAB, 0x00, 0x00,
    0x00, 0x00, 0x00, 0x00, 0x00, 0x00, 0x00, 0x00, 0x00, 0x01, 0x00, 0x00, 0x00, 0x80, 0x00, 0x00,
    0x00, 0x00, 0x00, 0x00, 0x00, 0xAB, 0x00, 0x00, 0x00, 0x00, 0x00, 0x00, 0x00, 0x00, 0x00, 0x00,
    0x00, 0xFF, 0xFF, 0xFF, 0xFF, 0xAB, 0x00, 0x00, 0x00, 0x00, 0x00, 0x00, 0x00, 0x0E, 0x00, 0x00,
    0x00, 0x01, 0x00, 0x00, 0x00, 0x80, 0x00, 0x00, 0x00, 0x00, 0x00, 0x00, 0x00, 0xAB, 0x00, 0x00,
    0x00, 0x00, 0x00, 0x00, 0x00, 0x00, 0x00, 0x00, 0x00, 0xFF, 0xFF, 0xFF, 0xFF, 0xAB, 0x00, 0x00,
    0x00, 0x00, 0x00, 0x00, 0x00, 0x0F, 0x00, 0x00, 0x00, 0x01, 0x00, 0x00, 0x00, 0x80, 0x00, 0x00,
    0x00, 0x00, 0x00, 0x00, 0x00, 0xAB, 0x00, 0x00, 0x00, 0x00, 0x00, 0x00, 0x00, 0x00, 0x00, 0x00,
    0x00, 0xB4, 0x00, 0x00, 0x00, 0xFF, 0xFF, 0xFF, 0xFF, 0xAB, 0x00, 0x00, 0x00, 0x00, 0x00, 0x00,
    0x00, 0x0D, 0x00, 0x00, 0x00, 0x00, 0x00, 0x00, 0x00, 0x00, 0x00, 0x00, 0x00, 0x10, 0x00, 0x00,
    0x00, 0x00, 0x00, 0x00, 0x00, 0x18, 0x00, 0x00, 0x00, 0x2B, 0x02, 0x00, 0x00, 0x4D, 0x00, 0x00,
    0x00, 0x35, 0x00, 0x00, 0x00, 0x0F, 0x01, 0x0C, 0x00, 0x00, 0x00, 0x00, 0x10, 0x00, 0x00, 0x00,
    0x0F, 0x01, 0x0B, 0x00, 0x00, 0x00, 0x24, 0x01, 0x0F, 0x01, 0x07, 0x00, 0x00, 0x00, 0x1E, 0x00,
    0x00, 0x00, 0x40, 0x1B, 0xD8, 0x00, 0x00, 0x00, 0x00, 0x00, 0x00, 0x00, 0x00, 0x0F, 0x00, 0x00,
    0x00, 0x00, 0x0E, 0x00, 0x00, 0x00, 0x16, 0x04, 0x0B, 0x53, 0x00, 0x00, 0x00, 0x02, 0x00, 0x02,
    0x00, 0x43, 0x00, 0x00, 0x00, 0x00, 0x00, 0x00, 0x00, 0xFF, 0xFF, 0xFF, 0xFF, 0xAB, 0x00, 0x00,
    0x00, 0x00, 0x00, 0x00, 0x00, 0x00, 0x00, 0x00, 0x00, 0x01, 0x00, 0x00, 0x00, 0x80, 0x00, 0x00,
    0x00, 0x00, 0x00, 0x00, 0x00, 0xAB, 0x00, 0x00, 0x00, 0x00, 0x00, 0x00, 0x00, 0x00, 0x00, 0x00,
    0x00, 0xFF, 0xFF, 0xFF, 0xFF, 0xAB, 0x00, 0x00, 0x00, 0x00, 0x00, 0x00, 0x00, 0x12, 0x00, 0x00,
    0x00, 0x01, 0x00, 0x00, 0x00, 0x80, 0x00, 0x00, 0x00, 0x00, 0x00, 0x00, 0x00, 0xAB, 0x00, 0x00,
    0x00, 0x00, 0x00, 0x00, 0x00, 0x00, 0x00, 0x00, 0x00, 0xB4, 0x00, 0x00, 0x00, 0xFF, 0xFF, 0xFF,
    0xFF, 0xAB, 0x00, 0x00, 0x00, 0x00, 0x00, 0x00, 0x00, 0x11, 0x00, 0x00, 0x00, 0x00, 0x00, 0x00,
    0x00, 0x00, 0x00, 0x00, 0x00, 0x13, 0x00, 0x00, 0x00, 0x00, 0x00, 0x00, 0x00, 0x20, 0x00, 0x00,
    0x00, 0xFB, 0x02, 0x00, 0x00, 0x69, 0x00, 0x00, 0x00, 0x4D, 0x00, 0x00, 0x00, 0x0F, 0x01, 0x0C,
    0x00, 0x00, 0x00, 0x00, 0x13, 0x00, 0x00, 0x00, 0x0F, 0x01, 0x0B, 0x00, 0x00, 0x00, 0x38, 0x3D,
    0x45, 0x2D, 0x00, 0x12, 0x00, 0x00, 0x00, 0x02, 0x00, 0x2C, 0x03, 0x02, 0x00, 0x2C, 0x02, 0x0F,
    0x01, 0x07, 0x00, 0x00, 0x00, 0x1E, 0x00, 0x00, 0x00, 0x40, 0x0F, 0x01, 0x0A, 0x00, 0x00, 0x00,
    0x45, 0x2D, 0x00, 0x12, 0x00, 0x00, 0x00, 0x06, 0x00, 0x1F, 0x4E, 0x45, 0x58, 0x54, 0x00, 0x06,
    0x00, 0x1F, 0x4C, 0x41, 0x53, 0x54, 0x00, 0x04, 0x0B, 0x53, 0x00, 0x00, 0x00, 0x02, 0x00, 0x02,
    0x00, 0x42, 0x00, 0x00, 0x00, 0x00, 0x00, 0x00, 0x00, 0xFF, 0xFF, 0xFF, 0xFF, 0xAB, 0x00, 0x00,
    0x00, 0x00, 0x00, 0x00, 0x00, 0x00, 0x00, 0x00, 0x00, 0x01, 0x00, 0x00, 0x00, 0x80, 0x00, 0x00,
    0x00, 0x00, 0x00, 0x00, 0x00, 0xAB, 0x00, 0x00, 0x00, 0x00, 0x00, 0x00, 0x00, 0x00, 0x00, 0x00,
    0x00, 0xFF, 0xFF, 0xFF, 0xFF, 0xAB, 0x00, 0x00, 0x00, 0x00, 0x00, 0x00, 0x00, 0x15, 0x00, 0x00,
    0x00, 0x01, 0x00, 0x00, 0x00, 0x80, 0x00, 0x00, 0x00, 0x00, 0x00, 0x00, 0x00, 0xAB, 0x00, 0x00,
    0x00, 0x00, 0x00, 0x00, 0x00, 0x00, 0x00, 0x00, 0x00, 0xFF, 0xFF, 0xFF, 0xFF, 0xAB, 0x00, 0x00,
    0x00, 0x00, 0x00, 0x00, 0x00, 0x14, 0x00, 0x00, 0x00, 0x00, 0x00, 0x00, 0x00, 0x00, 0x00, 0x00,
    0x00, 0x16, 0x00, 0x00, 0x00, 0x00, 0x00, 0x00, 0x00, 0x28, 0x00, 0x00, 0x00, 0xC3, 0x03, 0x00,
    0x00, 0x50, 0x00, 0x00, 0x00, 0x34, 0x00, 0x00, 0x00, 0x0F, 0x01, 0x09, 0x00, 0x00, 0x00, 0x00,
    0x16, 0x00, 0x00, 0x00, 0x0F, 0x01, 0x08, 0x00, 0x00, 0x00, 0x00, 0x15, 0x00, 0x00, 0x00, 0x0F,
    0x01, 0x0A, 0x00, 0x00, 0x00, 0x70, 0x70, 0x38, 0x53, 0x00, 0x16, 0x00, 0x00, 0x00, 0x1F, 0x78,
    0x00, 0x16, 0x38, 0x53, 0x00, 0x15, 0x00, 0x00, 0x00, 0x16, 0x04, 0x0B, 0x53, 0x00, 0x00, 0x00,
    0x02, 0x00, 0x02, 0x00, 0xD8, 0x00, 0x00, 0x00, 0x00, 0x00, 0x00, 0x00, 0xFF, 0xFF, 0xFF, 0xFF,
    0xAB, 0x00, 0x00, 0x00, 0x00, 0x00, 0x00, 0x00, 0x00, 0x00, 0x00, 0x00, 0x01, 0x00, 0x00, 0x00,
    0x80, 0x00, 0x00, 0x00, 0x00, 0x00, 0x00, 0x00, 0xAB, 0x00, 0x00, 0x00, 0x00, 0x00, 0x00, 0x00,
    0x00, 0x00, 0x00, 0x00, 0xFF, 0xFF, 0xFF, 0xFF, 0xAB, 0x00, 0x00, 0x00, 0x00, 0x00, 0x00, 0x00,
    0x17, 0x00, 0x00, 0x00, 0x00, 0x00, 0x00, 0x00, 0x00, 0x00, 0x00, 0x00, 0x18, 0x00, 0x00, 0x00,
    0x00, 0x00, 0x00, 0x00, 0x2F, 0x00, 0x00, 0x00, 0x68, 0x04, 0x00, 0x00, 0x22, 0x00, 0x00, 0x00,
    0x1A, 0x00, 0x00, 0x00, 0x14, 0x2D, 0x01, 0x06, 0x00, 0x00, 0x00, 0x2D, 0x00, 0x18, 0x00, 0x00,
    0x00, 0x1B, 0xF5, 0x00, 0x00, 0x00, 0x00, 0x00, 0x00, 0x00, 0x16, 0x04, 0x0B, 0x53, 0x00, 0x00,
    0x00, 0x02, 0x00, 0x02, 0x00, 0xDA, 0x00, 0x00, 0x00, 0x00, 0x00, 0x00, 0x00, 0xFF, 0xFF, 0xFF,
    0xFF, 0xAB, 0x00, 0x00, 0x00, 0x00, 0x00, 0x00, 0x00, 0x19, 0x00, 0x00, 0x00, 0x00, 0x00, 0x00,
    0x00, 0x00, 0x00, 0x00, 0x00, 0x00, 0x00, 0x00, 0x00, 0x00, 0x00, 0x00, 0x00, 0x35, 0x00, 0x00,
    0x00, 0xBD, 0x04, 0x00, 0x00, 0x4D, 0x00, 0x00, 0x00, 0x3D, 0x00, 0x00, 0x00, 0x07, 0x4A, 0x00,
    0x77, 0x01, 0xA7, 0xFF, 0xFF, 0xFF, 0x2A, 0x16, 0x19, 0x01, 0xA7, 0xFF, 0xFF, 0xFF, 0x26, 0x00,
    0x00, 0x00, 0x00, 0x00, 0x00, 0x1B, 0xD9, 0x00, 0x00, 0x00, 0x00, 0x00, 0x00, 0x00, 0x21, 0x83,
    0x00, 0x00, 0x00, 0x00, 0x00, 0x00, 0x00, 0x38, 0x3F, 0x45, 0x2D, 0x01, 0x06, 0x00, 0x00, 0x00,
    0x01, 0x00, 0x26, 0x01, 0x00, 0x25, 0x16, 0x04, 0x0B, 0x53, 0x00, 0x00, 0x00, 0x02, 0x00, 0x02,
    0x00, 0xF5, 0x00, 0x00, 0x00, 0x00, 0x00, 0x00, 0x00, 0xFF, 0xFF, 0xFF, 0xFF, 0xAB, 0x00, 0x00,
    0x00, 0x00, 0x00, 0x00, 0x00, 0x1A, 0x00, 0x00, 0x00, 0x00, 0x00, 0x00, 0x00, 0x00, 0x00, 0x00,
    0x00, 0x00, 0x00, 0x00, 0x00, 0x00, 0x00, 0x00, 0x00, 0x3D, 0x00, 0x00, 0x00, 0x5F, 0x05, 0x00,
    0x00, 0x0F, 0x00, 0x00, 0x00, 0x0B, 0x00, 0x00, 0x00, 0x14, 0x2D, 0x01, 0x05, 0x00, 0x00, 0x00,
    0x28, 0x04, 0x0B, 0x53, 0x00, 0x00, 0x00, 0x02, 0x00, 0x02, 0x00, 0xBD, 0x00, 0x00, 0x00, 0x00,
    0x00, 0x00, 0x00, 0xFF, 0xFF, 0xFF, 0xFF, 0xAB, 0x00, 0x00, 0x00, 0x00, 0x00, 0x00, 0x00, 0x00,
    0x00, 0x00, 0x00, 0x01, 0x00, 0x00, 0x00, 0x00, 0x00, 0x00, 0x00, 0x00, 0x00, 0x00, 0x00, 0xAB,
    0x00, 0x00, 0x00, 0x00, 0x00, 0x00, 0x00, 0x00, 0x00, 0x00, 0x00, 0xFF, 0xFF, 0xFF, 0xFF, 0xAB,
    0x00, 0x00, 0x00, 0x00, 0x00, 0x00, 0x00, 0x1C, 0x00, 0x00, 0x00, 0x01, 0x00, 0x00, 0x00, 0x80,
    0x00, 0x00, 0x00, 0x00, 0x00, 0x00, 0x00, 0xAB, 0x00, 0x00, 0x00, 0x00, 0x00, 0x00, 0x00, 0x00,
    0x00, 0x00, 0x00, 0xFF, 0xFF, 0xFF, 0xFF, 0xAB, 0x00, 0x00, 0x00, 0x00, 0x00, 0x00, 0x00, 0x1B,
    0x00, 0x00, 0x00, 0xB9, 0xFF, 0xFF, 0xFF, 0x00, 0x00, 0x00, 0x00, 0x1D, 0x00, 0x00, 0x00, 0x00,
    0x00, 0x00, 0x00, 0x44, 0x00, 0x00, 0x00, 0xC6, 0x05, 0x00, 0x00, 0x82, 0x01, 0x00, 0x00, 0x1E,
    0x01, 0x00, 0x00, 0x07, 0x0F, 0x00, 0x2D, 0x00, 0x1D, 0x00, 0x00, 0x00, 0x04, 0x0B, 0x0F, 0x00,
    0x1C, 0x00, 0x00, 0x00, 0x19, 0x01, 0xB1, 0xFF, 0xFF, 0xFF, 0x09, 0x00, 0xC9, 0xFF, 0xFF, 0xFF,
    0x00, 0x01, 0xC9, 0xFF, 0xFF, 0xFF, 0x07, 0x48, 0x00, 0x72, 0x01, 0x0C, 0x00, 0x00, 0x00, 0x2A,
    0x16, 0x04, 0x0B, 0x07, 0x9D, 0x00, 0x82, 0x2D, 0x01, 0x05, 0x00, 0x00, 0x00, 0x18, 0x1C, 0x00,
    0xB2, 0xAF, 0x00, 0x1C, 0x00, 0x00, 0x00, 0x01, 0x04, 0x00, 0x00, 0x00, 0x16, 0x1E, 0xCD, 0xCC,
    0x4C, 0x3E, 0x16, 0x16, 0x0F, 0x01, 0x04, 0x00, 0x00, 0x00, 0x00, 0x1C, 0x00, 0x00, 0x00, 0x61,
    0x18, 0x1E, 0xCD, 0xCC, 0x4C, 0x3E, 0x28, 0x21, 0xBD, 0x00, 0x00, 0x00, 0x00, 0x00, 0x00, 0x00,
    0x4A, 0x16, 0x04, 0x0B, 0x14, 0x2D, 0x01, 0x05, 0x00, 0x00, 0x00, 0x27, 0x0F, 0x01, 0x04, 0x00,
    0x00, 0x00, 0x00, 0x1C, 0x00, 0x00, 0x00, 0x61, 0x18, 0x1E, 0xCD, 0xCC, 0x4C, 0x3E, 0x28, 0x21,
    0xBD, 0x00, 0x00, 0x00, 0x00, 0x00, 0x00, 0x00, 0x4A, 0x16, 0x07, 0x14, 0x01, 0x9A, 0x38, 0x3A,
    0x01, 0x0B, 0x00, 0x00, 0x00, 0x26, 0x16, 0x19, 0x01, 0x0C, 0x00, 0x00, 0x00, 0x1C, 0x00, 0x00,
    0x00, 0x00, 0x00, 0x00, 0x1B, 0xD2, 0x00, 0x00, 0x00, 0x00, 0x00, 0x00, 0x00, 0x01, 0x09, 0x00,
    0x00, 0x00, 0x01, 0x08, 0x00, 0x00, 0x00, 0x16, 0x06, 0x7F, 0x01, 0x07, 0x4D, 0x01, 0x9A, 0x38,
    0x3A, 0x01, 0x0B, 0x00, 0x00, 0x00, 0x2C, 0x02, 0x16, 0x19, 0x01, 0x0C, 0x00, 0x00, 0x00, 0x0F,
    0x00, 0x00, 0x00, 0x00, 0x00, 0x00, 0x1B, 0x3A, 0x00, 0x00, 0x00, 0x00, 0x00, 0x00, 0x00, 0x1D,
    0xFF, 0xFF, 0xFF, 0xFF, 0x16, 0x06, 0x7F, 0x01, 0x07, 0x7F, 0x01, 0x9A, 0x38, 0x3A, 0x01, 0x0B,
    0x00, 0x00, 0x00, 0x2C, 0x03, 0x16, 0x19, 0x01, 0x0C, 0x00, 0x00, 0x00, 0x0B, 0x00, 0x00, 0x00,
    0x00, 0x00, 0x00, 0x1B, 0x3A, 0x00, 0x00, 0x00, 0x00, 0x00, 0x00, 0x00, 0x26, 0x16, 0x04, 0x0B,
    0x53, 0x00, 0x00, 0x00, 0x02, 0x00, 0x02, 0x00, 0x04, 0x00, 0x00, 0x00, 0x00, 0x00, 0x00, 0x00,
    0xFF, 0xFF, 0xFF, 0xFF, 0x00, 0x00, 0x00, 0x00, 0xD3, 0xFF, 0xFF, 0xFF, 0xD5, 0x00, 0x00, 0x00,
    0x1E, 0x00, 0x00, 0x00, 0x00, 0x00, 0x00, 0x00, 0xFF, 0xFF, 0xFF, 0xFF, 0xFF, 0xFF, 0xFF, 0xFF,
    0x00, 0x00, 0x00, 0x00, 0x00, 0x00, 0x00, 0x00, 0x08, 0x30, 0x00, 0x30, 0xFF, 0xFF, 0x02, 0x00,
    0x00, 0x00, 0x08, 0x00, 0x00, 0x00, 0x04, 0x00, 0x00, 0x00, 0x00, 0x00, 0x00, 0x00, 0x1E, 0x00,
    0x00, 0x00, 0xBD, 0x00, 0x00, 0x00, 0x00, 0x00, 0x00, 0x00, 0x1B, 0x00, 0x00, 0x00, 0xF5, 0x00,
    0x00, 0x00, 0x00, 0x00, 0x00, 0x00, 0x1A, 0x00, 0x00, 0x00, 0xDA, 0x00, 0x00, 0x00, 0x00, 0x00,
    0x00, 0x00, 0x19, 0x00, 0x00, 0x00, 0xD8, 0x00, 0x00, 0x00, 0x00, 0x00, 0x00, 0x00, 0x17, 0x00,
    0x00, 0x00, 0x42, 0x00, 0x00, 0x00, 0x00, 0x00, 0x00, 0x00, 0x14, 0x00, 0x00, 0x00, 0x43, 0x00,
    0x00, 0x00, 0x00, 0x00, 0x00, 0x00, 0x11, 0x00, 0x00, 0x00, 0xB7, 0x00, 0x00, 0x00, 0x00, 0x00,
    0x00, 0x00, 0x0D, 0x00, 0x00, 0x00, 0x12, 0x02, 0x80, 0x00, 0xEC, 0xFF, 0xFF, 0xFF, 0xAB, 0x00,
    0x00, 0x00, 0x00, 0x00, 0x00, 0x00, 0x02, 0x00, 0x00, 0x00, 0xA4, 0x00, 0x00, 0x00, 0x00, 0x00,
    0x00, 0x00, 0xD0, 0x00, 0x00, 0x00, 0xE2, 0x00, 0x00, 0x00, 0x00, 0x00, 0x00, 0x00, 0xD4, 0x00,
    0x00, 0x00, 0x00, 0x00, 0x00, 0x00, 0x00, 0x00, 0x00, 0x00, 0x01, 0x00, 0x00, 0x00, 0xA6, 0x00,
    0x00, 0x00, 0x00, 0x00, 0x00, 0x00, 0x00, 0x00, 0x00, 0x00, 0x00, 0x00, 0x00, 0x00, 0x00, 0x00,
    0x00, 0x00, 0x00, 0x00, 0x00, 0x00, 0xAB, 0x00, 0x00, 0x00, 0x00, 0x00, 0x00, 0x00, 0x20, 0x00,
    0x00, 0x00, 0xFF, 0xFF, 0xFF, 0xFF, 0x8E, 0x00, 0x00, 0x00, 0x00, 0x00, 0x00, 0x00, 0x6A, 0x00,
    0x00, 0x00, 0x00, 0x00, 0x00, 0x00, 0x04, 0x00, 0x00, 0x00, 0x00, 0x00, 0x00, 0x00, 0x00, 0x00,
    0x80, 0x3F, 0xE1, 0x00, 0x00, 0x00, 0x00, 0x00, 0x00, 0x00, 0xAD, 0x00, 0x00, 0x00, 0x00, 0x00,
    0x00, 0x00, 0x04, 0x00, 0x00, 0x00, 0x00, 0x00, 0x00, 0x00, 0xD4, 0x00, 0x00, 0x00, 0x96, 0x00,
    0x00, 0x00, 0x00, 0x00, 0x00, 0x00, 0xAD, 0x00, 0x00, 0x00, 0x00, 0x00, 0x00, 0x00, 0x04, 0x00,
    0x00, 0x00, 0x00, 0x00, 0x00, 0x00, 0xD0, 0x00, 0x00, 0x00, 0x41, 0x00, 0x00, 0x00, 0x00, 0x00,
    0x00, 0x00, 0x19, 0x00, 0x00, 0x00, 0x00, 0x00, 0x00, 0x00, 0x10, 0x00, 0x00, 0x00, 0x00, 0x00,
    0x00, 0x00, 0x03, 0x00, 0x00, 0x00, 0xD0, 0x00, 0x00, 0x00, 0xD4, 0x00, 0x00, 0x00, 0xD4, 0x00,
    0x00, 0x00, 0x3E, 0x00, 0x00, 0x00, 0x00, 0x00, 0x00, 0x00, 0xAD, 0x00, 0x00, 0x00, 0x00, 0x00,
    0x00, 0x00, 0x04, 0x00, 0x00, 0x00, 0x00, 0x00, 0x00, 0x00, 0xD4, 0x00, 0x00, 0x00, 0xAB, 0x00,
    0x00, 0x00, 0x00, 0x00, 0x00, 0x00, 0xFF, 0xFF, 0xFF, 0xFF, 0xAB, 0x00, 0x00, 0x00, 0x00, 0x00,
    0x00, 0x00, 0x00, 0x00, 0x00, 0x00, 0x01, 0x00, 0x00, 0x00, 0x00, 0x00, 0x00, 0x00, 0x00, 0x00,
    0x00, 0x00, 0xAB, 0x00, 0x00, 0x00, 0x00, 0x00, 0x00, 0x00, 0x00, 0x00, 0x00, 0x00, 0xFF, 0xFF,
    0xFF, 0xFF, 0xAB, 0x00, 0x00, 0x00, 0x00, 0x00, 0x00, 0x00, 0x21, 0x00, 0x00, 0x00, 0x01, 0x00,
    0x00, 0x00, 0x00, 0x00, 0x00, 0x00, 0x00, 0x00, 0x00, 0x00, 0xAB, 0x00, 0x00, 0x00, 0x00, 0x00,
    0x00, 0x00, 0x00, 0x00, 0x00, 0x00, 0xFF, 0xFF, 0xFF, 0xFF, 0xAB, 0x00, 0x00, 0x00, 0x00, 0x00,
    0x00, 0x00, 0x22, 0x00, 0x00, 0x00, 0x01, 0x00, 0x00, 0x00, 0x00, 0x00, 0x00, 0x00, 0x00, 0x00,
    0x00, 0x00, 0xAB, 0x00, 0x00, 0x00, 0x00, 0x00, 0x00, 0x00, 0x00, 0x00, 0x00, 0x00, 0xFF, 0xFF,
    0xFF, 0xFF, 0xAB, 0x00, 0x00, 0x00, 0x00, 0x00, 0x00, 0x00, 0x23, 0x00, 0x00, 0x00, 0xBA, 0xFF,
    0xFF, 0xFF, 0x00, 0x00, 0x00, 0x00, 0x00, 0x00, 0x00, 0x00, 0x00, 0x00, 0x00, 0x00, 0x09, 0x00,
    0x00, 0x00, 0xC3, 0x00, 0x00, 0x00, 0x17, 0x00, 0x00, 0x00, 0x13, 0x00, 0x00, 0x00, 0x1C, 0xBA,
    0xFF, 0xFF, 0xFF, 0x16, 0x1B, 0x5A, 0x00, 0x00, 0x00, 0x00, 0x00, 0x00, 0x00, 0x16, 0x04, 0x0B,
    0x53, 0x00, 0x00, 0x00, 0x02, 0x00, 0x02, 0x00, 0x5B, 0x00, 0x00, 0x00, 0x00, 0x00, 0x00, 0x00,
    0xFF, 0xFF, 0xFF, 0xFF, 0xAB, 0x00, 0x00, 0x00, 0x00, 0x00, 0x00, 0x00, 0x00, 0x00, 0x00, 0x00,
    0x01, 0x00, 0x00, 0x00, 0x00, 0x00, 0x00, 0x00, 0x00, 0x00, 0x00, 0x00, 0xAB, 0x00, 0x00, 0x00,
    0x00, 0x00, 0x00, 0x00, 0x00, 0x00, 0x00, 0x00, 0xFF, 0xFF, 0xFF, 0xFF, 0xAB, 0x00, 0x00, 0x00,
    0x00, 0x00, 0x00, 0x00, 0x25, 0x00, 0x00, 0x00, 0x01, 0x00, 0x00, 0x00, 0x00, 0x00, 0x00, 0x00,
    0x00, 0x00, 0x00, 0x00, 0xAB, 0x00, 0x00, 0x00, 0x00, 0x00, 0x00, 0x00, 0x00, 0x00, 0x00, 0x00,
    0xFF, 0xFF, 0xFF, 0xFF, 0xAB, 0x00, 0x00, 0x00, 0x00, 0x00, 0x00, 0x00, 0x26, 0x00, 0x00, 0x00,
    0x01, 0x00, 0x00, 0x00, 0x80, 0x01, 0x00, 0x00, 0x00, 0x00, 0x00, 0x00, 0xAB, 0x00, 0x00, 0x00,
    0x00, 0x00, 0x00, 0x00, 0x00, 0x00, 0x00, 0x00, 0xFF, 0xFF, 0xFF, 0xFF, 0xAB, 0x00, 0x00, 0x00,
    0x00, 0x00, 0x00, 0x00, 0x27, 0x00, 0x00, 0x00, 0x01, 0x00, 0x00, 0x00, 0x80, 0x01, 0x00, 0x00,
    0x00, 0x00, 0x00, 0x00, 0xAB, 0x00, 0x00, 0x00, 0x00, 0x00, 0x00, 0x00, 0x00, 0x00, 0x00, 0x00,
    0xFF, 0xFF, 0xFF, 0xFF, 0xAB, 0x00, 0x00, 0x00, 0x00, 0x00, 0x00, 0x00, 0x28, 0x00, 0x00, 0x00,
    0x01, 0x00, 0x00, 0x00, 0x80, 0x01, 0x00, 0x00, 0x00, 0x00, 0x00, 0x00, 0xAB, 0x00, 0x00, 0x00,
    0x00, 0x00, 0x00, 0x00, 0x00, 0x00, 0x00, 0x00, 0xFF, 0xFF, 0xFF, 0xFF, 0xAB, 0x00, 0x00, 0x00,
    0x00, 0x00, 0x00, 0x00, 0x29, 0x00, 0x00, 0x00, 0x01, 0x00, 0x00, 0x00, 0x80, 0x00, 0x00, 0x00,
    0x00, 0x00, 0x00, 0x00, 0xAB, 0x00, 0x00, 0x00, 0x00, 0x00, 0x00, 0x00, 0x00, 0x00, 0x00, 0x00,
    0xFF, 0xFF, 0xFF, 0xFF, 0xAB, 0x00, 0x00, 0x00, 0x00, 0x00, 0x00, 0x00, 0x2A, 0x00, 0x00, 0x00,
    0x01, 0x00, 0x00, 0x00, 0x80, 0x00, 0x00, 0x00, 0x00, 0x00, 0x00, 0x00, 0xAB, 0x00, 0x00, 0x00,
    0x00, 0x00, 0x00, 0x00, 0x00, 0x00, 0x00, 0x00, 0xA0, 0xFF, 0xFF, 0xFF, 0xFF, 0xFF, 0xFF, 0xFF,
    0xAB, 0x00, 0x00, 0x00, 0x00, 0x00, 0x00, 0x00, 0x2B, 0x00, 0x00, 0x00, 0x01, 0x00, 0x00, 0x00,
    0x80, 0x00, 0x00, 0x00, 0x00, 0x00, 0x00, 0x00, 0xAB, 0x00, 0x00, 0x00, 0x00, 0x00, 0x00, 0x00,
    0x00, 0x00, 0x00, 0x00, 0xA0, 0xFF, 0xFF, 0xFF, 0xFF, 0xFF, 0xFF, 0xFF, 0xAB, 0x00, 0x00, 0x00,
    0x00, 0x00, 0x00, 0x00, 0x24, 0x00, 0x00, 0x00, 0x00, 0x00, 0x00, 0x00, 0x00, 0x00, 0x00, 0x00,
    0x2C, 0x00, 0x00, 0x00, 0x00, 0x00, 0x00, 0x00, 0x12, 0x00, 0x00, 0x00, 0xC5, 0x01, 0x00, 0x00,
    0x2F, 0x02, 0x00, 0x00, 0x57, 0x01, 0x00, 0x00, 0x07, 0xD3, 0x00, 0x84, 0x84, 0xB4, 0x35, 0xCD,
    0xFF, 0xFF, 0xFF, 0xA0, 0xFF, 0xFF, 0xFF, 0x00, 0x00, 0x00, 0x2C, 0x00, 0x00, 0x00, 0x35, 0xCD,
    0xFF, 0xFF, 0xFF, 0xA0, 0xFF, 0xFF, 0xFF, 0x00, 0x00, 0x00, 0x2B, 0x00, 0x00, 0x00, 0x16, 0x18,
    0x46, 0x00, 0xB0, 0x00, 0x2A, 0x00, 0x00, 0x00, 0xF4, 0x35, 0xCD, 0xFF, 0xFF, 0xFF, 0xA0, 0xFF,
    0xFF, 0xFF, 0x00, 0x00, 0x00, 0x2C, 0x00, 0x00, 0x00, 0x35, 0xCD, 0xFF, 0xFF, 0xFF, 0xA0, 0xFF,
    0xFF, 0xFF, 0x00, 0x00, 0x00, 0x2B, 0x00, 0x00, 0x00, 0x16, 0x16, 0x16, 0x18, 0x46, 0x00, 0xB3,
    0x00, 0x2A, 0x00, 0x00, 0x00, 0xF5, 0x35, 0xCD, 0xFF, 0xFF, 0xFF, 0xA0, 0xFF, 0xFF, 0xFF, 0x00,
    0x00, 0x00, 0x2C, 0x00, 0x00, 0x00, 0x35, 0xCD, 0xFF, 0xFF, 0xFF, 0xA0, 0xFF, 0xFF, 0xFF, 0x00,
    0x00, 0x00, 0x2B, 0x00, 0x00, 0x00, 0x16, 0x16, 0x16, 0x04, 0x0B, 0x0F, 0x00, 0x26, 0x00, 0x00,
    0x00, 0xAC, 0xAF, 0x00, 0x2A, 0x00, 0x00, 0x00, 0x35, 0xCD, 0xFF, 0xFF, 0xFF, 0xA0, 0xFF, 0xFF,
    0xFF, 0x00, 0x00, 0x00, 0x2C, 0x00, 0x00, 0x00, 0x16, 0xAF, 0x35, 0xCD, 0xFF, 0xFF, 0xFF, 0xA0,
    0xFF, 0xFF, 0xFF, 0x00, 0x00, 0x00, 0x2B, 0x00, 0x00, 0x00, 0x35, 0xCD, 0xFF, 0xFF, 0xFF, 0xA0,
    0xFF, 0xFF, 0xFF, 0x00, 0x00, 0x00, 0x2C, 0x00, 0x00, 0x00, 0x16, 0x16, 0x0F, 0x00, 0x25, 0x00,
    0x00, 0x00, 0xAE, 0x35, 0xCE, 0xFF, 0xFF, 0xFF, 0xA0, 0xFF, 0xFF, 0xFF, 0x00, 0x00, 0x00, 0x2C,
    0x00, 0x00, 0x00, 0xAB, 0xAF, 0x35, 0xCE, 0xFF, 0xFF, 0xFF, 0xA0, 0xFF, 0xFF, 0xFF, 0x00, 0x00,
    0x00, 0x2B, 0x00, 0x00, 0x00, 0x35, 0xCE, 0xFF, 0xFF, 0xFF, 0xA0, 0xFF, 0xFF, 0xFF, 0x00, 0x00,
    0x00, 0x2C, 0x00, 0x00, 0x00, 0x16, 0x00, 0x26, 0x00, 0x00, 0x00, 0x16, 0x16, 0x07, 0xE5, 0x01,
    0x9A, 0x48, 0x27, 0x00, 0x00, 0x00, 0x25, 0x16, 0x0F, 0x48, 0x29, 0x00, 0x00, 0x00, 0x00, 0x25,
    0x00, 0x00, 0x00, 0x0F, 0x48, 0x28, 0x00, 0x00, 0x00, 0x00, 0x25, 0x00, 0x00, 0x00, 0x06, 0x21,
    0x02, 0x0F, 0x48, 0x29, 0x00, 0x00, 0x00, 0xF4, 0x48, 0x29, 0x00, 0x00, 0x00, 0x00, 0x25, 0x00,
    0x00, 0x00, 0x16, 0x0F, 0x48, 0x28, 0x00, 0x00, 0x00, 0xF5, 0x48, 0x28, 0x00, 0x00, 0x00, 0x00,
    0x25, 0x00, 0x00, 0x00, 0x16, 0xA3, 0x48, 0x27, 0x00, 0x00, 0x00, 0x16, 0x04, 0x0B, 0x53, 0x00,
    0x00, 0x00, 0x02, 0x00, 0x42, 0x00, 0x08, 0x00, 0x00, 0x00, 0x00, 0x00, 0x00, 0x00, 0xFF, 0xFF,
    0xFF, 0xFF, 0xAB, 0x00, 0x00, 0x00, 0x00, 0x00, 0x00, 0x00, 0x00, 0x00, 0x00, 0x00, 0x01, 0x00,
    0x00, 0x00, 0x00, 0x00, 0x00, 0x00, 0x00, 0x00, 0x00, 0x00, 0xAB, 0x00, 0x00, 0x00, 0x00, 0x00,
    0x00, 0x00, 0x00, 0x00, 0x00, 0x00, 0xFF, 0xFF, 0xFF, 0xFF, 0xAB, 0x00, 0x00, 0x00, 0x00, 0x00,
    0x00, 0x00, 0x2E, 0x00, 0x00, 0x00, 0x01, 0x00, 0x00, 0x00, 0x00, 0x00, 0x00, 0x00, 0x00, 0x00,
    0x00, 0x00, 0xAB, 0x00, 0x00, 0x00, 0x00, 0x00, 0x00, 0x00, 0x00, 0x00, 0x00, 0x00, 0xFF, 0xFF,
    0xFF, 0xFF, 0xAB, 0x00, 0x00, 0x00, 0x00, 0x00, 0x00, 0x00, 0x2F, 0x00, 0x00, 0x00, 0x01, 0x00,
    0x00, 0x00, 0x00, 0x00, 0x00, 0x00, 0x00, 0x00, 0x00, 0x00, 0xAB, 0x00, 0x00, 0x00, 0x00, 0x00,
    0x00, 0x00, 0x00, 0x00, 0x00, 0x00, 0xFF, 0xFF, 0xFF, 0xFF, 0xAB, 0x00, 0x00, 0x00, 0x00, 0x00,
    0x00, 0x00, 0x30, 0x00, 0x00, 0x00, 0x01, 0x00, 0x00, 0x00, 0x00, 0x00, 0x00, 0x00, 0x00, 0x00,
    0x00, 0x00, 0xAB, 0x00, 0x00, 0x00, 0x00, 0x00, 0x00, 0x00, 0x00, 0x00, 0x00, 0x00, 0xFF, 0xFF,
    0xFF, 0xFF, 0xAB, 0x00, 0x00, 0x00, 0x00, 0x00, 0x00, 0x00, 0x31, 0x00, 0x00, 0x00, 0x01, 0x00,
    0x00, 0x00, 0x00, 0x00, 0x00, 0x00, 0x00, 0x00, 0x00, 0x00, 0xAB, 0x00, 0x00, 0x00, 0x00, 0x00,
    0x00, 0x00, 0x00, 0x00, 0x00, 0x00, 0xFF, 0xFF, 0xFF, 0xFF, 0xAB, 0x00, 0x00, 0x00, 0x00, 0x00,
    0x00, 0x00, 0x32, 0x00, 0x00, 0x00, 0x01, 0x00, 0x00, 0x00, 0x00, 0x00, 0x00, 0x00, 0x00, 0x00,
    0x00, 0x00, 0xAB, 0x00, 0x00, 0x00, 0x00, 0x00, 0x00, 0x00, 0x00, 0x00, 0x00, 0x00, 0xFF, 0xFF,
    0xFF, 0xFF, 0xAB, 0x00, 0x00, 0x00, 0x00, 0x00, 0x00, 0x00, 0x33, 0x00, 0x00, 0x00, 0x01, 0x00,
    0x00, 0x00, 0x00, 0x00, 0x00, 0x00, 0x00, 0x00, 0x00, 0x00, 0xAB, 0x00, 0x00, 0x00, 0x00, 0x00,
    0x00, 0x00, 0x00, 0x00, 0x00, 0x00, 0xFF, 0xFF, 0xFF, 0xFF, 0xAB, 0x00, 0x00, 0x00, 0x00, 0x00,
    0x00, 0x00, 0x34, 0x00, 0x00, 0x00, 0x01, 0x00, 0x00, 0x00, 0x00, 0x00, 0x00, 0x00, 0x00, 0x00,
    0x00, 0x00, 0xAB, 0x00, 0x00, 0x00, 0x00, 0x00, 0x00, 0x00, 0x00, 0x00, 0x00, 0x00, 0xA2, 0xFF,
    0xFF, 0xFF, 0xFF, 0xFF, 0xFF, 0xFF, 0xAB, 0x00, 0x00, 0x00, 0x00, 0x00, 0x00, 0x00, 0x35, 0x00,
    0x00, 0x00, 0x01, 0x00, 0x00, 0x00, 0x80, 0x00, 0x00, 0x00, 0x00, 0x00, 0x00, 0x00, 0xAB, 0x00,
    0x00, 0x00, 0x00, 0x00, 0x00, 0x00, 0x00, 0x00, 0x00, 0x00, 0xFF, 0xFF, 0xFF, 0xFF, 0xAB, 0x00,
    0x00, 0x00, 0x00, 0x00, 0x00, 0x00, 0x36, 0x00, 0x00, 0x00, 0x01, 0x00, 0x00, 0x00, 0x80, 0x00,
    0x00, 0x00, 0x00, 0x00, 0x00, 0x00, 0xAB, 0x00, 0x00, 0x00, 0x00, 0x00, 0x00, 0x00, 0x00, 0x00,
    0x00, 0x00, 0xA0, 0xFF, 0xFF, 0xFF, 0xFF, 0xFF, 0xFF, 0xFF, 0xAB, 0x00, 0x00, 0x00, 0x00, 0x00,
    0x00, 0x00, 0x37, 0x00, 0x00, 0x00, 0x01, 0x00, 0x00, 0x00, 0x80, 0x00, 0x00, 0x00, 0x00, 0x00,
    0x00, 0x00, 0xAB, 0x00, 0x00, 0x00, 0x00, 0x00, 0x00, 0x00, 0x00, 0x00, 0x00, 0x00, 0xA0, 0xFF,
    0xFF, 0xFF, 0xFF, 0xFF, 0xFF, 0xFF, 0xAB, 0x00, 0x00, 0x00, 0x00, 0x00, 0x00, 0x00, 0x38, 0x00,
    0x00, 0x00, 0x01, 0x00, 0x00, 0x00, 0x80, 0x00, 0x00, 0x00, 0x00, 0x00, 0x00, 0x00, 0xAB, 0x00,
    0x00, 0x00, 0x00, 0x00, 0x00, 0x00, 0x00, 0x00, 0x00, 0x00, 0xA0, 0xFF, 0xFF, 0xFF, 0xFF, 0xFF,
    0xFF, 0xFF, 0xAB, 0x00, 0x00, 0x00, 0x00, 0x00, 0x00, 0x00, 0x39, 0x00, 0x00, 0x00, 0x01, 0x00,
    0x00, 0x00, 0x80, 0x00, 0x00, 0x00, 0x00, 0x00, 0x00, 0x00, 0xAB, 0x00, 0x00, 0x00, 0x00, 0x00,
    0x00, 0x00, 0x00, 0x00, 0x00, 0x00, 0xA0, 0xFF, 0xFF, 0xFF, 0xFF, 0xFF, 0xFF, 0xFF, 0xAB, 0x00,
    0x00, 0x00, 0x00, 0x00, 0x00, 0x00, 0x2D, 0x00, 0x00, 0x00, 0x00, 0x00, 0x00, 0x00, 0x00, 0x00,
    0x00, 0x00, 0x3A, 0x00, 0x00, 0x00, 0x00, 0x00, 0x00, 0x00, 0x30, 0x00, 0x00, 0x00, 0xE7, 0x04,
    0x00, 0x00, 0xE1, 0x03, 0x00, 0x00, 0x75, 0x02, 0x00, 0x00, 0x07, 0x6D, 0x00, 0x2D, 0x00, 0x36,
    0x00, 0x00, 0x00, 0x0F, 0x35, 0xF7, 0xFF, 0xFF, 0xFF, 0xA2, 0xFF, 0xFF, 0xFF, 0x00, 0x01, 0x00,
    0x35, 0x00, 0x00, 0x00, 0x24, 0xFF, 0x0F, 0x35, 0xF8, 0xFF, 0xFF, 0xFF, 0xA2, 0xFF, 0xFF, 0xFF,
    0x00, 0x01, 0x00, 0x35, 0x00, 0x00, 0x00, 0x24, 0xFF, 0x0F, 0x35, 0xF9, 0xFF, 0xFF, 0xFF, 0xA2,
    0xFF, 0xFF, 0xFF, 0x00, 0x01, 0x00, 0x35, 0x00, 0x00, 0x00, 0x24, 0xFF, 0x06, 0xCA, 0x00, 0x0F,
    0x35, 0xF7, 0xFF, 0xFF, 0xFF, 0xA2, 0xFF, 0xFF, 0xFF, 0x00, 0x01, 0x00, 0x35, 0x00, 0x00, 0x00,
    0x24, 0x00, 0x0F, 0x35, 0xF8, 0xFF, 0xFF, 0xFF, 0xA2, 0xFF, 0xFF, 0xFF, 0x00, 0x01, 0x00, 0x35,
    0x00, 0x00, 0x00, 0x24, 0x00, 0x0F, 0x35, 0xF9, 0xFF, 0xFF, 0xFF, 0xA2, 0xFF, 0xFF, 0xFF, 0x00,
    0x01, 0x00, 0x35, 0x00, 0x00, 0x00, 0x24, 0x00, 0x0F, 0x35, 0xFA, 0xFF, 0xFF, 0xFF, 0xA2, 0xFF,
    0xFF, 0xFF, 0x00, 0x01, 0x00, 0x35, 0x00, 0x00, 0x00, 0x24, 0xFF, 0x0F, 0x00, 0x34, 0x00, 0x00,
    0x00, 0xF4, 0xF4, 0x35, 0xCD, 0xFF, 0xFF, 0xFF, 0xA0, 0xFF, 0xFF, 0xFF, 0x00, 0x00, 0x00, 0x3A,
    0x00, 0x00, 0x00, 0x35, 0xCD, 0xFF, 0xFF, 0xFF, 0xA0, 0xFF, 0xFF, 0xFF, 0x00, 0x00, 0x00, 0x39,
    0x00, 0x00, 0x00, 0x16, 0xF4, 0x35, 0xCD, 0xFF, 0xFF, 0xFF, 0xA0, 0xFF, 0xFF, 0xFF, 0x00, 0x00,
    0x00, 0x38, 0x00, 0x00, 0x00, 0x35, 0xCD, 0xFF, 0xFF, 0xFF, 0xA0, 0xFF, 0xFF, 0xFF, 0x00, 0x00,
    0x00, 0x37, 0x00, 0x00, 0x00, 0x16, 0x16, 0x0F, 0x00, 0x33, 0x00, 0x00, 0x00, 0xF5, 0xF5, 0x35,
    0xCD, 0xFF, 0xFF, 0xFF, 0xA0, 0xFF, 0xFF, 0xFF, 0x00, 0x00, 0x00, 0x3A, 0x00, 0x00, 0x00, 0x35,
    0xCD, 0xFF, 0xFF, 0xFF, 0xA0, 0xFF, 0xFF, 0xFF, 0x00, 0x00, 0x00, 0x39, 0x00, 0x00, 0x00, 0x16,
    0xF5, 0x35, 0xCD, 0xFF, 0xFF, 0xFF, 0xA0, 0xFF, 0xFF, 0xFF, 0x00, 0x00, 0x00, 0x38, 0x00, 0x00,
    0x00, 0x35, 0xCD, 0xFF, 0xFF, 0xFF, 0xA0, 0xFF, 0xFF, 0xFF, 0x00, 0x00, 0x00, 0x37, 0x00, 0x00,
    0x00, 0x16, 0x16, 0x0F, 0x00, 0x2F, 0x00, 0x00, 0x00, 0x92, 0x38, 0x44, 0x00, 0x34, 0x00, 0x00,
    0x00, 0x2C, 0x02, 0x16, 0x07, 0xDE, 0x03, 0x98, 0x00, 0x2F, 0x00, 0x00, 0x00, 0x93, 0x38, 0x44,
    0x00, 0x33, 0x00, 0x00, 0x00, 0x2C, 0x02, 0x16, 0x16, 0x0F, 0x00, 0x32, 0x00, 0x00, 0x00, 0xAE,
    0x38, 0x3F, 0x00, 0x2F, 0x00, 0x00, 0x00, 0x1E, 0x00, 0x00, 0x00, 0x3F, 0x16, 0x0F, 0x00, 0x2E,
    0x00, 0x00, 0x00, 0x25, 0x1B, 0x08, 0x00, 0x00, 0x00, 0x00, 0x00, 0x00, 0x00, 0x00, 0x3A, 0x00,
    0x00, 0x00, 0x00, 0x39, 0x00, 0x00, 0x00, 0x00, 0x32, 0x00, 0x00, 0x00, 0x00, 0x31, 0x00, 0x00,
    0x00, 0x00, 0x30, 0x00, 0x00, 0x00, 0x00, 0x2E, 0x00, 0x00, 0x00, 0x16, 0x1B, 0x08, 0x00, 0x00,
    0x00, 0x00, 0x00, 0x00, 0x00, 0x00, 0x39, 0x00, 0x00, 0x00, 0x00, 0x38, 0x00, 0x00, 0x00, 0x00,
    0x32, 0x00, 0x00, 0x00, 0x00, 0x31, 0x00, 0x00, 0x00, 0x00, 0x30, 0x00, 0x00, 0x00, 0x00, 0x2E,
    0x00, 0x00, 0x00, 0x16, 0x1B, 0x08, 0x00, 0x00, 0x00, 0x00, 0x00, 0x00, 0x00, 0x00, 0x38, 0x00,
    0x00, 0x00, 0x00, 0x37, 0x00, 0x00, 0x00, 0x00, 0x32, 0x00, 0x00, 0x00, 0x00, 0x31, 0x00, 0x00,
    0x00, 0x00, 0x30, 0x00, 0x00, 0x00, 0x00, 0x2E, 0x00, 0x00, 0x00, 0x16, 0x1B, 0x08, 0x00, 0x00,
    0x00, 0x00, 0x00, 0x00, 0x00, 0x00, 0x37, 0x00, 0x00, 0x00, 0x00, 0x3A, 0x00, 0x00, 0x00, 0x00,
    0x32, 0x00, 0x00, 0x00, 0x00, 0x31, 0x00, 0x00, 0x00, 0x00, 0x30, 0x00, 0x00, 0x00, 0x00, 0x2E,
    0x00, 0x00, 0x00, 0x16, 0x07, 0xD0, 0x03, 0x82, 0x99, 0x00, 0x2E, 0x00, 0x00, 0x00, 0x2C, 0x02,
    0x16, 0x18, 0x1C, 0x00, 0xB1, 0xAF, 0x00, 0x30, 0x00, 0x00, 0x00, 0x00, 0x31, 0x00, 0x00, 0x00,
    0x16, 0x1E, 0x00, 0x00, 0x80, 0x40, 0x16, 0x16, 0x19, 0x01, 0xAF, 0xFF, 0xFF, 0xFF, 0x45, 0x00,
    0x00, 0x00, 0x00, 0x00, 0x00, 0x1C, 0xC3, 0xFF, 0xFF, 0xFF, 0xAE, 0x00, 0x31, 0x00, 0x00, 0x00,
    0x1E, 0x00, 0x00, 0x00, 0x40, 0x16, 0x00, 0x32, 0x00, 0x00, 0x00, 0xAF, 0x00, 0x30, 0x00, 0x00,
    0x00, 0x1E, 0x00, 0x00, 0x00, 0x40, 0x16, 0x00, 0x32, 0x00, 0x00, 0x00, 0x00, 0x35, 0x00, 0x00,
    0x00, 0x16, 0xA3, 0x00, 0x2F, 0x00, 0x00, 0x00, 0x16, 0x06, 0x02, 0x02, 0x04, 0x0B, 0x53, 0x00,
    0x00, 0x00, 0x02, 0x00, 0x82, 0x00, 0x5C, 0x00, 0x00, 0x00, 0x00, 0x00, 0x00, 0x00, 0xFF, 0xFF,
    0xFF, 0xFF, 0xAB, 0x00, 0x00, 0x00, 0x00, 0x00, 0x00, 0x00, 0x3B, 0x00, 0x00, 0x00, 0x00, 0x00,
    0x00, 0x00, 0x00, 0x00, 0x00, 0x00, 0x00, 0x00, 0x00, 0x00, 0x00, 0x00, 0x00, 0x00, 0x50, 0x00,
    0x00, 0x00, 0xFE, 0x08, 0x00, 0x00, 0x3F, 0x00, 0x00, 0x00, 0x2B, 0x00, 0x00, 0x00, 0x19, 0x01,
    0xAF, 0xFF, 0xFF, 0xFF, 0x27, 0x00, 0x00, 0x00, 0x00, 0x00, 0x00, 0x1C, 0xBE, 0xFF, 0xFF, 0xFF,
    0x1F, 0x38, 0x38, 0x38, 0x38, 0x78, 0x38, 0x38, 0x38, 0x38, 0x00, 0x01, 0x22, 0x00, 0x00, 0x00,
    0x01, 0x21, 0x00, 0x00, 0x00, 0x16, 0x04, 0x0B, 0x53, 0x00, 0x00, 0x00, 0x02, 0x00, 0x02, 0x00,
    0xF6, 0x00, 0x00, 0x00, 0x00, 0x00, 0x00, 0x00, 0xFF, 0xFF, 0xFF, 0xFF, 0xAB, 0x00, 0x00, 0x00,
    0x00, 0x00, 0x00, 0x00, 0x00, 0x00, 0x00, 0x00, 0x01, 0x00, 0x00, 0x00, 0x00, 0x00, 0x00, 0x00,
    0x00, 0x00, 0x00, 0x00, 0xAB, 0x00, 0x00, 0x00, 0x00, 0x00, 0x00, 0x00, 0x00, 0x00, 0x00, 0x00,
    0xFF, 0xFF, 0xFF, 0xFF, 0xAB, 0x00, 0x00, 0x00, 0x00, 0x00, 0x00, 0x00, 0x3D, 0x00, 0x00, 0x00,
    0x01, 0x00, 0x00, 0x00, 0x00, 0x00, 0x00, 0x00, 0x00, 0x00, 0x00, 0x00, 0xAB, 0x00, 0x00, 0x00,
    0x00, 0x00, 0x00, 0x00, 0x00, 0x00, 0x00, 0x00, 0xFF, 0xFF, 0xFF, 0xFF, 0xAB, 0x00, 0x00, 0x00,
    0x00, 0x00, 0x00, 0x00, 0x3E, 0x00, 0x00, 0x00, 0x01, 0x00, 0x00, 0x00, 0x00, 0x00, 0x00, 0x00,
    0x00, 0x00, 0x00, 0x00, 0xAB, 0x00, 0x00, 0x00, 0x00, 0x00, 0x00, 0x00, 0x00, 0x00, 0x00, 0x00,
    0xFF, 0xFF, 0xFF, 0xFF, 0xAB, 0x00, 0x00, 0x00, 0x00, 0x00, 0x00, 0x00, 0x3F, 0x00, 0x00, 0x00,
    0x01, 0x00, 0x00, 0x00, 0x00, 0x00, 0x00, 0x00, 0x00, 0x00, 0x00, 0x00, 0xAB, 0x00, 0x00, 0x00,
    0x00, 0x00, 0x00, 0x00, 0x00, 0x00, 0x00, 0x00, 0xFF, 0xFF, 0xFF, 0xFF, 0xAB, 0x00, 0x00, 0x00,
    0x00, 0x00, 0x00, 0x00, 0x40, 0x00, 0x00, 0x00, 0x01, 0x00, 0x00, 0x00, 0x00, 0x00, 0x00, 0x00,
    0x00, 0x00, 0x00, 0x00, 0xAB, 0x00, 0x00, 0x00, 0x00, 0x00, 0x00, 0x00, 0x00, 0x00, 0x00, 0x00,
    0xFF, 0xFF, 0xFF, 0xFF, 0xAB, 0x00, 0x00, 0x00, 0x00, 0x00, 0x00, 0x00, 0x41, 0x00, 0x00, 0x00,
    0x01, 0x00, 0x00, 0x00, 0x00, 0x00, 0x00, 0x00, 0x00, 0x00, 0x00, 0x00, 0xAB, 0x00, 0x00, 0x00,
    0x00, 0x00, 0x00, 0x00, 0x00, 0x00, 0x00, 0x00, 0xFF, 0xFF, 0xFF, 0xFF, 0xAB, 0x00, 0x00, 0x00,
    0x00, 0x00, 0x00, 0x00, 0x42, 0x00, 0x00, 0x00, 0x01, 0x00, 0x00, 0x00, 0x00, 0x00, 0x00, 0x00,
    0x00, 0x00, 0x00, 0x00, 0xAB, 0x00, 0x00, 0x00, 0x00, 0x00, 0x00, 0x00, 0x00, 0x00, 0x00, 0x00,
    0xFF, 0xFF, 0xFF, 0xFF, 0xAB, 0x00, 0x00, 0x00, 0x00, 0x00, 0x00, 0x00, 0x43, 0x00, 0x00, 0x00,
    0x01, 0x00, 0x00, 0x00, 0x00, 0x00, 0x00, 0x00, 0x00, 0x00, 0x00, 0x00, 0xAB, 0x00, 0x00, 0x00,
    0x00, 0x00, 0x00, 0x00, 0x00, 0x00, 0x00, 0x00, 0xFF, 0xFF, 0xFF, 0xFF, 0xAB, 0x00, 0x00, 0x00,
    0x00, 0x00, 0x00, 0x00, 0x44, 0x00, 0x00, 0x00, 0x01, 0x00, 0x00, 0x00, 0x00, 0x00, 0x00, 0x00,
    0x00, 0x00, 0x00, 0x00, 0xAB, 0x00, 0x00, 0x00, 0x00, 0x00, 0x00, 0x00, 0x00, 0x00, 0x00, 0x00,
    0xFF, 0xFF, 0xFF, 0xFF, 0xAB, 0x00, 0x00, 0x00, 0x00, 0x00, 0x00, 0x00, 0x45, 0x00, 0x00, 0x00,
    0x01, 0x00, 0x00, 0x00, 0x00, 0x00, 0x00, 0x00, 0x00, 0x00, 0x00, 0x00, 0xAB, 0x00, 0x00, 0x00,
    0x00, 0x00, 0x00, 0x00, 0x00, 0x00, 0x00, 0x00, 0xFF, 0xFF, 0xFF, 0xFF, 0xAB, 0x00, 0x00, 0x00,
    0x00, 0x00, 0x00, 0x00, 0x46, 0x00, 0x00, 0x00, 0x01, 0x00, 0x00, 0x00, 0x00, 0x00, 0x00, 0x00,
    0x00, 0x00, 0x00, 0x00, 0xAB, 0x00, 0x00, 0x00, 0x00, 0x00, 0x00, 0x00, 0x00, 0x00, 0x00, 0x00,
    0xFF, 0xFF, 0xFF, 0xFF, 0xAB, 0x00, 0x00, 0x00, 0x00, 0x00, 0x00, 0x00, 0x47, 0x00, 0x00, 0x00,
    0x01, 0x00, 0x00, 0x00, 0x00, 0x00, 0x00, 0x00, 0x00, 0x00, 0x00, 0x00, 0xAB, 0x00, 0x00, 0x00,
    0x00, 0x00, 0x00, 0x00, 0x00, 0x00, 0x00, 0x00, 0xFF, 0xFF, 0xFF, 0xFF, 0xAB, 0x00, 0x00, 0x00,
    0x00, 0x00, 0x00, 0x00, 0x48, 0x00, 0x00, 0x00, 0x01, 0x00, 0x00, 0x00, 0x00, 0x00, 0x00, 0x00,
    0x00, 0x00, 0x00, 0x00, 0xAB, 0x00, 0x00, 0x00, 0x00, 0x00, 0x00, 0x00, 0x00, 0x00, 0x00, 0x00,
    0xFF, 0xFF, 0xFF, 0xFF, 0xAB, 0x00, 0x00, 0x00, 0x00, 0x00, 0x00, 0x00, 0x49, 0x00, 0x00, 0x00,
    0x01, 0x00, 0x00, 0x00, 0x00, 0x00, 0x00, 0x00, 0x00, 0x00, 0x00, 0x00, 0xAB, 0x00, 0x00, 0x00,
    0x00, 0x00, 0x00, 0x00, 0x00, 0x00, 0x00, 0x00, 0xFF, 0xFF, 0xFF, 0xFF, 0xAB, 0x00, 0x00, 0x00,
    0x00, 0x00, 0x00, 0x00, 0x4A, 0x00, 0x00, 0x00, 0x01, 0x00, 0x00, 0x00, 0x00, 0x00, 0x00, 0x00,
    0x00, 0x00, 0x00, 0x00, 0xAB, 0x00, 0x00, 0x00, 0x00, 0x00, 0x00, 0x00, 0x00, 0x00, 0x00, 0x00,
    0xFF, 0xFF, 0xFF, 0xFF, 0xAB, 0x00, 0x00, 0x00, 0x00, 0x00, 0x00, 0x00, 0x4B, 0x00, 0x00, 0x00,
    0x01, 0x00, 0x00, 0x00, 0x00, 0x00, 0x00, 0x00, 0x00, 0x00, 0x00, 0x00, 0xAB, 0x00, 0x00, 0x00,
    0x00, 0x00, 0x00, 0x00, 0x00, 0x00, 0x00, 0x00, 0xA0, 0xFF, 0xFF, 0xFF, 0xFF, 0xFF, 0xFF, 0xFF,
    0xAB, 0x00, 0x00, 0x00, 0x00, 0x00, 0x00, 0x00, 0x4C, 0x00, 0x00, 0x00, 0x01, 0x00, 0x00, 0x00,
    0x00, 0x00, 0x00, 0x00, 0x00, 0x00, 0x00, 0x00, 0xAB, 0x00, 0x00, 0x00, 0x00, 0x00, 0x00, 0x00,
    0x00, 0x00, 0x00, 0x00, 0xA0, 0xFF, 0xFF, 0xFF, 0xFF, 0xFF, 0xFF, 0xFF, 0xAB, 0x00, 0x00, 0x00,
    0x00, 0x00, 0x00, 0x00, 0x4D, 0x00, 0x00, 0x00, 0x01, 0x00, 0x00, 0x00, 0x00, 0x00, 0x00, 0x00,
    0x00, 0x00, 0x00, 0x00, 0xAB, 0x00, 0x00, 0x00, 0x00, 0x00, 0x00, 0x00, 0x00, 0x00, 0x00, 0x00,
    0xA0, 0xFF, 0xFF, 0xFF, 0xFF, 0xFF, 0xFF, 0xFF, 0xAB, 0x00, 0x00, 0x00, 0x00, 0x00, 0x00, 0x00,
    0x4E, 0x00, 0x00, 0x00, 0x01, 0x00, 0x00, 0x00, 0x00, 0x00, 0x00, 0x00, 0x00, 0x00, 0x00, 0x00,
    0xAB, 0x00, 0x00, 0x00, 0x00, 0x00, 0x00, 0x00, 0x00, 0x00, 0x00, 0x00, 0xA0, 0xFF, 0xFF, 0xFF,
    0xFF, 0xFF, 0xFF, 0xFF, 0xAB, 0x00, 0x00, 0x00, 0x00, 0x00, 0x00, 0x00, 0x4F, 0x00, 0x00, 0x00,
    0x01, 0x00, 0x00, 0x00, 0x00, 0x00, 0x00, 0x00, 0x00, 0x00, 0x00, 0x00, 0xAB, 0x00, 0x00, 0x00,
    0x00, 0x00, 0x00, 0x00, 0x00, 0x00, 0x00, 0x00, 0xA0, 0xFF, 0xFF, 0xFF, 0xFF, 0xFF, 0xFF, 0xFF,
    0xAB, 0x00, 0x00, 0x00, 0x00, 0x00, 0x00, 0x00, 0x50, 0x00, 0x00, 0x00, 0x01, 0x00, 0x00, 0x00,
    0x00, 0x00, 0x00, 0x00, 0x00, 0x00, 0x00, 0x00, 0xAB, 0x00, 0x00, 0x00, 0x00, 0x00, 0x00, 0x00,
    0x00, 0x00, 0x00, 0x00, 0xA0, 0xFF, 0xFF, 0xFF, 0xFF, 0xFF, 0xFF, 0xFF, 0xAB, 0x00, 0x00, 0x00,
    0x00, 0x00, 0x00, 0x00, 0x51, 0x00, 0x00, 0x00, 0x01, 0x00, 0x00, 0x00, 0x00, 0x00, 0x00, 0x00,
    0x00, 0x00, 0x00, 0x00, 0xAB, 0x00, 0x00, 0x00, 0x00, 0x00, 0x00, 0x00, 0x00, 0x00, 0x00, 0x00,
    0xA0, 0xFF, 0xFF, 0xFF, 0xFF, 0xFF, 0xFF, 0xFF, 0xAB, 0x00, 0x00, 0x00, 0x00, 0x00, 0x00, 0x00,
    0x52, 0x00, 0x00, 0x00, 0x01, 0x00, 0x00, 0x00, 0x00, 0x00, 0x00, 0x00, 0x00, 0x00, 0x00, 0x00,
    0xAB, 0x00, 0x00, 0x00, 0x00, 0x00, 0x00, 0x00, 0x00, 0x00, 0x00, 0x00, 0xA0, 0xFF, 0xFF, 0xFF,
    0xFF, 0xFF, 0xFF, 0xFF, 0xAB, 0x00, 0x00, 0x00, 0x00, 0x00, 0x00, 0x00, 0x53, 0x00, 0x00, 0x00,
    0x01, 0x00, 0x00, 0x00, 0x00, 0x00, 0x00, 0x00, 0x00, 0x00, 0x00, 0x00, 0xAB, 0x00, 0x00, 0x00,
    0x00, 0x00, 0x00, 0x00, 0x00, 0x00, 0x00, 0x00, 0xA0, 0xFF, 0xFF, 0xFF, 0xFF, 0xFF, 0xFF, 0xFF,
    0xAB, 0x00, 0x00, 0x00, 0x00, 0x00, 0x00, 0x00, 0x54, 0x00, 0x00, 0x00, 0x01, 0x00, 0x00, 0x00,
    0x00, 0x00, 0x00, 0x00, 0x00, 0x00, 0x00, 0x00, 0xAB, 0x00, 0x00, 0x00, 0x00, 0x00, 0x00, 0x00,
    0x00, 0x00, 0x00, 0x00, 0xA0, 0xFF, 0xFF, 0xFF, 0xFF, 0xFF, 0xFF, 0xFF, 0xAB, 0x00, 0x00, 0x00,
    0x00, 0x00, 0x00, 0x00, 0x55, 0x00, 0x00, 0x00, 0x01, 0x00, 0x00, 0x00, 0x00, 0x00, 0x00, 0x00,
    0x00, 0x00, 0x00, 0x00, 0xAB, 0x00, 0x00, 0x00, 0x00, 0x00, 0x00, 0x00, 0x00, 0x00, 0x00, 0x00,
    0xA0, 0xFF, 0xFF, 0xFF, 0xFF, 0xFF, 0xFF, 0xFF, 0xAB, 0x00, 0x00, 0x00, 0x00, 0x00, 0x00, 0x00,
    0x56, 0x00, 0x00, 0x00, 0x01, 0x00, 0x00, 0x00, 0x00, 0x00, 0x00, 0x00, 0x00, 0x00, 0x00, 0x00,
    0xAB, 0x00, 0x00, 0x00, 0x00, 0x00, 0x00, 0x00, 0x00, 0x00, 0x00, 0x00, 0xA1, 0xFF, 0xFF, 0xFF,
    0xFF, 0xFF, 0xFF, 0xFF, 0xAB, 0x00, 0x00, 0x00, 0x00, 0x00, 0x00, 0x00, 0x57, 0x00, 0x00, 0x00,
    0x01, 0x00, 0x00, 0x00, 0x00, 0x00, 0x00, 0x00, 0x00, 0x00, 0x00, 0x00, 0xAB, 0x00, 0x00, 0x00,
    0x00, 0x00, 0x00, 0x00, 0x00, 0x00, 0x00, 0x00, 0xA0, 0xFF, 0xFF, 0xFF, 0xFF, 0xFF, 0xFF, 0xFF,
    0xAB, 0x00, 0x00, 0x00, 0x00, 0x00, 0x00, 0x00, 0x58, 0x00, 0x00, 0x00, 0x01, 0x00, 0x00, 0x00,
    0x00, 0x00, 0x00, 0x00, 0x00, 0x00, 0x00, 0x00, 0xAB, 0x00, 0x00, 0x00, 0x00, 0x00, 0x00, 0x00,
    0x00, 0x00, 0x00, 0x00, 0x1F, 0x00, 0x00, 0x00, 0xFF, 0xFF, 0xFF, 0xFF, 0xAB, 0x00, 0x00, 0x00,
    0x00, 0x00, 0x00, 0x00, 0x59, 0x00, 0x00, 0x00, 0x01, 0x00, 0x00, 0x00, 0x00, 0x00, 0x00, 0x00,
    0x00, 0x00, 0x00, 0x00, 0xAB, 0x00, 0x00, 0x00, 0x00, 0x00, 0x00, 0x00, 0x00, 0x00, 0x00, 0x00,
    0xB4, 0x00, 0x00, 0x00, 0xFF, 0xFF, 0xFF, 0xFF, 0xAB, 0x00, 0x00, 0x00, 0x00, 0x00, 0x00, 0x00,
    0x3C, 0x00, 0x00, 0x00, 0x00, 0x00, 0x00, 0x00, 0x00, 0x00, 0x00, 0x00, 0x5A, 0x00, 0x00, 0x00,
    0x00, 0x00, 0x00, 0x00, 0x74, 0x00, 0x00, 0x00, 0xC3, 0x0C, 0x00, 0x00, 0x45, 0x0E, 0x00, 0x00,
    0x5D, 0x09, 0x00, 0x00, 0x07, 0x22, 0x00, 0x84, 0x72, 0x01, 0xAE, 0xFF, 0xFF, 0xFF, 0x2A, 0x16,
    0x18, 0x0D, 0x00, 0x72, 0x01, 0xAF, 0xFF, 0xFF, 0xFF, 0x2A, 0x16, 0x16, 0x04, 0x0B, 0x2F, 0x61,
    0x39, 0x20, 0xB4, 0x00, 0x00, 0x00, 0x00, 0x5A, 0x00, 0x00, 0x00, 0x4A, 0x16, 0x3F, 0x00, 0x06,
    0x3F, 0x00, 0x31, 0x30, 0x07, 0x51, 0x00, 0x72, 0x00, 0x5A, 0x00, 0x00, 0x00, 0x2A, 0x16, 0x04,
    0x0B, 0x19, 0x01, 0xAE, 0xFF, 0xFF, 0xFF, 0x1C, 0x00, 0x00, 0x00, 0x00, 0x00, 0x00, 0x1B, 0x73,
    0x00, 0x00, 0x00, 0x00, 0x00, 0x00, 0x00, 0x00, 0x58, 0x00, 0x00, 0x00, 0x00, 0x57, 0x00, 0x00,
    0x00, 0x16, 0x0F, 0x19, 0x01, 0xAF, 0xFF, 0xFF, 0xFF, 0x09, 0x00, 0xB0, 0xFF, 0xFF, 0xFF, 0x00,
    0x01, 0xB0, 0xFF, 0xFF, 0xFF, 0x1B, 0x71, 0x00, 0x00, 0x00, 0x00, 0x00, 0x00, 0x00, 0x25, 0x16,
    0x1B, 0xF6, 0x00, 0x00, 0x00, 0x00, 0x00, 0x00, 0x00, 0x16, 0x0F, 0x00, 0x3E, 0x00, 0x00, 0x00,
    0x25, 0x07, 0xE2, 0x0D, 0x96, 0x00, 0x3E, 0x00, 0x00, 0x00, 0x36, 0x19, 0x00, 0x5A, 0x00, 0x00,
    0x00, 0x09, 0x00, 0x6B, 0x00, 0x00, 0x00, 0x00, 0x01, 0x6B, 0x00, 0x00, 0x00, 0x16, 0x0F, 0x00,
    0x59, 0x00, 0x00, 0x00, 0x10, 0x00, 0x3E, 0x00, 0x00, 0x00, 0x19, 0x00, 0x5A, 0x00, 0x00, 0x00,
    0x09, 0x00, 0x6B, 0x00, 0x00, 0x00, 0x00, 0x01, 0x6B, 0x00, 0x00, 0x00, 0x07, 0xF9, 0x01, 0x84,
    0x84, 0x84, 0x84, 0x72, 0x00, 0x59, 0x00, 0x00, 0x00, 0x2A, 0x16, 0x18, 0x22, 0x00, 0x72, 0x19,
    0x00, 0x59, 0x00, 0x00, 0x00, 0x09, 0x00, 0xD0, 0xFF, 0xFF, 0xFF, 0x00, 0x01, 0xD0, 0xFF, 0xFF,
    0xFF, 0x2A, 0x16, 0x16, 0x18, 0x20, 0x00, 0x19, 0x00, 0x59, 0x00, 0x00, 0x00, 0x0A, 0x00, 0xFE,
    0xFF, 0xFF, 0xFF, 0x00, 0x2D, 0x01, 0xFE, 0xFF, 0xFF, 0xFF, 0x16, 0x18, 0x35, 0x00, 0xB1, 0xE1,
    0xD8, 0x19, 0x00, 0x59, 0x00, 0x00, 0x00, 0x09, 0x00, 0x98, 0xFF, 0xFF, 0xFF, 0x00, 0x01, 0x98,
    0xFF, 0xFF, 0xFF, 0x00, 0x58, 0x00, 0x00, 0x00, 0x16, 0x16, 0x38, 0x3F, 0x1D, 0x40, 0x06, 0x00,
    0x00, 0x16, 0x16, 0x18, 0x40, 0x00, 0xB0, 0xDB, 0xE2, 0xD8, 0x19, 0x00, 0x59, 0x00, 0x00, 0x00,
    0x09, 0x00, 0x98, 0xFF, 0xFF, 0xFF, 0x00, 0x01, 0x98, 0xFF, 0xFF, 0xFF, 0x00, 0x58, 0x00, 0x00,
    0x00, 0x16, 0x16, 0x38, 0x39, 0x00, 0x57, 0x00, 0x00, 0x00, 0x16, 0x1E, 0x66, 0x66, 0xE6, 0x3E,
    0x16, 0x16, 0x06, 0xD4, 0x0D, 0xE5, 0x19, 0x00, 0x59, 0x00, 0x00, 0x00, 0x09, 0x00, 0x97, 0xFF,
    0xFF, 0xFF, 0x00, 0x01, 0x97, 0xFF, 0xFF, 0xFF, 0x00, 0x56, 0x00, 0x00, 0x00, 0x00, 0x55, 0x00,
    0x00, 0x00, 0x00, 0x54, 0x00, 0x00, 0x00, 0x16, 0x0F, 0x00, 0x53, 0x00, 0x00, 0x00, 0x35, 0x9A,
    0xFF, 0xFF, 0xFF, 0xA3, 0xFF, 0xFF, 0xFF, 0x00, 0x00, 0x19, 0x19, 0x00, 0x59, 0x00, 0x00, 0x00,
    0x09, 0x00, 0xD0, 0xFF, 0xFF, 0xFF, 0x00, 0x01, 0xD0, 0xFF, 0xFF, 0xFF, 0x09, 0x00, 0x95, 0xFF,
    0xFF, 0xFF, 0x00, 0x01, 0x95, 0xFF, 0xFF, 0xFF, 0x0F, 0x00, 0x52, 0x00, 0x00, 0x00, 0x19, 0x01,
    0xAF, 0xFF, 0xFF, 0xFF, 0x13, 0x00, 0x96, 0xFF, 0xFF, 0xFF, 0x00, 0x1C, 0xC1, 0xFF, 0xFF, 0xFF,
    0x00, 0x53, 0x00, 0x00, 0x00, 0x16, 0x0F, 0x00, 0x51, 0x00, 0x00, 0x00, 0x19, 0x01, 0xAF, 0xFF,
    0xFF, 0xFF, 0x9D, 0x00, 0x96, 0xFF, 0xFF, 0xFF, 0x00, 0x1C, 0xC1, 0xFF, 0xFF, 0xFF, 0xD7, 0xD8,
    0x00, 0x53, 0x00, 0x00, 0x00, 0xD4, 0xD4, 0x00, 0x56, 0x00, 0x00, 0x00, 0x1E, 0x00, 0x00, 0x80,
    0x42, 0x16, 0x35, 0xCE, 0xFF, 0xFF, 0xFF, 0xA0, 0xFF, 0xFF, 0xFF, 0x00, 0x00, 0x19, 0x00, 0x59,
    0x00, 0x00, 0x00, 0x09, 0x00, 0x99, 0xFF, 0xFF, 0xFF, 0x00, 0x01, 0x99, 0xFF, 0xFF, 0xFF, 0x16,
    0x16, 0xD4, 0xD4, 0x00, 0x54, 0x00, 0x00, 0x00, 0x1E, 0x00, 0x00, 0x80, 0x42, 0x16, 0x35, 0xCC,
    0xFF, 0xFF, 0xFF, 0xA0, 0xFF, 0xFF, 0xFF, 0x00, 0x00, 0x19, 0x00, 0x59, 0x00, 0x00, 0x00, 0x09,
    0x00, 0x99, 0xFF, 0xFF, 0xFF, 0x00, 0x01, 0x99, 0xFF, 0xFF, 0xFF, 0x16, 0x16, 0x16, 0x0F, 0x00,
    0x50, 0x00, 0x00, 0x00, 0x19, 0x01, 0xAF, 0xFF, 0xFF, 0xFF, 0x9D, 0x00, 0x96, 0xFF, 0xFF, 0xFF,
    0x00, 0x1C, 0xC1, 0xFF, 0xFF, 0xFF, 0xD7, 0xD7, 0x00, 0x53, 0x00, 0x00, 0x00, 0xD4, 0xD4, 0x00,
    0x56, 0x00, 0x00, 0x00, 0x1E, 0x00, 0x00, 0x80, 0x42, 0x16, 0x35, 0xCE, 0xFF, 0xFF, 0xFF, 0xA0,
    0xFF, 0xFF, 0xFF, 0x00, 0x00, 0x19, 0x00, 0x59, 0x00, 0x00, 0x00, 0x09, 0x00, 0x99, 0xFF, 0xFF,
    0xFF, 0x00, 0x01, 0x99, 0xFF, 0xFF, 0xFF, 0x16, 0x16, 0xD4, 0xD4, 0x00, 0x54, 0x00, 0x00, 0x00,
    0x1E, 0x00, 0x00, 0x80, 0x42, 0x16, 0x35, 0xCC, 0xFF, 0xFF, 0xFF, 0xA0, 0xFF, 0xFF, 0xFF, 0x00,
    0x00, 0x19, 0x00, 0x59, 0x00, 0x00, 0x00, 0x09, 0x00, 0x99, 0xFF, 0xFF, 0xFF, 0x00, 0x01, 0x99,
    0xFF, 0xFF, 0xFF, 0x16, 0x16, 0x16, 0x0F, 0x00, 0x4F, 0x00, 0x00, 0x00, 0x19, 0x01, 0xAF, 0xFF,
    0xFF, 0xFF, 0x9D, 0x00, 0x96, 0xFF, 0xFF, 0xFF, 0x00, 0x1C, 0xC1, 0xFF, 0xFF, 0xFF, 0xD8, 0xD7,
    0x00, 0x53, 0x00, 0x00, 0x00, 0xD4, 0xD4, 0x00, 0x56, 0x00, 0x00, 0x00, 0x1E, 0x00, 0x00, 0x80,
    0x42, 0x16, 0x35, 0xCE, 0xFF, 0xFF, 0xFF, 0xA0, 0xFF, 0xFF, 0xFF, 0x00, 0x00, 0x19, 0x00, 0x59,
    0x00, 0x00, 0x00, 0x09, 0x00, 0x99, 0xFF, 0xFF, 0xFF, 0x00, 0x01, 0x99, 0xFF, 0xFF, 0xFF, 0x16,
    0x16, 0xD4, 0xD4, 0x00, 0x54, 0x00, 0x00, 0x00, 0x1E, 0x00, 0x00, 0x80, 0x42, 0x16, 0x35, 0xCC,
    0xFF, 0xFF, 0xFF, 0xA0, 0xFF, 0xFF, 0xFF, 0x00, 0x00, 0x19, 0x00, 0x59, 0x00, 0x00, 0x00, 0x09,
    0x00, 0x99, 0xFF, 0xFF, 0xFF, 0x00, 0x01, 0x99, 0xFF, 0xFF, 0xFF, 0x16, 0x16, 0x16, 0x0F, 0x00,
    0x4E, 0x00, 0x00, 0x00, 0x19, 0x01, 0xAF, 0xFF, 0xFF, 0xFF, 0x9D, 0x00, 0x96, 0xFF, 0xFF, 0xFF,
    0x00, 0x1C, 0xC1, 0xFF, 0xFF, 0xFF, 0xD8, 0xD8, 0x00, 0x53, 0x00, 0x00, 0x00, 0xD4, 0xD4, 0x00,
    0x56, 0x00, 0x00, 0x00, 0x1E, 0x00, 0x00, 0x80, 0x42, 0x16, 0x35, 0xCE, 0xFF, 0xFF, 0xFF, 0xA0,
    0xFF, 0xFF, 0xFF, 0x00, 0x00, 0x19, 0x00, 0x59, 0x00, 0x00, 0x00, 0x09, 0x00, 0x99, 0xFF, 0xFF,
    0xFF, 0x00, 0x01, 0x99, 0xFF, 0xFF, 0xFF, 0x16, 0x16, 0xD4, 0xD4, 0x00, 0x54, 0x00, 0x00, 0x00,
    0x1E, 0x00, 0x00, 0x80, 0x42, 0x16, 0x35, 0xCC, 0xFF, 0xFF, 0xFF, 0xA0, 0xFF, 0xFF, 0xFF, 0x00,
    0x00, 0x19, 0x00, 0x59, 0x00, 0x00, 0x00, 0x09, 0x00, 0x99, 0xFF, 0xFF, 0xFF, 0x00, 0x01, 0x99,
    0xFF, 0xFF, 0xFF, 0x16, 0x16, 0x16, 0x07, 0x65, 0x06, 0x84, 0x84, 0x84, 0x84, 0xB2, 0x35, 0xCC,
    0xFF, 0xFF, 0xFF, 0xA0, 0xFF, 0xFF, 0xFF, 0x00, 0x00, 0x00, 0x52, 0x00, 0x00, 0x00, 0x38, 0x3F,
    0x25, 0x16, 0x18, 0x22, 0x00, 0xB2, 0x35, 0xCC, 0xFF, 0xFF, 0xFF, 0xA0, 0xFF, 0xFF, 0xFF, 0x00,
    0x00, 0x00, 0x51, 0x00, 0x00, 0x00, 0x38, 0x3F, 0x25, 0x16, 0x16, 0x18, 0x22, 0x00, 0xB2, 0x35,
    0xCC, 0xFF, 0xFF, 0xFF, 0xA0, 0xFF, 0xFF, 0xFF, 0x00, 0x00, 0x00, 0x50, 0x00, 0x00, 0x00, 0x38,
    0x3F, 0x25, 0x16, 0x16, 0x18, 0x22, 0x00, 0xB2, 0x35, 0xCC, 0xFF, 0xFF, 0xFF, 0xA0, 0xFF, 0xFF,
    0xFF, 0x00, 0x00, 0x00, 0x4F, 0x00, 0x00, 0x00, 0x38, 0x3F, 0x25, 0x16, 0x16, 0x18, 0x22, 0x00,
    0xB2, 0x35, 0xCC, 0xFF, 0xFF, 0xFF, 0xA0, 0xFF, 0xFF, 0xFF, 0x00, 0x00, 0x00, 0x4E, 0x00, 0x00,
    0x00, 0x38, 0x3F, 0x25, 0x16, 0x16, 0x06, 0xD4, 0x0D, 0x0F, 0x00, 0x4B, 0x00, 0x00, 0x00, 0xAE,
    0xF4, 0xF4, 0x35, 0xCE, 0xFF, 0xFF, 0xFF, 0xA0, 0xFF, 0xFF, 0xFF, 0x00, 0x00, 0x00, 0x51, 0x00,
    0x00, 0x00, 0x35, 0xCE, 0xFF, 0xFF, 0xFF, 0xA0, 0xFF, 0xFF, 0xFF, 0x00, 0x00, 0x00, 0x50, 0x00,
    0x00, 0x00, 0x16, 0xF4, 0x35, 0xCE, 0xFF, 0xFF, 0xFF, 0xA0, 0xFF, 0xFF, 0xFF, 0x00, 0x00, 0x00,
    0x4F, 0x00, 0x00, 0x00, 0x35, 0xCE, 0xFF, 0xFF, 0xFF, 0xA0, 0xFF, 0xFF, 0xFF, 0x00, 0x00, 0x00,
    0x4E, 0x00, 0x00, 0x00, 0x16, 0x16, 0x1E, 0x00, 0x00, 0x00, 0x40, 0x16, 0x0F, 0x00, 0x4A, 0x00,
    0x00, 0x00, 0xAF, 0xF5, 0xF5, 0x35, 0xCE, 0xFF, 0xFF, 0xFF, 0xA0, 0xFF, 0xFF, 0xFF, 0x00, 0x00,
    0x00, 0x51, 0x00, 0x00, 0x00, 0x35, 0xCE, 0xFF, 0xFF, 0xFF, 0xA0, 0xFF, 0xFF, 0xFF, 0x00, 0x00,
    0x00, 0x50, 0x00, 0x00, 0x00, 0x16, 0xF5, 0x35, 0xCE, 0xFF, 0xFF, 0xFF, 0xA0, 0xFF, 0xFF, 0xFF,
    0x00, 0x00, 0x00, 0x4F, 0x00, 0x00, 0x00, 0x35, 0xCE, 0xFF, 0xFF, 0xFF, 0xA0, 0xFF, 0xFF, 0xFF,
    0x00, 0x00, 0x00, 0x4E, 0x00, 0x00, 0x00, 0x16, 0x16, 0x1E, 0x00, 0x00, 0x00, 0x40, 0x16, 0x0F,
    0x00, 0x49, 0x00, 0x00, 0x00, 0xAE, 0xF4, 0xF4, 0x35, 0xCD, 0xFF, 0xFF, 0xFF, 0xA0, 0xFF, 0xFF,
    0xFF, 0x00, 0x00, 0x00, 0x51, 0x00, 0x00, 0x00, 0x35, 0xCD, 0xFF, 0xFF, 0xFF, 0xA0, 0xFF, 0xFF,
    0xFF, 0x00, 0x00, 0x00, 0x50, 0x00, 0x00, 0x00, 0x16, 0xF4, 0x35, 0xCD, 0xFF, 0xFF, 0xFF, 0xA0,
    0xFF, 0xFF, 0xFF, 0x00, 0x00, 0x00, 0x4F, 0x00, 0x00, 0x00, 0x35, 0xCD, 0xFF, 0xFF, 0xFF, 0xA0,
    0xFF, 0xFF, 0xFF, 0x00, 0x00, 0x00, 0x4E, 0x00, 0x00, 0x00, 0x16, 0x16, 0x1E, 0x00, 0x00, 0x00,
    0x40, 0x16, 0x0F, 0x00, 0x48, 0x00, 0x00, 0x00, 0xAF, 0xF5, 0xF5, 0x35, 0xCD, 0xFF, 0xFF, 0xFF,
    0xA0, 0xFF, 0xFF, 0xFF, 0x00, 0x00, 0x00, 0x51, 0x00, 0x00, 0x00, 0x35, 0xCD, 0xFF, 0xFF, 0xFF,
    0xA0, 0xFF, 0xFF, 0xFF, 0x00, 0x00, 0x00, 0x50, 0x00, 0x00, 0x00, 0x16, 0xF5, 0x35, 0xCD, 0xFF,
    0xFF, 0xFF, 0xA0, 0xFF, 0xFF, 0xFF, 0x00, 0x00, 0x00, 0x4F, 0x00, 0x00, 0x00, 0x35, 0xCD, 0xFF,
    0xFF, 0xFF, 0xA0, 0xFF, 0xFF, 0xFF, 0x00, 0x00, 0x00, 0x4E, 0x00, 0x00, 0x00, 0x16, 0x16, 0x1E,
    0x00, 0x00, 0x00, 0x40, 0x16, 0x0F, 0x00, 0x47, 0x00, 0x00, 0x00, 0xF5, 0x1E, 0x00, 0x00, 0x00,
    0x41, 0xAF, 0x00, 0x4A, 0x00, 0x00, 0x00, 0x00, 0x4B, 0x00, 0x00, 0x00, 0x16, 0x16, 0x0F, 0x00,
    0x46, 0x00, 0x00, 0x00, 0xF5, 0x1E, 0x00, 0x00, 0xC0, 0x40, 0xAF, 0x00, 0x48, 0x00, 0x00, 0x00,
    0x00, 0x49, 0x00, 0x00, 0x00, 0x16, 0x16, 0x1B, 0x5C, 0x00, 0x00, 0x00, 0x00, 0x00, 0x00, 0x00,
    0x00, 0x51, 0x00, 0x00, 0x00, 0x00, 0x50, 0x00, 0x00, 0x00, 0x00, 0x4F, 0x00, 0x00, 0x00, 0x00,
    0x4E, 0x00, 0x00, 0x00, 0x19, 0x00, 0x59, 0x00, 0x00, 0x00, 0x0A, 0x00, 0x06, 0x00, 0x00, 0x00,
    0x00, 0x2D, 0x01, 0x06, 0x00, 0x00, 0x00, 0x16, 0x19, 0x01, 0xAF, 0xFF, 0xFF, 0xFF, 0x3A, 0x00,
    0x00, 0x00, 0x00, 0x00, 0x00, 0x1C, 0xBE, 0xFF, 0xFF, 0xFF, 0x19, 0x00, 0x59, 0x00, 0x00, 0x00,
    0x09, 0x00, 0x0A, 0x00, 0x00, 0x00, 0x00, 0x01, 0x0A, 0x00, 0x00, 0x00, 0x00, 0x45, 0x00, 0x00,
    0x00, 0x00, 0x44, 0x00, 0x00, 0x00, 0x16, 0x07, 0xB0, 0x0B, 0x82, 0x82, 0xB1, 0x19, 0x00, 0x59,
    0x00, 0x00, 0x00, 0x09, 0x00, 0x07, 0x00, 0x00, 0x00, 0x00, 0x01, 0x07, 0x00, 0x00, 0x00, 0x1E,
    0x00, 0x00, 0x80, 0x3F, 0x16, 0x18, 0x11, 0x00, 0xB1, 0x01, 0x22, 0x00, 0x00, 0x00, 0x1E, 0x00,
    0x00, 0x00, 0x00, 0x16, 0x16, 0x18, 0x11, 0x00, 0xB1, 0x01, 0x21, 0x00, 0x00, 0x00, 0x1E, 0x00,
    0x00, 0x00, 0x00, 0x16, 0x16, 0x0F, 0x00, 0x4D, 0x00, 0x00, 0x00, 0x19, 0x01, 0xAF, 0xFF, 0xFF,
    0xFF, 0x6D, 0x00, 0x96, 0xFF, 0xFF, 0xFF, 0x00, 0x1C, 0xC1, 0xFF, 0xFF, 0xFF, 0xD7, 0x19, 0x00,
    0x59, 0x00, 0x00, 0x00, 0x09, 0x00, 0x98, 0xFF, 0xFF, 0xFF, 0x00, 0x01, 0x98, 0xFF, 0xFF, 0xFF,
    0xD4, 0xD4, 0x00, 0x56, 0x00, 0x00, 0x00, 0x1E, 0x00, 0x00, 0x80, 0x42, 0x16, 0x35, 0xCE, 0xFF,
    0xFF, 0xFF, 0xA0, 0xFF, 0xFF, 0xFF, 0x00, 0x00, 0x19, 0x00, 0x59, 0x00, 0x00, 0x00, 0x09, 0x00,
    0x99, 0xFF, 0xFF, 0xFF, 0x00, 0x01, 0x99, 0xFF, 0xFF, 0xFF, 0x16, 0x16, 0x16, 0x0F, 0x00, 0x4C,
    0x00, 0x00, 0x00, 0x19, 0x01, 0xAF, 0xFF, 0xFF, 0xFF, 0x6D, 0x00, 0x96, 0xFF, 0xFF, 0xFF, 0x00,
    0x1C, 0xC1, 0xFF, 0xFF, 0xFF, 0xD7, 0x19, 0x00, 0x59, 0x00, 0x00, 0x00, 0x09, 0x00, 0x98, 0xFF,
    0xFF, 0xFF, 0x00, 0x01, 0x98, 0xFF, 0xFF, 0xFF, 0xD4, 0xD4, 0x00, 0x54, 0x00, 0x00, 0x00, 0x1E,
    0x00, 0x00, 0x80, 0x42, 0x16, 0x35, 0xCC, 0xFF, 0xFF, 0xFF, 0xA0, 0xFF, 0xFF, 0xFF, 0x00, 0x00,
    0x19, 0x00, 0x59, 0x00, 0x00, 0x00, 0x09, 0x00, 0x99, 0xFF, 0xFF, 0xFF, 0x00, 0x01, 0x99, 0xFF,
    0xFF, 0xFF, 0x16, 0x16, 0x16, 0x0F, 0x00, 0x40, 0x00, 0x00, 0x00, 0xF5, 0x1E, 0x00, 0x00, 0x00,
    0x41, 0xAF, 0xAB, 0xBA, 0xAF, 0x35, 0xCE, 0xFF, 0xFF, 0xFF, 0xA0, 0xFF, 0xFF, 0xFF, 0x00, 0x00,
    0x00, 0x4D, 0x00, 0x00, 0x00, 0x35, 0xCE, 0xFF, 0xFF, 0xFF, 0xA0, 0xFF, 0xFF, 0xFF, 0x00, 0x00,
    0x00, 0x52, 0x00, 0x00, 0x00, 0x16, 0x16, 0x1E, 0x00, 0x00, 0x00, 0x40, 0x16, 0x1E, 0x00, 0x00,
    0x80, 0x40, 0x16, 0x16, 0x0F, 0x00, 0x3F, 0x00, 0x00, 0x00, 0xF5, 0x1E, 0x00, 0x00, 0xC0, 0x40,
    0xAF, 0xAB, 0xBA, 0xAF, 0x35, 0xCD, 0xFF, 0xFF, 0xFF, 0xA0, 0xFF, 0xFF, 0xFF, 0x00, 0x00, 0x00,
    0x4C, 0x00, 0x00, 0x00, 0x35, 0xCD, 0xFF, 0xFF, 0xFF, 0xA0, 0xFF, 0xFF, 0xFF, 0x00, 0x00, 0x00,
    0x52, 0x00, 0x00, 0x00, 0x16, 0x16, 0x1E, 0x00, 0x00, 0x00, 0x40, 0x16, 0x1E, 0x00, 0x00, 0x80,
    0x40, 0x16, 0x16, 0x0F, 0x00, 0x42, 0x00, 0x00, 0x00, 0x01, 0x22, 0x00, 0x00, 0x00, 0x0F, 0x00,
    0x41, 0x00, 0x00, 0x00, 0x01, 0x21, 0x00, 0x00, 0x00, 0x06, 0xFC, 0x0B, 0x0F, 0x00, 0x40, 0x00,
    0x00, 0x00, 0x00, 0x47, 0x00, 0x00, 0x00, 0x0F, 0x00, 0x3F, 0x00, 0x00, 0x00, 0x00, 0x46, 0x00,
    0x00, 0x00, 0x0F, 0x00, 0x42, 0x00, 0x00, 0x00, 0x00, 0x45, 0x00, 0x00, 0x00, 0x0F, 0x00, 0x41,
    0x00, 0x00, 0x00, 0x00, 0x44, 0x00, 0x00, 0x00, 0x0F, 0x00, 0x43, 0x00, 0x00, 0x00, 0xAB, 0x19,
    0x00, 0x59, 0x00, 0x00, 0x00, 0x09, 0x00, 0x07, 0x00, 0x00, 0x00, 0x00, 0x01, 0x07, 0x00, 0x00,
    0x00, 0xF4, 0x1E, 0x00, 0x00, 0x80, 0x3F, 0xF4, 0xAC, 0xAF, 0x00, 0x40, 0x00, 0x00, 0x00, 0x1E,
    0x00, 0x00, 0xC0, 0x40, 0x16, 0xF5, 0x1E, 0x00, 0x00, 0x80, 0x3F, 0x00, 0x42, 0x00, 0x00, 0x00,
    0x16, 0x16, 0xAC, 0xAF, 0x00, 0x3F, 0x00, 0x00, 0x00, 0x1E, 0x00, 0x00, 0x00, 0x40, 0x16, 0xF5,
    0x1E, 0x00, 0x00, 0x80, 0x3F, 0x00, 0x41, 0x00, 0x00, 0x00, 0x16, 0x16, 0x16, 0x16, 0x16, 0x19,
    0x01, 0xAF, 0xFF, 0xFF, 0xFF, 0x7D, 0x00, 0x00, 0x00, 0x00, 0x00, 0x00, 0x1C, 0xBF, 0xFF, 0xFF,
    0xFF, 0xAF, 0x35, 0xCE, 0xFF, 0xFF, 0xFF, 0xA0, 0xFF, 0xFF, 0xFF, 0x00, 0x00, 0x00, 0x52, 0x00,
    0x00, 0x00, 0xAB, 0xAB, 0x00, 0x45, 0x00, 0x00, 0x00, 0x00, 0x43, 0x00, 0x00, 0x00, 0x16, 0x1E,
    0x00, 0x00, 0x00, 0x3F, 0x16, 0x16, 0xAF, 0x35, 0xCD, 0xFF, 0xFF, 0xFF, 0xA0, 0xFF, 0xFF, 0xFF,
    0x00, 0x00, 0x00, 0x52, 0x00, 0x00, 0x00, 0xAB, 0xAB, 0x00, 0x44, 0x00, 0x00, 0x00, 0x00, 0x43,
    0x00, 0x00, 0x00, 0x16, 0x1E, 0x00, 0x00, 0x00, 0x3F, 0x16, 0x16, 0x4A, 0x16, 0x07, 0x51, 0x0D,
    0x19, 0x00, 0x59, 0x00, 0x00, 0x00, 0x0A, 0x00, 0x06, 0x00, 0x00, 0x00, 0x00, 0x2D, 0x01, 0x06,
    0x00, 0x00, 0x00, 0x19, 0x01, 0xAF, 0xFF, 0xFF, 0xFF, 0x12, 0x00, 0x00, 0x00, 0x00, 0x00, 0x00,
    0x1C, 0xC0, 0xFF, 0xFF, 0xFF, 0x24, 0x00, 0x24, 0x00, 0x24, 0x00, 0x24, 0xFF, 0x16, 0x06, 0x78,
    0x0D, 0x19, 0x01, 0xAF, 0xFF, 0xFF, 0xFF, 0x12, 0x00, 0x00, 0x00, 0x00, 0x00, 0x00, 0x1C, 0xC0,
    0xFF, 0xFF, 0xFF, 0x24, 0xFF, 0x24, 0xFF, 0x24, 0xFF, 0x24, 0xFF, 0x16, 0x19, 0x01, 0xAF, 0xFF,
    0xFF, 0xFF, 0x3C, 0x00, 0x00, 0x00, 0x00, 0x00, 0x00, 0x1C, 0xC2, 0xFF, 0xFF, 0xFF, 0x19, 0x00,
    0x59, 0x00, 0x00, 0x00, 0x09, 0x00, 0x0A, 0x00, 0x00, 0x00, 0x00, 0x01, 0x0A, 0x00, 0x00, 0x00,
    0x28, 0x00, 0x43, 0x00, 0x00, 0x00, 0x00, 0x43, 0x00, 0x00, 0x00, 0x4A, 0x16, 0xA3, 0x00, 0x3D,
    0x00, 0x00, 0x00, 0x16, 0xA3, 0x00, 0x3E, 0x00, 0x00, 0x00, 0x16, 0x06, 0xC1, 0x00, 0x07, 0x42,
    0x0E, 0x82, 0x81, 0x2D, 0x01, 0x23, 0x00, 0x00, 0x00, 0x16, 0x18, 0x0D, 0x00, 0x97, 0x00, 0x3D,
    0x00, 0x00, 0x00, 0x25, 0x16, 0x16, 0x14, 0x2D, 0x01, 0x23, 0x00, 0x00, 0x00, 0x27, 0xE7, 0x70,
    0x1F, 0x41, 0x47, 0x50, 0x41, 0x54, 0x43, 0x48, 0x20, 0x48, 0x55, 0x44, 0x20, 0x64, 0x72, 0x65,
    0x77, 0x20, 0x67, 0x72, 0x61, 0x70, 0x68, 0x69, 0x63, 0x73, 0x20, 0x62, 0x75, 0x74, 0x74, 0x6F,
    0x6E, 0x73, 0x3D, 0x00, 0x38, 0x53, 0x00, 0x3D, 0x00, 0x00, 0x00, 0x16, 0x4A, 0x16, 0x04, 0x0B,
    0x53, 0x00, 0x00, 0x00, 0x02, 0x00, 0x82, 0x00, 0x5A, 0x00, 0x00, 0x00, 0x00, 0x00, 0x00, 0x00,
    0xFF, 0xFF, 0xFF, 0xFF, 0x00, 0x00, 0x00, 0x00, 0xD4, 0xFF, 0xFF, 0xFF, 0xD6, 0x00, 0x00, 0x00,
    0x5B, 0x00, 0x00, 0x00, 0x00, 0x00, 0x00, 0x00, 0xFF, 0xFF, 0xFF, 0xFF, 0xFF, 0xFF, 0xFF, 0xFF,
    0x00, 0x00, 0x00, 0x00, 0x00, 0x00, 0x00, 0x00, 0x08, 0x00, 0x00, 0x30, 0xFF, 0xFF, 0x02, 0x00,
    0x00, 0x00, 0x05, 0x00, 0x00, 0x00, 0x5A, 0x00, 0x00, 0x00, 0x00, 0x00, 0x00, 0x00, 0x5B, 0x00,
    0x00, 0x00, 0xF6, 0x00, 0x00, 0x00, 0x00, 0x00, 0x00, 0x00, 0x3C, 0x00, 0x00, 0x00, 0x5C, 0x00,
    0x00, 0x00, 0x00, 0x00, 0x00, 0x00, 0x3B, 0x00, 0x00, 0x00, 0x08, 0x00, 0x00, 0x00, 0x00, 0x00,
    0x00, 0x00, 0x2D, 0x00, 0x00, 0x00, 0x5B, 0x00, 0x00, 0x00, 0x00, 0x00, 0x00, 0x00, 0x24, 0x00,
    0x00, 0x00, 0x1E, 0x00, 0x80, 0x00, 0xEC, 0xFF, 0xFF, 0xFF, 0x6E, 0x00, 0x00, 0x00, 0x00, 0x00,
    0x00, 0x00, 0x00, 0x00, 0x00, 0x00, 0x00, 0x00, 0x00, 0x00, 0x00, 0x00, 0x00, 0x00, 0x01, 0x00,
    0x00, 0x00, 0xA6, 0x00, 0x00, 0x00, 0x00, 0x00, 0x00, 0x00, 0x00, 0x00, 0x00, 0x00, 0x00, 0x00,
    0x00, 0x00, 0x00, 0x00, 0x00, 0x00, 0x00, 0x00, 0x00, 0x00, 0xAB, 0x00, 0x00, 0x00, 0x00, 0x00,
    0x00, 0x00, 0x5D, 0x00, 0x00, 0x00, 0xFF, 0xFF, 0xFF, 0xFF, 0xAB, 0x00, 0x00, 0x00, 0x00, 0x00,
    0x00, 0x00, 0xFF, 0xFF, 0xFF, 0xFF, 0xAB, 0x00, 0x00, 0x00, 0x00, 0x00, 0x00, 0x00, 0x00, 0x00,
    0x00, 0x00, 0x01, 0x00, 0x00, 0x00, 0x00, 0x00, 0x00, 0x00, 0x00, 0x00, 0x00, 0x00, 0xAB, 0x00,
    0x00, 0x00, 0x00, 0x00, 0x00, 0x00, 0x00, 0x00, 0x00, 0x00, 0x64, 0x00, 0x00, 0x00, 0xFF, 0xFF,
    0xFF, 0xFF, 0xAB, 0x00, 0x00, 0x00, 0x00, 0x00, 0x00, 0x00, 0x00, 0x00, 0x00, 0x00, 0x01, 0x00,
    0x00, 0x00, 0x00, 0x00, 0x00, 0x00, 0x00, 0x00, 0x00, 0x00, 0xAB, 0x00, 0x00, 0x00, 0x00, 0x00,
    0x00, 0x00, 0x00, 0x00, 0x00, 0x00, 0xD3, 0xFF, 0xFF, 0xFF, 0xFF, 0xFF, 0xFF, 0xFF, 0xAB, 0x00,
    0x00, 0x00, 0x00, 0x00, 0x00, 0x00, 0x00, 0x00, 0x00, 0x00, 0x01, 0x00, 0x00, 0x00, 0x00, 0x00,
    0x00, 0x00, 0x00, 0x00, 0x00, 0x00, 0xAB, 0x00, 0x00, 0x00, 0x00, 0x00, 0x00, 0x00, 0x00, 0x00,
    0x00, 0x00, 0x1F, 0x00, 0x00, 0x00, 0xFF, 0xFF, 0xFF, 0xFF, 0xAB, 0x00, 0x00, 0x00, 0x00, 0x00,
    0x00, 0x00, 0x00, 0x00, 0x00, 0x00, 0x01, 0x00, 0x00, 0x00, 0x00, 0x00, 0x00, 0x00, 0x00, 0x00,
    0x00, 0x00, 0xAB, 0x00, 0x00, 0x00, 0x00, 0x00, 0x00, 0x00, 0x00, 0x00, 0x00, 0x00, 0x1F, 0x00,
    0x00, 0x00, 0xFF, 0xFF, 0xFF, 0xFF, 0xAB, 0x00, 0x00, 0x00, 0x00, 0x00, 0x00, 0x00, 0x00, 0x00,
    0x00, 0x00, 0x01, 0x00, 0x00, 0x00, 0x00, 0x00, 0x00, 0x00, 0x00, 0x00, 0x00, 0x00, 0xAB, 0x00,
    0x00, 0x00, 0x00, 0x00, 0x00, 0x00, 0x00, 0x00, 0x00, 0x00, 0xFF, 0xFF, 0xFF, 0xFF, 0xAB, 0x00,
    0x00, 0x00, 0x00, 0x00, 0x00, 0x00, 0x62, 0x00, 0x00, 0x00, 0x01, 0x00, 0x00, 0x00, 0x00, 0x00,
    0x00, 0x00, 0x00, 0x00, 0x00, 0x00, 0xAB, 0x00, 0x00, 0x00, 0x00, 0x00, 0x00, 0x00, 0x00, 0x00,
    0x00, 0x00, 0xFF, 0xFF, 0xFF, 0xFF, 0xAB, 0x00, 0x00, 0x00, 0x00, 0x00, 0x00, 0x00, 0x00, 0x00,
    0x00, 0x00, 0x00, 0x00, 0x00, 0x00, 0x00, 0x00, 0x00, 0x00, 0x63, 0x00, 0x00, 0x00, 0x00, 0x00,
    0x00, 0x00, 0x00, 0x00, 0x00, 0x00, 0x00, 0x00, 0x00, 0x00, 0x00, 0x00, 0x00, 0x00, 0x00, 0x00,
    0x00, 0x00, 0x00, 0x00, 0x00, 0x00, 0xFE, 0x00, 0x00, 0x00, 0x00, 0x00, 0x00, 0x00, 0x8C, 0x00,
    0x00, 0x00, 0x00, 0x00, 0x00, 0x00, 0x04, 0x00, 0x00, 0x00, 0x00, 0x00, 0x00, 0x00, 0x00, 0x00,
    0x00, 0x00, 0x82, 0x00, 0x00, 0x00, 0x00, 0x00, 0x00, 0x00, 0x8C, 0x00, 0x00, 0x00, 0x00, 0x00,
    0x00, 0x00, 0x04, 0x00, 0x00, 0x00, 0x00, 0x00, 0x00, 0x00, 0x00, 0x00, 0x00, 0x00, 0xAB, 0x00,
    0x00, 0x00, 0x00, 0x00, 0x00, 0x00, 0xFF, 0xFF, 0xFF, 0xFF, 0xAB, 0x00, 0x00, 0x00, 0x00, 0x00,
    0x00, 0x00, 0x64, 0x00, 0x00, 0x00, 0x01, 0x00, 0x00, 0x00, 0x00, 0x00, 0x00, 0x00, 0x00, 0x00,
    0x00, 0x00, 0xAB, 0x00, 0x00, 0x00, 0x00, 0x00, 0x00, 0x00, 0x00, 0x00, 0x00, 0x00, 0xFF, 0xFF,
    0xFF, 0xFF, 0xAB, 0x00, 0x00, 0x00, 0x00, 0x00, 0x00, 0x00, 0x65, 0x00, 0x00, 0x00, 0x01, 0x00,
    0x00, 0x00, 0x00, 0x00, 0x00, 0x00, 0x00, 0x00, 0x00, 0x00, 0xAB, 0x00, 0x00, 0x00, 0x00, 0x00,
    0x00, 0x00, 0x00, 0x00, 0x00, 0x00, 0xFF, 0xFF, 0xFF, 0xFF, 0xAB, 0x00, 0x00, 0x00, 0x00, 0x00,
    0x00, 0x00, 0x66, 0x00, 0x00, 0x00, 0x01, 0x00, 0x00, 0x00, 0x00, 0x00, 0x00, 0x00, 0x00, 0x00,
    0x00, 0x00, 0xAB, 0x00, 0x00, 0x00, 0x00, 0x00, 0x00, 0x00, 0x00, 0x00, 0x00, 0x00, 0xFF, 0xFF,
    0xFF, 0xFF, 0xAB, 0x00, 0x00, 0x00, 0x00, 0x00, 0x00, 0x00, 0x67, 0x00, 0x00, 0x00, 0x01, 0x00,
    0x00, 0x00, 0x00, 0x00, 0x00, 0x00, 0x00, 0x00, 0x00, 0x00, 0xAB, 0x00, 0x00, 0x00, 0x00, 0x00,
    0x00, 0x00, 0x00, 0x00, 0x00, 0x00, 0xFF, 0xFF, 0xFF, 0xFF, 0xAB, 0x00, 0x00, 0x00, 0x00, 0x00,
    0x00, 0x00, 0x68, 0x00, 0x00, 0x00, 0x01, 0x00, 0x00, 0x00, 0x00, 0x00, 0x00, 0x00, 0x00, 0x00,
    0x00, 0x00, 0xAB, 0x00, 0x00, 0x00, 0x00, 0x00, 0x00, 0x00, 0x00, 0x00, 0x00, 0x00, 0x1F, 0x00,
    0x00, 0x00, 0xFF, 0xFF, 0xFF, 0xFF, 0xAB, 0x00, 0x00, 0x00, 0x00, 0x00, 0x00, 0x00, 0x69, 0x00,
    0x00, 0x00, 0x01, 0x00, 0x00, 0x00, 0x00, 0x00, 0x00, 0x00, 0x00, 0x00, 0x00, 0x00, 0xAB, 0x00,
    0x00, 0x00, 0x00, 0x00, 0x00, 0x00, 0x00, 0x00, 0x00, 0x00, 0x1F, 0x00, 0x00, 0x00, 0xFF, 0xFF,
    0xFF, 0xFF, 0xAB, 0x00, 0x00, 0x00, 0x00, 0x00, 0x00, 0x00, 0x6A, 0x00, 0x00, 0x00, 0x01, 0x00,
    0x00, 0x00, 0x00, 0x00, 0x40, 0x00, 0x00, 0x00, 0x00, 0x00, 0xAB, 0x00, 0x00, 0x00, 0x00, 0x00,
    0x00, 0x00, 0x00, 0x00, 0x00, 0x00, 0x61, 0x00, 0x00, 0x00, 0xFF, 0xFF, 0xFF, 0xFF, 0xAB, 0x00,
    0x00, 0x00, 0x00, 0x00, 0x00, 0x00, 0x6B, 0x00, 0x00, 0x00, 0x01, 0x00, 0x00, 0x00, 0x00, 0x00,
    0x40, 0x00, 0x00, 0x00, 0x00, 0x00, 0xAB, 0x00, 0x00, 0x00, 0x00, 0x00, 0x00, 0x00, 0x00, 0x00,
    0x00, 0x00, 0x60, 0x00, 0x00, 0x00, 0xFF, 0xFF, 0xFF, 0xFF, 0xAB, 0x00, 0x00, 0x00, 0x00, 0x00,
    0x00, 0x00, 0x6C, 0x00, 0x00, 0x00, 0x01, 0x00, 0x00, 0x00, 0x00, 0x00, 0x40, 0x00, 0x00, 0x00,
    0x00, 0x00, 0xAB, 0x00, 0x00, 0x00, 0x00, 0x00, 0x00, 0x00, 0x00, 0x00, 0x00, 0x00, 0x5F, 0x00,
    0x00, 0x00, 0xFF, 0xFF, 0xFF, 0xFF, 0xAB, 0x00, 0x00, 0x00, 0x00, 0x00, 0x00, 0x00, 0x6D, 0x00,
    0x00, 0x00, 0x01, 0x00, 0x00, 0x00, 0x00, 0x00, 0x40, 0x00, 0x00, 0x00, 0x00, 0x00, 0xAB, 0x00,
    0x00, 0x00, 0x00, 0x00, 0x00, 0x00, 0x00, 0x00, 0x00, 0x00, 0x5E, 0x00, 0x00, 0x00, 0xFF, 0xFF,
    0xFF, 0xFF, 0xAB, 0x00, 0x00, 0x00, 0x00, 0x00, 0x00, 0x00, 0x6E, 0x00, 0x00, 0x00, 0x01, 0x00,
    0x00, 0x00, 0x00, 0x00, 0x00, 0x00, 0x00, 0x00, 0x00, 0x00, 0xAB, 0x00, 0x00, 0x00, 0x00, 0x00,
    0x00, 0x00, 0x00, 0x00, 0x00, 0x00, 0xD5, 0xFF, 0xFF, 0xFF, 0xFF, 0xFF, 0xFF, 0xFF, 0xAB, 0x00,
    0x00, 0x00, 0x00, 0x00, 0x00, 0x00, 0x6F, 0x00, 0x00, 0x00, 0x01, 0x00, 0x00, 0x00, 0x00, 0x00,
    0x00, 0x00, 0x00, 0x00, 0x00, 0x00, 0xAB, 0x00, 0x00, 0x00, 0x00, 0x00, 0x00, 0x00, 0x00, 0x00,
    0x00, 0x00, 0xCE, 0x00, 0x00, 0x00, 0xFF, 0xFF, 0xFF, 0xFF, 0xAB, 0x00, 0x00, 0x00, 0x00, 0x00,
    0x00, 0x00, 0x70, 0x00, 0x00, 0x00, 0x01, 0x00, 0x00, 0x00, 0x00, 0x00, 0x00, 0x00, 0x00, 0x00,
    0x00, 0x00, 0xAB, 0x00, 0x00, 0x00, 0x00, 0x00, 0x00, 0x00, 0x00, 0x00, 0x00, 0x00, 0xC8, 0x00,
    0x00, 0x00, 0xFF, 0xFF, 0xFF, 0xFF, 0xAB, 0x00, 0x00, 0x00, 0x00, 0x00, 0x00, 0x00, 0x71, 0x00,
    0x00, 0x00, 0xC7, 0xFF, 0xFF, 0xFF, 0x00, 0x00, 0x00, 0x00, 0x00, 0x00, 0x00, 0x00, 0x00, 0x00,
    0x00, 0x00, 0x19, 0x00, 0x00, 0x00, 0xDD, 0x02, 0x00, 0x00, 0x5E, 0x01, 0x00, 0x00, 0x0E, 0x01,
    0x00, 0x00, 0x1C, 0xC7, 0xFF, 0xFF, 0xFF, 0x16, 0x0F, 0x01, 0x6F, 0x00, 0x00, 0x00, 0x2E, 0xD5,
    0xFF, 0xFF, 0xFF, 0x19, 0x01, 0xB1, 0xFF, 0xFF, 0xFF, 0x09, 0x00, 0xA9, 0xFF, 0xFF, 0xFF, 0x00,
    0x01, 0xA9, 0xFF, 0xFF, 0xFF, 0x07, 0x77, 0x00, 0x72, 0x01, 0x6F, 0x00, 0x00, 0x00, 0x2A, 0x16,
    0xE7, 0x1F, 0x41, 0x47, 0x50, 0x41, 0x54, 0x43, 0x48, 0x20, 0x6D, 0x61, 0x6E, 0x61, 0x67, 0x65,
    0x72, 0x20, 0x72, 0x65, 0x71, 0x75, 0x69, 0x72, 0x65, 0x73, 0x20, 0x48, 0x61, 0x7A, 0x61, 0x72,
    0x64, 0x47, 0x61, 0x6D, 0x65, 0x00, 0x4A, 0x16, 0x61, 0x17, 0x16, 0x04, 0x0B, 0x0F, 0x01, 0x71,
    0x00, 0x00, 0x00, 0x11, 0x0B, 0x0B, 0x0B, 0x20, 0xC8, 0x00, 0x00, 0x00, 0x0B, 0x0F, 0x01, 0x70,
    0x00, 0x00, 0x00, 0x11, 0x0B, 0x0B, 0x0B, 0x20, 0xCE, 0x00, 0x00, 0x00, 0x0B, 0x61, 0x18, 0x1E,
    0x00, 0x00, 0x80, 0x3E, 0x27, 0x21, 0x7A, 0x00, 0x00, 0x00, 0x00, 0x00, 0x00, 0x00, 0x4A, 0x16,
    0xE7, 0x70, 0x70, 0x70, 0x70, 0x70, 0x1F, 0x41, 0x47, 0x50, 0x41, 0x54, 0x43, 0x48, 0x20, 0x6D,
    0x65, 0x6E, 0x75, 0x20, 0x6D, 0x61, 0x6E, 0x61, 0x67, 0x65, 0x72, 0x20, 0x6C, 0x6F, 0x61, 0x64,
    0x65, 0x64, 0x20, 0x70, 0x61, 0x67, 0x65, 0x3D, 0x00, 0x38, 0x53, 0x19, 0x01, 0x70, 0x00, 0x00,
    0x00, 0x09, 0x00, 0xCA, 0x00, 0x00, 0x00, 0x00, 0x01, 0xCA, 0x00, 0x00, 0x00, 0x16, 0x1F, 0x20,
    0x72, 0x65, 0x73, 0x6F, 0x6C, 0x75, 0x74, 0x69, 0x6F, 0x6E, 0x3D, 0x00, 0x16, 0x38, 0x53, 0x19,
    0x01, 0x70, 0x00, 0x00, 0x00, 0x09, 0x00, 0xCC, 0x00, 0x00, 0x00, 0x00, 0x01, 0xCC, 0x00, 0x00,
    0x00, 0x16, 0x1F, 0x78, 0x00, 0x16, 0x38, 0x53, 0x19, 0x01, 0x70, 0x00, 0x00, 0x00, 0x09, 0x00,
    0xCB, 0x00, 0x00, 0x00, 0x00, 0x01, 0xCB, 0x00, 0x00, 0x00, 0x16, 0x4A, 0x16, 0x04, 0x0B, 0x53,
    0x00, 0x00, 0x00, 0x02, 0x08, 0x02, 0x00, 0xB7, 0x00, 0x00, 0x00, 0x00, 0x00, 0x00, 0x00, 0xFF,
    0xFF, 0xFF, 0xFF, 0xAB, 0x00, 0x00, 0x00, 0x00, 0x00, 0x00, 0x00, 0x72, 0x00, 0x00, 0x00, 0x00,
    0x00, 0x00, 0x00, 0x00, 0x00, 0x00, 0x00, 0x00, 0x00, 0x00, 0x00, 0x00, 0x00, 0x00, 0x00, 0x29,
    0x00, 0x00, 0x00, 0x04, 0x05, 0x00, 0x00, 0x64, 0x00, 0x00, 0x00, 0x50, 0x00, 0x00, 0x00, 0x07,
    0x19, 0x00, 0x81, 0x2D, 0x01, 0x68, 0x00, 0x00, 0x00, 0x16, 0x1B, 0xF4, 0x00, 0x00, 0x00, 0x00,
    0x00, 0x00, 0x00, 0x16, 0x07, 0x61, 0x00, 0x2D, 0x01, 0x68, 0x00, 0x00, 0x00, 0x07, 0x4A, 0x00,
    0x81, 0x2D, 0x01, 0x67, 0x00, 0x00, 0x00, 0x16, 0x14, 0x2D, 0x01, 0x67, 0x00, 0x00, 0x00, 0x1B,
    0x18, 0x00, 0x00, 0x00, 0x00, 0x00, 0x00, 0x00, 0x16, 0x07, 0x61, 0x00, 0x2D, 0x01, 0x67, 0x00,
    0x00, 0x00, 0x1B, 0xA1, 0x00, 0x00, 0x00, 0x00, 0x00, 0x00, 0x00, 0x16, 0x04, 0x0B, 0x53, 0x00,
    0x00, 0x00, 0x02, 0x00, 0x02, 0x00, 0x7A, 0x00, 0x00, 0x00, 0x00, 0x00, 0x00, 0x00, 0xFF, 0xFF,
    0xFF, 0xFF, 0xAB, 0x00, 0x00, 0x00, 0x00, 0x00, 0x00, 0x00, 0x00, 0x00, 0x00, 0x00, 0x01, 0x00,
    0x00, 0x00, 0x80, 0x05, 0x00, 0x00, 0x00, 0x00, 0x00, 0x00, 0xAB, 0x00, 0x00, 0x00, 0x00, 0x00,
    0x00, 0x00, 0x00, 0x00, 0x00, 0x00, 0xFF, 0xFF, 0xFF, 0xFF, 0xAB, 0x00, 0x00, 0x00, 0x00, 0x00,
    0x00, 0x00, 0x74, 0x00, 0x00, 0x00, 0x01, 0x00, 0x00, 0x00, 0x80, 0x00, 0x00, 0x00, 0x00, 0x00,
    0x00, 0x00, 0xAB, 0x00, 0x00, 0x00, 0x00, 0x00, 0x00, 0x00, 0x00, 0x00, 0x00, 0x00, 0xD3, 0xFF,
    0xFF, 0xFF, 0xFF, 0xFF, 0xFF, 0xFF, 0xAB, 0x00, 0x00, 0x00, 0x00, 0x00, 0x00, 0x00, 0x75, 0x00,
    0x00, 0x00, 0x01, 0x00, 0x00, 0x00, 0x80, 0x00, 0x00, 0x00, 0x00, 0x00, 0x00, 0x00, 0xAB, 0x00,
    0x00, 0x00, 0x00, 0x00, 0x00, 0x00, 0x00, 0x00, 0x00, 0x00, 0xD3, 0xFF, 0xFF, 0xFF, 0xFF, 0xFF,
    0xFF, 0xFF, 0xAB, 0x00, 0x00, 0x00, 0x00, 0x00, 0x00, 0x00, 0x73, 0x00, 0x00, 0x00, 0x00, 0x00,
    0x00, 0x00, 0x00, 0x00, 0x00, 0x00, 0x76, 0x00, 0x00, 0x00, 0x00, 0x00, 0x00, 0x00, 0x3C, 0x00,
    0x00, 0x00, 0x81, 0x06, 0x00, 0x00, 0x58, 0x01, 0x00, 0x00, 0xDC, 0x00, 0x00, 0x00, 0x07, 0x70,
    0x00, 0xB1, 0x35, 0xCC, 0xFF, 0xFF, 0xFF, 0xA0, 0xFF, 0xFF, 0xFF, 0x00, 0x00, 0x19, 0x00, 0x76,
    0x00, 0x00, 0x00, 0x09, 0x00, 0x98, 0xFF, 0xFF, 0xFF, 0x00, 0x01, 0x98, 0xFF, 0xFF, 0xFF, 0xAE,
    0x35, 0xCC, 0xFF, 0xFF, 0xFF, 0xA0, 0xFF, 0xFF, 0xFF, 0x00, 0x00, 0x19, 0x00, 0x75, 0x00, 0x00,
    0x00, 0x09, 0x00, 0x98, 0xFF, 0xFF, 0xFF, 0x00, 0x01, 0x98, 0xFF, 0xFF, 0xFF, 0x1E, 0xCD, 0xCC,
    0xCC, 0x3D, 0x16, 0x16, 0x04, 0x27, 0x07, 0x4B, 0x01, 0x82, 0xB2, 0xBA, 0xAF, 0x35, 0xCC, 0xFF,
    0xFF, 0xFF, 0xA0, 0xFF, 0xFF, 0xFF, 0x00, 0x00, 0x19, 0x00, 0x76, 0x00, 0x00, 0x00, 0x09, 0x00,
    0x98, 0xFF, 0xFF, 0xFF, 0x00, 0x01, 0x98, 0xFF, 0xFF, 0xFF, 0x35, 0xCC, 0xFF, 0xFF, 0xFF, 0xA0,
    0xFF, 0xFF, 0xFF, 0x00, 0x00, 0x19, 0x00, 0x75, 0x00, 0x00, 0x00, 0x09, 0x00, 0x98, 0xFF, 0xFF,
    0xFF, 0x00, 0x01, 0x98, 0xFF, 0xFF, 0xFF, 0x16, 0x16, 0x1E, 0xCD, 0xCC, 0xCC, 0x3D, 0x16, 0x18,
    0x65, 0x00, 0xB0, 0x35, 0xCD, 0xFF, 0xFF, 0xFF, 0xA0, 0xFF, 0xFF, 0xFF, 0x00, 0x00, 0x19, 0x00,
    0x76, 0x00, 0x00, 0x00, 0x09, 0x00, 0x98, 0xFF, 0xFF, 0xFF, 0x00, 0x01, 0x98, 0xFF, 0xFF, 0xFF,
    0x35, 0xCD, 0xFF, 0xFF, 0xFF, 0xA0, 0xFF, 0xFF, 0xFF, 0x00, 0x00, 0x19, 0x00, 0x75, 0x00, 0x00,
    0x00, 0x09, 0x00, 0x98, 0xFF, 0xFF, 0xFF, 0x00, 0x01, 0x98, 0xFF, 0xFF, 0xFF, 0x16, 0x16, 0x04,
    0x27, 0x04, 0x28, 0x04, 0x3A, 0x74, 0x00, 0x00, 0x00, 0x53, 0x00, 0x00, 0x00, 0x02, 0x00, 0x02,
    0x00, 0xBF, 0x00, 0x00, 0x00, 0x00, 0x00, 0x00, 0x00, 0xFF, 0xFF, 0xFF, 0xFF, 0xAB, 0x00, 0x00,
    0x00, 0x00, 0x00, 0x00, 0x00, 0x00, 0x00, 0x00, 0x00, 0x01, 0x00, 0x00, 0x00, 0x00, 0x00, 0x00,
    0x00, 0x00, 0x00, 0x00, 0x00, 0xAB, 0x00, 0x00, 0x00, 0x00, 0x00, 0x00, 0x00, 0x00, 0x00, 0x00,
    0x00, 0xFF, 0xFF, 0xFF, 0xFF, 0xAB, 0x00, 0x00, 0x00, 0x00, 0x00, 0x00, 0x00, 0x78, 0x00, 0x00,
    0x00, 0x01, 0x00, 0x00, 0x00, 0x00, 0x00, 0x00, 0x00, 0x00, 0x00, 0x00, 0x00, 0xAB, 0x00, 0x00,
    0x00, 0x00, 0x00, 0x00, 0x00, 0x00, 0x00, 0x00, 0x00, 0xFF, 0xFF, 0xFF, 0xFF, 0xAB, 0x00, 0x00,
    0x00, 0x00, 0x00, 0x00, 0x00, 0x79, 0x00, 0x00, 0x00, 0x01, 0x00, 0x00, 0x00, 0x00, 0x00, 0x00,
    0x00, 0x00, 0x00, 0x00, 0x00, 0xAB, 0x00, 0x00, 0x00, 0x00, 0x00, 0x00, 0x00, 0x00, 0x00, 0x00,
    0x00, 0xD3, 0xFF, 0xFF, 0xFF, 0xFF, 0xFF, 0xFF, 0xFF, 0xAB, 0x00, 0x00, 0x00, 0x00, 0x00, 0x00,
    0x00, 0x7A, 0x00, 0x00, 0x00, 0x01, 0x00, 0x00, 0x00, 0x00, 0x00, 0x00, 0x00, 0x00, 0x00, 0x00,
    0x00, 0xAB, 0x00, 0x00, 0x00, 0x00, 0x00, 0x00, 0x00, 0x00, 0x00, 0x00, 0x00, 0xD3, 0xFF, 0xFF,
    0xFF, 0xFF, 0xFF, 0xFF, 0xFF, 0xAB, 0x00, 0x00, 0x00, 0x00, 0x00, 0x00, 0x00, 0x7B, 0x00, 0x00,
    0x00, 0x01, 0x00, 0x00, 0x00, 0x80, 0x05, 0x00, 0x00, 0x00, 0x00, 0x00, 0x00, 0xAB, 0x00, 0x00,
    0x00, 0x00, 0x00, 0x00, 0x00, 0x00, 0x00, 0x00, 0x00, 0xFF, 0xFF, 0xFF, 0xFF, 0xAB, 0x00, 0x00,
    0x00, 0x00, 0x00, 0x00, 0x00, 0x77, 0x00, 0x00, 0x00, 0x00, 0x00, 0x00, 0x00, 0x00, 0x00, 0x00,
    0x00, 0x7C, 0x00, 0x00, 0x00, 0x00, 0x00, 0x00, 0x00, 0x4E, 0x00, 0x00, 0x00, 0xFE, 0x07, 0x00,
    0x00, 0xA1, 0x01, 0x00, 0x00, 0x15, 0x01, 0x00, 0x00, 0x0F, 0x36, 0x01, 0x6D, 0x00, 0x00, 0x00,
    0x25, 0x2F, 0x61, 0x39, 0x20, 0xD3, 0xFF, 0xFF, 0xFF, 0x00, 0x7B, 0x00, 0x00, 0x00, 0x4A, 0x16,
    0x7C, 0x00, 0x07, 0x7B, 0x00, 0x82, 0x72, 0x2E, 0x1F, 0x00, 0x00, 0x00, 0x00, 0x7B, 0x00, 0x00,
    0x00, 0x2A, 0x16, 0x18, 0x24, 0x00, 0x97, 0x38, 0x3A, 0x19, 0x00, 0x7B, 0x00, 0x00, 0x00, 0x09,
    0x00, 0xF6, 0xFF, 0xFF, 0xFF, 0x00, 0x01, 0xF6, 0xFF, 0xFF, 0xFF, 0x25, 0x16, 0x16, 0x55, 0x01,
    0x6D, 0x00, 0x00, 0x00, 0x0A, 0x00, 0x00, 0x7B, 0x00, 0x00, 0x00, 0x16, 0x31, 0x30, 0x07, 0x90,
    0x00, 0x9B, 0x36, 0x01, 0x6D, 0x00, 0x00, 0x00, 0x2C, 0x08, 0x16, 0x04, 0x28, 0x0F, 0x00, 0x79,
    0x00, 0x00, 0x00, 0x25, 0x07, 0x94, 0x01, 0x96, 0x00, 0x79, 0x00, 0x00, 0x00, 0x93, 0x36, 0x01,
    0x6D, 0x00, 0x00, 0x00, 0x26, 0x16, 0x16, 0x0F, 0x00, 0x78, 0x00, 0x00, 0x00, 0x92, 0x00, 0x79,
    0x00, 0x00, 0x00, 0x26, 0x16, 0x07, 0x86, 0x01, 0x96, 0x00, 0x78, 0x00, 0x00, 0x00, 0x36, 0x01,
    0x6D, 0x00, 0x00, 0x00, 0x16, 0x07, 0x78, 0x01, 0x1B, 0xBF, 0x00, 0x00, 0x00, 0x00, 0x00, 0x00,
    0x00, 0x10, 0x00, 0x78, 0x00, 0x00, 0x00, 0x01, 0x6D, 0x00, 0x00, 0x00, 0x10, 0x00, 0x79, 0x00,
    0x00, 0x00, 0x01, 0x6D, 0x00, 0x00, 0x00, 0x16, 0x0F, 0x00, 0x7A, 0x00, 0x00, 0x00, 0x10, 0x00,
    0x79, 0x00, 0x00, 0x00, 0x01, 0x6D, 0x00, 0x00, 0x00, 0x0F, 0x10, 0x00, 0x79, 0x00, 0x00, 0x00,
    0x01, 0x6D, 0x00, 0x00, 0x00, 0x10, 0x00, 0x78, 0x00, 0x00, 0x00, 0x01, 0x6D, 0x00, 0x00, 0x00,
    0x0F, 0x10, 0x00, 0x78, 0x00, 0x00, 0x00, 0x01, 0x6D, 0x00, 0x00, 0x00, 0x00, 0x7A, 0x00, 0x00,
    0x00, 0xA3, 0x00, 0x78, 0x00, 0x00, 0x00, 0x16, 0x06, 0xCC, 0x00, 0xA3, 0x00, 0x79, 0x00, 0x00,
    0x00, 0x16, 0x06, 0x9B, 0x00, 0x04, 0x27, 0x04, 0x3A, 0x7C, 0x00, 0x00, 0x00, 0x53, 0x00, 0x00,
    0x00, 0x02, 0x00, 0x02, 0x00, 0x64, 0x00, 0x00, 0x00, 0x00, 0x00, 0x00, 0x00, 0xFF, 0xFF, 0xFF,
    0xFF, 0xAB, 0x00, 0x00, 0x00, 0x00, 0x00, 0x00, 0x00, 0x00, 0x00, 0x00, 0x00, 0x01, 0x00, 0x00,
    0x00, 0x00, 0x00, 0x00, 0x00, 0x00, 0x00, 0x00, 0x00, 0xAB, 0x00, 0x00, 0x00, 0x00, 0x00, 0x00,
    0x00, 0x00, 0x00, 0x00, 0x00, 0xFF, 0xFF, 0xFF, 0xFF, 0xAB, 0x00, 0x00, 0x00, 0x00, 0x00, 0x00,
    0x00, 0x7E, 0x00, 0x00, 0x00, 0x01, 0x00, 0x00, 0x00, 0x80, 0x00, 0x00, 0x00, 0x00, 0x00, 0x00,
    0x00, 0xAB, 0x00, 0x00, 0x00, 0x00, 0x00, 0x00, 0x00, 0x00, 0x00, 0x00, 0x00, 0xFF, 0xFF, 0xFF,
    0xFF, 0xAB, 0x00, 0x00, 0x00, 0x00, 0x00, 0x00, 0x00, 0x7F, 0x00, 0x00, 0x00, 0x01, 0x00, 0x00,
    0x00, 0x80, 0x00, 0x00, 0x00, 0x00, 0x00, 0x00, 0x00, 0xAB, 0x00, 0x00, 0x00, 0x00, 0x00, 0x00,
    0x00, 0x00, 0x00, 0x00, 0x00, 0xFF, 0xFF, 0xFF, 0xFF, 0xAB, 0x00, 0x00, 0x00, 0x00, 0x00, 0x00,
    0x00, 0x7D, 0x00, 0x00, 0x00, 0x00, 0x00, 0x00, 0x00, 0x00, 0x00, 0x00, 0x00, 0x80, 0x00, 0x00,
    0x00, 0x00, 0x00, 0x00, 0x00, 0x6D, 0x00, 0x00, 0x00, 0x89, 0x0B, 0x00, 0x00, 0x4D, 0x01, 0x00,
    0x00, 0xD5, 0x00, 0x00, 0x00, 0x07, 0x22, 0x00, 0x84, 0x98, 0x00, 0x80, 0x00, 0x00, 0x00, 0x25,
    0x16, 0x18, 0x0D, 0x00, 0x98, 0x00, 0x7F, 0x00, 0x00, 0x00, 0x25, 0x16, 0x16, 0x04, 0x0B, 0x0F,
    0x00, 0x7E, 0x00, 0x00, 0x00, 0x25, 0x07, 0xBF, 0x00, 0x96, 0x00, 0x7E, 0x00, 0x00, 0x00, 0x36,
    0x01, 0x6E, 0x00, 0x00, 0x00, 0x16, 0x07, 0xB1, 0x00, 0x82, 0x9A, 0x35, 0x63, 0x00, 0x00, 0x00,
    0x64, 0x00, 0x00, 0x00, 0x00, 0x00, 0x10, 0x00, 0x7E, 0x00, 0x00, 0x00, 0x01, 0x6E, 0x00, 0x00,
    0x00, 0x00, 0x80, 0x00, 0x00, 0x00, 0x16, 0x18, 0x32, 0x00, 0x9A, 0x35, 0x62, 0x00, 0x00, 0x00,
    0x64, 0x00, 0x00, 0x00, 0x00, 0x00, 0x10, 0x00, 0x7E, 0x00, 0x00, 0x00, 0x01, 0x6E, 0x00, 0x00,
    0x00, 0x00, 0x7F, 0x00, 0x00, 0x00, 0x16, 0x16, 0x04, 0x0B, 0xA3, 0x00, 0x7E, 0x00, 0x00, 0x00,
    0x16, 0x06, 0x2D, 0x00, 0x0F, 0x00, 0x7E, 0x00, 0x00, 0x00, 0x36, 0x01, 0x6E, 0x00, 0x00, 0x00,
    0x0F, 0x36, 0x01, 0x6E, 0x00, 0x00, 0x00, 0x92, 0x00, 0x7E, 0x00, 0x00, 0x00, 0x26, 0x16, 0x0F,
    0x35, 0x63, 0x00, 0x00, 0x00, 0x64, 0x00, 0x00, 0x00, 0x00, 0x01, 0x10, 0x00, 0x7E, 0x00, 0x00,
    0x00, 0x01, 0x6E, 0x00, 0x00, 0x00, 0x00, 0x80, 0x00, 0x00, 0x00, 0x0F, 0x35, 0x62, 0x00, 0x00,
    0x00, 0x64, 0x00, 0x00, 0x00, 0x00, 0x01, 0x10, 0x00, 0x7E, 0x00, 0x00, 0x00, 0x01, 0x6E, 0x00,
    0x00, 0x00, 0x00, 0x7F, 0x00, 0x00, 0x00, 0x04, 0x0B, 0x53, 0x00, 0x00, 0x00, 0x02, 0x00, 0x02,
    0x00, 0x07, 0x00, 0x00, 0x00, 0x00, 0x00, 0x00, 0x00, 0xFF, 0xFF, 0xFF, 0xFF, 0xAB, 0x00, 0x00,
    0x00, 0x00, 0x00, 0x00, 0x00, 0x00, 0x00, 0x00, 0x00, 0x01, 0x00, 0x00, 0x00, 0x00, 0x00, 0x00,
    0x00, 0x00, 0x00, 0x00, 0x00, 0xAB, 0x00, 0x00, 0x00, 0x00, 0x00, 0x00, 0x00, 0x00, 0x00, 0x00,
    0x00, 0xFF, 0xFF, 0xFF, 0xFF, 0xAB, 0x00, 0x00, 0x00, 0x00, 0x00, 0x00, 0x00, 0x82, 0x00, 0x00,
    0x00, 0x01, 0x00, 0x00, 0x00, 0x00, 0x00, 0x00, 0x00, 0x00, 0x00, 0x00, 0x00, 0xAB, 0x00, 0x00,
    0x00, 0x00, 0x00, 0x00, 0x00, 0x00, 0x00, 0x00, 0x00, 0xFF, 0xFF, 0xFF, 0xFF, 0xAB, 0x00, 0x00,
    0x00, 0x00, 0x00, 0x00, 0x00, 0x81, 0x00, 0x00, 0x00, 0x00, 0x00, 0x00, 0x00, 0x00, 0x00, 0x00,
    0x00, 0x83, 0x00, 0x00, 0x00, 0x00, 0x00, 0x00, 0x00, 0x83, 0x00, 0x00, 0x00, 0x79, 0x0D, 0x00,
    0x00, 0xC6, 0x01, 0x00, 0x00, 0x6E, 0x01, 0x00, 0x00, 0x0F, 0x36, 0x01, 0x6E, 0x00, 0x00, 0x00,
    0x25, 0x19, 0x01, 0x71, 0x00, 0x00, 0x00, 0x0A, 0x00, 0xBA, 0x00, 0x00, 0x00, 0x00, 0x1C, 0xBB,
    0x00, 0x00, 0x00, 0x16, 0x0F, 0x00, 0x82, 0x00, 0x00, 0x00, 0x19, 0x01, 0x71, 0x00, 0x00, 0x00,
    0x0A, 0x00, 0xBC, 0x00, 0x00, 0x00, 0x00, 0x1C, 0xBD, 0x00, 0x00, 0x00, 0x16, 0x0F, 0x00, 0x83,
    0x00, 0x00, 0x00, 0x25, 0x07, 0xDE, 0x00, 0x96, 0x00, 0x83, 0x00, 0x00, 0x00, 0x00, 0x82, 0x00,
    0x00, 0x00, 0x16, 0x1B, 0x07, 0x00, 0x00, 0x00, 0x00, 0x00, 0x00, 0x00, 0x19, 0x01, 0x71, 0x00,
    0x00, 0x00, 0x13, 0x00, 0xBE, 0x00, 0x00, 0x00, 0x00, 0x1C, 0xC0, 0x00, 0x00, 0x00, 0x00, 0x83,
    0x00, 0x00, 0x00, 0x16, 0x19, 0x01, 0x71, 0x00, 0x00, 0x00, 0x13, 0x00, 0xC1, 0x00, 0x00, 0x00,
    0x00, 0x1C, 0xC3, 0x00, 0x00, 0x00, 0x00, 0x83, 0x00, 0x00, 0x00, 0x16, 0x16, 0xA3, 0x00, 0x83,
    0x00, 0x00, 0x00, 0x16, 0x06, 0x5F, 0x00, 0x07, 0x8E, 0x01, 0x9A, 0x36, 0x01, 0x6E, 0x00, 0x00,
    0x00, 0x25, 0x16, 0x1B, 0x07, 0x00, 0x00, 0x00, 0x00, 0x00, 0x00, 0x00, 0x1D, 0x00, 0x04, 0x00,
    0x00, 0x1D, 0x00, 0x03, 0x00, 0x00, 0x16, 0x1B, 0x07, 0x00, 0x00, 0x00, 0x00, 0x00, 0x00, 0x00,
    0x1D, 0x00, 0x05, 0x00, 0x00, 0x1D, 0xD0, 0x02, 0x00, 0x00, 0x16, 0x1B, 0x07, 0x00, 0x00, 0x00,
    0x00, 0x00, 0x00, 0x00, 0x1D, 0x00, 0x05, 0x00, 0x00, 0x1D, 0x00, 0x04, 0x00, 0x00, 0x16, 0x1B,
    0x07, 0x00, 0x00, 0x00, 0x00, 0x00, 0x00, 0x00, 0x1D, 0xA0, 0x05, 0x00, 0x00, 0x1D, 0x84, 0x03,
    0x00, 0x00, 0x16, 0x1B, 0x07, 0x00, 0x00, 0x00, 0x00, 0x00, 0x00, 0x00, 0x1D, 0x40, 0x06, 0x00,
    0x00, 0x1D, 0xB0, 0x04, 0x00, 0x00, 0x16, 0x1B, 0x07, 0x00, 0x00, 0x00, 0x00, 0x00, 0x00, 0x00,
    0x1D, 0x90, 0x06, 0x00, 0x00, 0x1D, 0x1A, 0x04, 0x00, 0x00, 0x16, 0x1B, 0x07, 0x00, 0x00, 0x00,
    0x00, 0x00, 0x00, 0x00, 0x1D, 0x80, 0x07, 0x00, 0x00, 0x1D, 0x38, 0x04, 0x00, 0x00, 0x16, 0x1B,
    0x07, 0x00, 0x00, 0x00, 0x00, 0x00, 0x00, 0x00, 0x1D, 0x80, 0x07, 0x00, 0x00, 0x1D, 0xB0, 0x04,
    0x00, 0x00, 0x16, 0xE7, 0x70, 0x1F, 0x41, 0x47, 0x50, 0x41, 0x54, 0x43, 0x48, 0x20, 0x64, 0x65,
    0x74, 0x65, 0x63, 0x74, 0x65, 0x64, 0x20, 0x72, 0x65, 0x73, 0x6F, 0x6C, 0x75, 0x74, 0x69, 0x6F,
    0x6E, 0x20, 0x63, 0x6F, 0x75, 0x6E, 0x74, 0x3D, 0x00, 0x38, 0x53, 0x36, 0x01, 0x6E, 0x00, 0x00,
    0x00, 0x16, 0x4A, 0x16, 0x04, 0x0B, 0x53, 0x00, 0x00, 0x00, 0x02, 0x00, 0x02, 0x00, 0x97, 0x00,
    0x00, 0x00, 0x00, 0x00, 0x00, 0x00, 0xFF, 0xFF, 0xFF, 0xFF, 0xAB, 0x00, 0x00, 0x00, 0x00, 0x00,
    0x00, 0x00, 0x00, 0x00, 0x00, 0x00, 0x01, 0x00, 0x00, 0x00, 0x00, 0x00, 0x00, 0x00, 0x00, 0x00,
    0x00, 0x00, 0xAB, 0x00, 0x00, 0x00, 0x00, 0x00, 0x00, 0x00, 0x00, 0x00, 0x00, 0x00, 0xFF, 0xFF,
    0xFF, 0xFF, 0xAB, 0x00, 0x00, 0x00, 0x00, 0x00, 0x00, 0x00, 0x85, 0x00, 0x00, 0x00, 0x01, 0x00,
    0x00, 0x00, 0x00, 0x00, 0x00, 0x00, 0x00, 0x00, 0x00, 0x00, 0xAB, 0x00, 0x00, 0x00, 0x00, 0x00,
    0x00, 0x00, 0x00, 0x00, 0x00, 0x00, 0x1F, 0x00, 0x00, 0x00, 0xFF, 0xFF, 0xFF, 0xFF, 0xAB, 0x00,
    0x00, 0x00, 0x00, 0x00, 0x00, 0x00, 0x86, 0x00, 0x00, 0x00, 0x01, 0x00, 0x00, 0x00, 0x80, 0x05,
    0x00, 0x00, 0x00, 0x00, 0x00, 0x00, 0xAB, 0x00, 0x00, 0x00, 0x00, 0x00, 0x00, 0x00, 0x00, 0x00,
    0x00, 0x00, 0x1F, 0x00, 0x00, 0x00, 0xFF, 0xFF, 0xFF, 0xFF, 0xAB, 0x00, 0x00, 0x00, 0x00, 0x00,
    0x00, 0x00, 0x87, 0x00, 0x00, 0x00, 0x01, 0x00, 0x00, 0x00, 0x80, 0x00, 0x00, 0x00, 0x00, 0x00,
    0x00, 0x00, 0xAB, 0x00, 0x00, 0x00, 0x00, 0x00, 0x00, 0x00, 0x00, 0x00, 0x00, 0x00, 0xD3, 0xFF,
    0xFF, 0xFF, 0xFF, 0xFF, 0xFF, 0xFF, 0xAB, 0x00, 0x00, 0x00, 0x00, 0x00, 0x00, 0x00, 0x84, 0x00,
    0x00, 0x00, 0x00, 0x00, 0x00, 0x00, 0x00, 0x00, 0x00, 0x00, 0x88, 0x00, 0x00, 0x00, 0x00, 0x00,
    0x00, 0x00, 0x9C, 0x00, 0x00, 0x00, 0xEF, 0x10, 0x00, 0x00, 0x95, 0x02, 0x00, 0x00, 0xAD, 0x01,
    0x00, 0x00, 0x0F, 0x00, 0x86, 0x00, 0x00, 0x00, 0x1C, 0xC4, 0xFF, 0xFF, 0xFF, 0x20, 0x1F, 0x00,
    0x00, 0x00, 0x17, 0x4A, 0x19, 0x00, 0x88, 0x00, 0x00, 0x00, 0x09, 0x00, 0x98, 0xFF, 0xFF, 0xFF,
    0x00, 0x01, 0x98, 0xFF, 0xFF, 0xFF, 0x19, 0x00, 0x88, 0x00, 0x00, 0x00, 0x09, 0x00, 0x97, 0xFF,
    0xFF, 0xFF, 0x00, 0x01, 0x97, 0xFF, 0xFF, 0xFF, 0x4A, 0x27, 0x16, 0x07, 0x80, 0x02, 0x77, 0x00,
    0x86, 0x00, 0x00, 0x00, 0x2A, 0x16, 0x07, 0x12, 0x02, 0x82, 0x77, 0x19, 0x00, 0x86, 0x00, 0x00,
    0x00, 0x09, 0x00, 0xD0, 0xFF, 0xFF, 0xFF, 0x00, 0x01, 0xD0, 0xFF, 0xFF, 0xFF, 0x2A, 0x16, 0x18,
    0x22, 0x00, 0x77, 0x19, 0x00, 0x88, 0x00, 0x00, 0x00, 0x09, 0x00, 0xD0, 0xFF, 0xFF, 0xFF, 0x00,
    0x01, 0xD0, 0xFF, 0xFF, 0xFF, 0x2A, 0x16, 0x16, 0x19, 0x19, 0x00, 0x86, 0x00, 0x00, 0x00, 0x09,
    0x00, 0xD0, 0xFF, 0xFF, 0xFF, 0x00, 0x01, 0xD0, 0xFF, 0xFF, 0xFF, 0x3E, 0x00, 0xFC, 0xFF, 0xFF,
    0xFF, 0x00, 0x1B, 0xDB, 0x00, 0x00, 0x00, 0x00, 0x00, 0x00, 0x00, 0x19, 0x19, 0x00, 0x88, 0x00,
    0x00, 0x00, 0x09, 0x00, 0xD0, 0xFF, 0xFF, 0xFF, 0x00, 0x01, 0xD0, 0xFF, 0xFF, 0xFF, 0x09, 0x00,
    0xAA, 0xFF, 0xFF, 0xFF, 0x00, 0x01, 0xAA, 0xFF, 0xFF, 0xFF, 0x4A, 0x16, 0x0F, 0x00, 0x85, 0x00,
    0x00, 0x00, 0x25, 0x07, 0xF3, 0x01, 0x96, 0x00, 0x85, 0x00, 0x00, 0x00, 0x36, 0x19, 0x19, 0x00,
    0x88, 0x00, 0x00, 0x00, 0x09, 0x00, 0xD0, 0xFF, 0xFF, 0xFF, 0x00, 0x01, 0xD0, 0xFF, 0xFF, 0xFF,
    0x09, 0x00, 0xFF, 0xFF, 0xFF, 0xFF, 0x00, 0x01, 0xFF, 0xFF, 0xFF, 0xFF, 0x16, 0x19, 0x19, 0x00,
    0x86, 0x00, 0x00, 0x00, 0x09, 0x00, 0xD0, 0xFF, 0xFF, 0xFF, 0x00, 0x01, 0xD0, 0xFF, 0xFF, 0xFF,
    0x50, 0x00, 0x00, 0x00, 0x00, 0x00, 0x00, 0x1B, 0xD6, 0x00, 0x00, 0x00, 0x00, 0x00, 0x00, 0x00,
    0x00, 0x85, 0x00, 0x00, 0x00, 0x10, 0x00, 0x85, 0x00, 0x00, 0x00, 0x19, 0x19, 0x00, 0x88, 0x00,
    0x00, 0x00, 0x09, 0x00, 0xD0, 0xFF, 0xFF, 0xFF, 0x00, 0x01, 0xD0, 0xFF, 0xFF, 0xFF, 0x09, 0x00,
    0xFF, 0xFF, 0xFF, 0xFF, 0x00, 0x01, 0xFF, 0xFF, 0xFF, 0xFF, 0x16, 0xA3, 0x00, 0x85, 0x00, 0x00,
    0x00, 0x16, 0x06, 0x29, 0x01, 0x19, 0x00, 0x86, 0x00, 0x00, 0x00, 0x0A, 0x00, 0x00, 0x00, 0x00,
    0x00, 0x00, 0x1B, 0x89, 0x00, 0x00, 0x00, 0x00, 0x00, 0x00, 0x00, 0x16, 0x19, 0x00, 0x86, 0x00,
    0x00, 0x00, 0x28, 0x00, 0x00, 0x00, 0x00, 0x00, 0x00, 0x1C, 0xC6, 0xFF, 0xFF, 0xFF, 0x19, 0x00,
    0x88, 0x00, 0x00, 0x00, 0x09, 0x00, 0x99, 0xFF, 0xFF, 0xFF, 0x00, 0x01, 0x99, 0xFF, 0xFF, 0xFF,
    0x16, 0x19, 0x00, 0x86, 0x00, 0x00, 0x00, 0x06, 0x00, 0x00, 0x00, 0x00, 0x00, 0x00, 0x61, 0x06,
    0x27, 0x27, 0x4A, 0x16, 0x55, 0x01, 0x6B, 0x00, 0x00, 0x00, 0x0A, 0x00, 0x00, 0x86, 0x00, 0x00,
    0x00, 0x16, 0x04, 0x00, 0x86, 0x00, 0x00, 0x00, 0x04, 0x3A, 0x87, 0x00, 0x00, 0x00, 0x53, 0x00,
    0x00, 0x00, 0x02, 0x00, 0x02, 0x00, 0xDD, 0x00, 0x00, 0x00, 0x00, 0x00, 0x00, 0x00, 0xFF, 0xFF,
    0xFF, 0xFF, 0xAB, 0x00, 0x00, 0x00, 0x00, 0x00, 0x00, 0x00, 0x00, 0x00, 0x00, 0x00, 0x01, 0x00,
    0x00, 0x00, 0x00, 0x00, 0x00, 0x00, 0x00, 0x00, 0x00, 0x00, 0xAB, 0x00, 0x00, 0x00, 0x00, 0x00,
    0x00, 0x00, 0x00, 0x00, 0x00, 0x00, 0xFF, 0xFF, 0xFF, 0xFF, 0xAB, 0x00, 0x00, 0x00, 0x00, 0x00,
    0x00, 0x00, 0x8A, 0x00, 0x00, 0x00, 0x01, 0x00, 0x00, 0x00, 0x00, 0x00, 0x00, 0x00, 0x00, 0x00,
    0x00, 0x00, 0xAB, 0x00, 0x00, 0x00, 0x00, 0x00, 0x00, 0x00, 0x00, 0x00, 0x00, 0x00, 0x1F, 0x00,
    0x00, 0x00, 0xFF, 0xFF, 0xFF, 0xFF, 0xAB, 0x00, 0x00, 0x00, 0x00, 0x00, 0x00, 0x00, 0x89, 0x00,
    0x00, 0x00, 0x00, 0x00, 0x00, 0x00, 0x00, 0x00, 0x00, 0x00, 0x8B, 0x00, 0x00, 0x00, 0x00, 0x00,
    0x00, 0x00, 0xB4, 0x00, 0x00, 0x00, 0x54, 0x14, 0x00, 0x00, 0x2C, 0x03, 0x00, 0x00, 0x84, 0x02,
    0x00, 0x00, 0x07, 0x11, 0x00, 0x81, 0x1B, 0x64, 0x00, 0x00, 0x00, 0x00, 0x00, 0x00, 0x00, 0x16,
    0x16, 0x04, 0x0B, 0x1B, 0x97, 0x00, 0x00, 0x00, 0x00, 0x00, 0x00, 0x00, 0x16, 0x0F, 0x00, 0x8A,
    0x00, 0x00, 0x00, 0x25, 0x07, 0xEB, 0x01, 0x96, 0x00, 0x8A, 0x00, 0x00, 0x00, 0x36, 0x01, 0x6D,
    0x00, 0x00, 0x00, 0x16, 0x19, 0x10, 0x00, 0x8A, 0x00, 0x00, 0x00, 0x01, 0x6D, 0x00, 0x00, 0x00,
    0x06, 0x00, 0x00, 0x00, 0x00, 0x00, 0x00, 0x61, 0x06, 0x28, 0x28, 0x4A, 0x16, 0x19, 0x10, 0x00,
    0x8A, 0x00, 0x00, 0x00, 0x01, 0x6D, 0x00, 0x00, 0x00, 0x0B, 0x00, 0x00, 0x00, 0x00, 0x00, 0x00,
    0x1C, 0xC5, 0xFF, 0xFF, 0xFF, 0x27, 0x16, 0x0F, 0x00, 0x8B, 0x00, 0x00, 0x00, 0x1B, 0xDD, 0x00,
    0x00, 0x00, 0x00, 0x00, 0x00, 0x00, 0x10, 0x00, 0x8A, 0x00, 0x00, 0x00, 0x01, 0x6D, 0x00, 0x00,
    0x00, 0x16, 0x07, 0x0D, 0x01, 0x72, 0x00, 0x8B, 0x00, 0x00, 0x00, 0x2A, 0x16, 0xE7, 0x70, 0x1F,
    0x41, 0x47, 0x50, 0x41, 0x54, 0x43, 0x48, 0x20, 0x66, 0x61, 0x69, 0x6C, 0x65, 0x64, 0x20, 0x74,
    0x6F, 0x20, 0x73, 0x70, 0x61, 0x77, 0x6E, 0x20, 0x72, 0x65, 0x70, 0x6C, 0x61, 0x63, 0x65, 0x6D,
    0x65, 0x6E, 0x74, 0x20, 0x72, 0x65, 0x73, 0x6F, 0x6C, 0x75, 0x74, 0x69, 0x6F, 0x6E, 0x20, 0x62,
    0x75, 0x74, 0x74, 0x6F, 0x6E, 0x20, 0x00, 0x38, 0x53, 0x00, 0x8A, 0x00, 0x00, 0x00, 0x16, 0x4A,
    0x16, 0x04, 0x0B, 0x07, 0x53, 0x01, 0x9A, 0x00, 0x8A, 0x00, 0x00, 0x00, 0x25, 0x16, 0x0F, 0x01,
    0x6A, 0x00, 0x00, 0x00, 0x00, 0x8B, 0x00, 0x00, 0x00, 0x19, 0x00, 0x8B, 0x00, 0x00, 0x00, 0x0C,
    0x00, 0x00, 0x00, 0x00, 0x00, 0x00, 0x1B, 0x42, 0x00, 0x00, 0x00, 0x00, 0x00, 0x00, 0x00, 0x17,
    0x28, 0x16, 0x06, 0xDD, 0x01, 0x07, 0xA5, 0x01, 0x9A, 0x00, 0x8A, 0x00, 0x00, 0x00, 0x93, 0x36,
    0x01, 0x6D, 0x00, 0x00, 0x00, 0x26, 0x16, 0x16, 0x0F, 0x01, 0x69, 0x00, 0x00, 0x00, 0x00, 0x8B,
    0x00, 0x00, 0x00, 0x19, 0x00, 0x8B, 0x00, 0x00, 0x00, 0x0C, 0x00, 0x00, 0x00, 0x00, 0x00, 0x00,
    0x1B, 0x42, 0x00, 0x00, 0x00, 0x00, 0x00, 0x00, 0x00, 0x17, 0x27, 0x16, 0x06, 0xDD, 0x01, 0x19,
    0x00, 0x8B, 0x00, 0x00, 0x00, 0x0D, 0x00, 0x00, 0x00, 0x00, 0x00, 0x00, 0x1B, 0x43, 0x00, 0x00,
    0x00, 0x00, 0x00, 0x00, 0x00, 0x17, 0x25, 0x25, 0x16, 0x55, 0x01, 0x6C, 0x00, 0x00, 0x00, 0x0A,
    0x00, 0x00, 0x8B, 0x00, 0x00, 0x00, 0x16, 0xA3, 0x00, 0x8A, 0x00, 0x00, 0x00, 0x16, 0x06, 0x26,
    0x00, 0x07, 0x1E, 0x02, 0x98, 0x1B, 0x74, 0x00, 0x00, 0x00, 0x00, 0x00, 0x00, 0x00, 0x16, 0x25,
    0x16, 0x0F, 0x19, 0x01, 0x70, 0x00, 0x00, 0x00, 0x09, 0x00, 0xCA, 0x00, 0x00, 0x00, 0x00, 0x01,
    0xCA, 0x00, 0x00, 0x00, 0x25, 0x06, 0x6B, 0x02, 0x0F, 0x19, 0x01, 0x70, 0x00, 0x00, 0x00, 0x09,
    0x00, 0xCA, 0x00, 0x00, 0x00, 0x00, 0x01, 0xCA, 0x00, 0x00, 0x00, 0xFB, 0x19, 0x01, 0x70, 0x00,
    0x00, 0x00, 0x09, 0x00, 0xCA, 0x00, 0x00, 0x00, 0x00, 0x01, 0xCA, 0x00, 0x00, 0x00, 0x25, 0x93,
    0x1B, 0x74, 0x00, 0x00, 0x00, 0x00, 0x00, 0x00, 0x00, 0x16, 0x26, 0x16, 0x16, 0x14, 0x2D, 0x01,
    0x68, 0x00, 0x00, 0x00, 0x27, 0x1B, 0xBC, 0x00, 0x00, 0x00, 0x00, 0x00, 0x00, 0x00, 0x16, 0xE7,
    0x70, 0x70, 0x1F, 0x41, 0x47, 0x50, 0x41, 0x54, 0x43, 0x48, 0x20, 0x6D, 0x65, 0x6E, 0x75, 0x20,
    0x69, 0x6E, 0x73, 0x74, 0x61, 0x6C, 0x6C, 0x65, 0x64, 0x20, 0x72, 0x65, 0x73, 0x6F, 0x6C, 0x75,
    0x74, 0x69, 0x6F, 0x6E, 0x2D, 0x73, 0x74, 0x6F, 0x63, 0x6B, 0x3D, 0x38, 0x20, 0x72, 0x65, 0x70,
    0x6C, 0x61, 0x63, 0x65, 0x6D, 0x65, 0x6E, 0x74, 0x73, 0x3D, 0x00, 0x38, 0x53, 0x36, 0x01, 0x6B,
    0x00, 0x00, 0x00, 0x16, 0x1F, 0x20, 0x73, 0x74, 0x6F, 0x63, 0x6B, 0x2D, 0x64, 0x69, 0x73, 0x70,
    0x6C, 0x61, 0x79, 0x2D, 0x63, 0x6F, 0x6E, 0x74, 0x72, 0x6F, 0x6C, 0x73, 0x2D, 0x70, 0x72, 0x65,
    0x73, 0x65, 0x72, 0x76, 0x65, 0x64, 0x3D, 0x54, 0x72, 0x75, 0x65, 0x20, 0x72, 0x65, 0x73, 0x6F,
    0x6C, 0x75, 0x74, 0x69, 0x6F, 0x6E, 0x2D, 0x74, 0x65, 0x78, 0x74, 0x2D, 0x73, 0x63, 0x61, 0x6C,
    0x65, 0x3D, 0x32, 0x2E, 0x30, 0x20, 0x63, 0x6F, 0x6E, 0x73, 0x69, 0x73, 0x74, 0x65, 0x6E, 0x74,
    0x2D, 0x72, 0x65, 0x66, 0x65, 0x72, 0x65, 0x6E, 0x63, 0x65, 0x3D, 0x54, 0x72, 0x75, 0x65, 0x00,
    0x16, 0x4A, 0x16, 0x04, 0x0B, 0x53, 0x00, 0x00, 0x00, 0x02, 0x00, 0x02, 0x00, 0xF4, 0x00, 0x00,
    0x00, 0x00, 0x00, 0x00, 0x00, 0xFF, 0xFF, 0xFF, 0xFF, 0xAB, 0x00, 0x00, 0x00, 0x00, 0x00, 0x00,
    0x00, 0x00, 0x00, 0x00, 0x00, 0x01, 0x00, 0x00, 0x00, 0x80, 0x05, 0x00, 0x00, 0x00, 0x00, 0x00,
    0x00, 0xAB, 0x00, 0x00, 0x00, 0x00, 0x00, 0x00, 0x00, 0x00, 0x00, 0x00, 0x00, 0xFF, 0xFF, 0xFF,
    0xFF, 0xAB, 0x00, 0x00, 0x00, 0x00, 0x00, 0x00, 0x00, 0x8C, 0x00, 0x00, 0x00, 0x00, 0x00, 0x00,
    0x00, 0x00, 0x00, 0x00, 0x00, 0x8D, 0x00, 0x00, 0x00, 0x00, 0x00, 0x00, 0x00, 0xE4, 0x00, 0x00,
    0x00, 0x74, 0x19, 0x00, 0x00, 0x1E, 0x00, 0x00, 0x00, 0x16, 0x00, 0x00, 0x00, 0x04, 0x91, 0x92,
    0x36, 0x01, 0x6E, 0x00, 0x00, 0x00, 0x2C, 0x05, 0x16, 0x2C, 0x06, 0x16, 0x04, 0x3A, 0x8D, 0x00,
    0x00, 0x00, 0x53, 0x00, 0x00, 0x00, 0x02, 0x00, 0x02, 0x00, 0x74, 0x00, 0x00, 0x00, 0x00, 0x00,
    0x00, 0x00, 0xFF, 0xFF, 0xFF, 0xFF, 0xAB, 0x00, 0x00, 0x00, 0x00, 0x00, 0x00, 0x00, 0x00, 0x00,
    0x00, 0x00, 0x01, 0x00, 0x00, 0x00, 0x00, 0x00, 0x00, 0x00, 0x00, 0x00, 0x00, 0x00, 0xAB, 0x00,
    0x00, 0x00, 0x00, 0x00, 0x00, 0x00, 0x00, 0x00, 0x00, 0x00, 0xFF, 0xFF, 0xFF, 0xFF, 0xAB, 0x00,
    0x00, 0x00, 0x00, 0x00, 0x00, 0x00, 0x8F, 0x00, 0x00, 0x00, 0x01, 0x00, 0x00, 0x00, 0x00, 0x00,
    0x00, 0x00, 0x00, 0x00, 0x00, 0x00, 0xAB, 0x00, 0x00, 0x00, 0x00, 0x00, 0x00, 0x00, 0x00, 0x00,
    0x00, 0x00, 0xFF, 0xFF, 0xFF, 0xFF, 0xAB, 0x00, 0x00, 0x00, 0x00, 0x00, 0x00, 0x00, 0x8E, 0x00,
    0x00, 0x00, 0x00, 0x00, 0x00, 0x00, 0x00, 0x00, 0x00, 0x00, 0x90, 0x00, 0x00, 0x00, 0x00, 0x00,
    0x00, 0x00, 0xEB, 0x00, 0x00, 0x00, 0xFD, 0x19, 0x00, 0x00, 0x2C, 0x01, 0x00, 0x00, 0xC8, 0x00,
    0x00, 0x00, 0x07, 0x12, 0x00, 0x9A, 0x36, 0x01, 0x6E, 0x00, 0x00, 0x00, 0x25, 0x16, 0x04, 0x0B,
    0x0F, 0x00, 0x90, 0x00, 0x00, 0x00, 0x25, 0x07, 0x1F, 0x01, 0x96, 0x00, 0x90, 0x00, 0x00, 0x00,
    0x36, 0x01, 0x6C, 0x00, 0x00, 0x00, 0x16, 0x0F, 0x00, 0x8F, 0x00, 0x00, 0x00, 0x92, 0x90, 0x19,
    0x01, 0x70, 0x00, 0x00, 0x00, 0x09, 0x00, 0xCA, 0x00, 0x00, 0x00, 0x00, 0x01, 0xCA, 0x00, 0x00,
    0x00, 0x2C, 0x06, 0x16, 0x00, 0x90, 0x00, 0x00, 0x00, 0x16, 0x07, 0x9C, 0x00, 0x99, 0x00, 0x8F,
    0x00, 0x00, 0x00, 0x36, 0x01, 0x6E, 0x00, 0x00, 0x00, 0x16, 0xA2, 0x00, 0x8F, 0x00, 0x00, 0x00,
    0x36, 0x01, 0x6E, 0x00, 0x00, 0x00, 0x16, 0x06, 0x6C, 0x00, 0x19, 0x10, 0x00, 0x90, 0x00, 0x00,
    0x00, 0x01, 0x6C, 0x00, 0x00, 0x00, 0x56, 0x00, 0x00, 0x00, 0x00, 0x00, 0x00, 0x1B, 0xD8, 0x00,
    0x00, 0x00, 0x00, 0x00, 0x00, 0x00, 0x35, 0x63, 0x00, 0x00, 0x00, 0x64, 0x00, 0x00, 0x00, 0x00,
    0x00, 0x10, 0x00, 0x8F, 0x00, 0x00, 0x00, 0x01, 0x6E, 0x00, 0x00, 0x00, 0x35, 0x62, 0x00, 0x00,
    0x00, 0x64, 0x00, 0x00, 0x00, 0x00, 0x00, 0x10, 0x00, 0x8F, 0x00, 0x00, 0x00, 0x01, 0x6E, 0x00,
    0x00, 0x00, 0x16, 0xA3, 0x00, 0x90, 0x00, 0x00, 0x00, 0x16, 0x06, 0x1D, 0x00, 0x1B, 0xBB, 0x00,
    0x00, 0x00, 0x00, 0x00, 0x00, 0x00, 0x16, 0x04, 0x0B, 0x53, 0x00, 0x00, 0x00, 0x02, 0x00, 0x02,
    0x00, 0xBC, 0x00, 0x00, 0x00, 0x00, 0x00, 0x00, 0x00, 0xFF, 0xFF, 0xFF, 0xFF, 0xAB, 0x00, 0x00,
    0x00, 0x00, 0x00, 0x00, 0x00, 0x00, 0x00, 0x00, 0x00, 0x01, 0x00, 0x00, 0x00, 0x00, 0x00, 0x00,
    0x00, 0x00, 0x00, 0x00, 0x00, 0xAB, 0x00, 0x00, 0x00, 0x00, 0x00, 0x00, 0x00, 0x00, 0x00, 0x00,
    0x00, 0xFF, 0xFF, 0xFF, 0xFF, 0xAB, 0x00, 0x00, 0x00, 0x00, 0x00, 0x00, 0x00, 0x92, 0x00, 0x00,
    0x00, 0x01, 0x00, 0x00, 0x00, 0x80, 0x00, 0x00, 0x00, 0x00, 0x00, 0x00, 0x00, 0xAB, 0x00, 0x00,
    0x00, 0x00, 0x00, 0x00, 0x00, 0x00, 0x00, 0x00, 0x00, 0xFF, 0xFF, 0xFF, 0xFF, 0xAB, 0x00, 0x00,
    0x00, 0x00, 0x00, 0x00, 0x00, 0x91, 0x00, 0x00, 0x00, 0x00, 0x00, 0x00, 0x00, 0x00, 0x00, 0x00,
    0x00, 0x93, 0x00, 0x00, 0x00, 0x00, 0x00, 0x00, 0x00, 0xFE, 0x00, 0x00, 0x00, 0x32, 0x1C, 0x00,
    0x00, 0x03, 0x01, 0x00, 0x00, 0xB3, 0x00, 0x00, 0x00, 0x0F, 0x00, 0x92, 0x00, 0x00, 0x00, 0x1B,
    0x74, 0x00, 0x00, 0x00, 0x00, 0x00, 0x00, 0x00, 0x16, 0x07, 0x25, 0x00, 0x98, 0x00, 0x92, 0x00,
    0x00, 0x00, 0x26, 0x16, 0x04, 0x0B, 0xA1, 0x19, 0x01, 0x70, 0x00, 0x00, 0x00, 0x09, 0x00, 0xCA,
    0x00, 0x00, 0x00, 0x00, 0x01, 0xCA, 0x00, 0x00, 0x00, 0x00, 0x93, 0x00, 0x00, 0x00, 0x16, 0x07,
    0xA0, 0x00, 0x96, 0x19, 0x01, 0x70, 0x00, 0x00, 0x00, 0x09, 0x00, 0xCA, 0x00, 0x00, 0x00, 0x00,
    0x01, 0xCA, 0x00, 0x00, 0x00, 0x25, 0x16, 0x0F, 0x19, 0x01, 0x70, 0x00, 0x00, 0x00, 0x09, 0x00,
    0xCA, 0x00, 0x00, 0x00, 0x00, 0x01, 0xCA, 0x00, 0x00, 0x00, 0x93, 0x00, 0x92, 0x00, 0x00, 0x00,
    0x26, 0x16, 0x06, 0xEC, 0x00, 0x07, 0xEC, 0x00, 0x99, 0x19, 0x01, 0x70, 0x00, 0x00, 0x00, 0x09,
    0x00, 0xCA, 0x00, 0x00, 0x00, 0x00, 0x01, 0xCA, 0x00, 0x00, 0x00, 0x00, 0x92, 0x00, 0x00, 0x00,
    0x16, 0x0F, 0x19, 0x01, 0x70, 0x00, 0x00, 0x00, 0x09, 0x00, 0xCA, 0x00, 0x00, 0x00, 0x00, 0x01,
    0xCA, 0x00, 0x00, 0x00, 0x25, 0x1B, 0xCC, 0x00, 0x00, 0x00, 0x00, 0x00, 0x00, 0x00, 0x16, 0x1B,
    0xBC, 0x00, 0x00, 0x00, 0x00, 0x00, 0x00, 0x00, 0x16, 0x04, 0x0B, 0x53, 0x00, 0x00, 0x00, 0x02,
    0x00, 0x02, 0x00, 0x3A, 0x00, 0x00, 0x00, 0x00, 0x00, 0x00, 0x00, 0xFF, 0xFF, 0xFF, 0xFF, 0xAB,
    0x00, 0x00, 0x00, 0x00, 0x00, 0x00, 0x00, 0x00, 0x00, 0x00, 0x00, 0x01, 0x00, 0x00, 0x00, 0x80,
    0x05, 0x00, 0x00, 0x00, 0x00, 0x00, 0x00, 0xAB, 0x00, 0x00, 0x00, 0x00, 0x00, 0x00, 0x00, 0x00,
    0x00, 0x00, 0x00, 0xD2, 0xFF, 0xFF, 0xFF, 0xFF, 0xFF, 0xFF, 0xFF, 0xAB, 0x00, 0x00, 0x00, 0x00,
    0x00, 0x00, 0x00, 0x94, 0x00, 0x00, 0x00, 0x00, 0x00, 0x00, 0x00, 0x00, 0x00, 0x00, 0x00, 0x95,
    0x00, 0x00, 0x00, 0x00, 0x00, 0x00, 0x00, 0x12, 0x01, 0x00, 0x00, 0xFF, 0x1D, 0x00, 0x00, 0xBA,
    0x00, 0x00, 0x00, 0x7A, 0x00, 0x00, 0x00, 0x07, 0x72, 0x00, 0x84, 0x84, 0x72, 0x01, 0x6F, 0x00,
    0x00, 0x00, 0x2A, 0x16, 0x18, 0x22, 0x00, 0x72, 0x19, 0x01, 0x6F, 0x00, 0x00, 0x00, 0x09, 0x00,
    0xA8, 0xFF, 0xFF, 0xFF, 0x00, 0x01, 0xA8, 0xFF, 0xFF, 0xFF, 0x2A, 0x16, 0x16, 0x18, 0x37, 0x00,
    0x72, 0x19, 0x19, 0x01, 0x6F, 0x00, 0x00, 0x00, 0x09, 0x00, 0xA8, 0xFF, 0xFF, 0xFF, 0x00, 0x01,
    0xA8, 0xFF, 0xFF, 0xFF, 0x09, 0x00, 0xAC, 0xFF, 0xFF, 0xFF, 0x00, 0x01, 0xAC, 0xFF, 0xFF, 0xFF,
    0x2A, 0x16, 0x16, 0x04, 0x2A, 0x04, 0x2E, 0xD2, 0xFF, 0xFF, 0xFF, 0x19, 0x19, 0x01, 0x6F, 0x00,
    0x00, 0x00, 0x09, 0x00, 0xA8, 0xFF, 0xFF, 0xFF, 0x00, 0x01, 0xA8, 0xFF, 0xFF, 0xFF, 0x09, 0x00,
    0xAC, 0xFF, 0xFF, 0xFF, 0x00, 0x01, 0xAC, 0xFF, 0xFF, 0xFF, 0x04, 0x3A, 0x95, 0x00, 0x00, 0x00,
    0x53, 0x00, 0x00, 0x00, 0x02, 0x00, 0x02, 0x00, 0x72, 0x00, 0x00, 0x00, 0x00, 0x00, 0x00, 0x00,
    0xFF, 0xFF, 0xFF, 0xFF, 0xAB, 0x00, 0x00, 0x00, 0x00, 0x00, 0x00, 0x00, 0x00, 0x00, 0x00, 0x00,
    0x01, 0x00, 0x00, 0x00, 0x00, 0x00, 0x00, 0x00, 0x00, 0x00, 0x00, 0x00, 0xAB, 0x00, 0x00, 0x00,
    0x00, 0x00, 0x00, 0x00, 0x00, 0x00, 0x00, 0x00, 0xFF, 0xFF, 0xFF, 0xFF, 0xAB, 0x00, 0x00, 0x00,
    0x00, 0x00, 0x00, 0x00, 0x97, 0x00, 0x00, 0x00, 0x01, 0x00, 0x00, 0x00, 0x00, 0x00, 0x00, 0x00,
    0x00, 0x00, 0x00, 0x00, 0xAB, 0x00, 0x00, 0x00, 0x00, 0x00, 0x00, 0x00, 0x00, 0x00, 0x00, 0x00,
    0xFF, 0xFF, 0xFF, 0xFF, 0xAB, 0x00, 0x00, 0x00, 0x00, 0x00, 0x00, 0x00, 0x98, 0x00, 0x00, 0x00,
    0x01, 0x00, 0x00, 0x00, 0x00, 0x00, 0x00, 0x00, 0x00, 0x00, 0x00, 0x00, 0xAB, 0x00, 0x00, 0x00,
    0x00, 0x00, 0x00, 0x00, 0x00, 0x00, 0x00, 0x00, 0xFF, 0xFF, 0xFF, 0xFF, 0xAB, 0x00, 0x00, 0x00,
    0x00, 0x00, 0x00, 0x00, 0x99, 0x00, 0x00, 0x00, 0x01, 0x00, 0x00, 0x00, 0x00, 0x00, 0x00, 0x00,
    0x00, 0x00, 0x00, 0x00, 0xAB, 0x00, 0x00, 0x00, 0x00, 0x00, 0x00, 0x00, 0x00, 0x00, 0x00, 0x00,
    0x9F, 0xFF, 0xFF, 0xFF, 0xFF, 0xFF, 0xFF, 0xFF, 0xAB, 0x00, 0x00, 0x00, 0x00, 0x00, 0x00, 0x00,
    0x9A, 0x00, 0x00, 0x00, 0x01, 0x00, 0x00, 0x00, 0x00, 0x00, 0x00, 0x00, 0x00, 0x00, 0x00, 0x00,
    0xAB, 0x00, 0x00, 0x00, 0x00, 0x00, 0x00, 0x00, 0x00, 0x00, 0x00, 0x00, 0xD2, 0xFF, 0xFF, 0xFF,
    0xFF, 0xFF, 0xFF, 0xFF, 0xAB, 0x00, 0x00, 0x00, 0x00, 0x00, 0x00, 0x00, 0x9B, 0x00, 0x00, 0x00,
    0x01, 0x00, 0x00, 0x00, 0x80, 0x05, 0x00, 0x00, 0x00, 0x00, 0x00, 0x00, 0xAB, 0x00, 0x00, 0x00,
    0x00, 0x00, 0x00, 0x00, 0x00, 0x00, 0x00, 0x00, 0xFF, 0xFF, 0xFF, 0xFF, 0xAB, 0x00, 0x00, 0x00,
    0x00, 0x00, 0x00, 0x00, 0x96, 0x00, 0x00, 0x00, 0x00, 0x00, 0x00, 0x00, 0x00, 0x00, 0x00, 0x00,
    0x9C, 0x00, 0x00, 0x00, 0x00, 0x00, 0x00, 0x00, 0x20, 0x01, 0x00, 0x00, 0x90, 0x1F, 0x00, 0x00,
    0xDA, 0x03, 0x00, 0x00, 0xB6, 0x02, 0x00, 0x00, 0x0F, 0x00, 0x9B, 0x00, 0x00, 0x00, 0x1B, 0x72,
    0x00, 0x00, 0x00, 0x00, 0x00, 0x00, 0x00, 0x16, 0x07, 0x4B, 0x00, 0x84, 0x72, 0x00, 0x9B, 0x00,
    0x00, 0x00, 0x2A, 0x16, 0x18, 0x22, 0x00, 0x81, 0x19, 0x00, 0x9B, 0x00, 0x00, 0x00, 0x0A, 0x00,
    0xFB, 0xFF, 0xFF, 0xFF, 0x00, 0x2D, 0x01, 0xFB, 0xFF, 0xFF, 0xFF, 0x16, 0x16, 0x04, 0x28, 0x19,
    0x19, 0x2E, 0xDE, 0xFF, 0xFF, 0xFF, 0x19, 0x00, 0x9B, 0x00, 0x00, 0x00, 0x09, 0x00, 0xAB, 0xFF,
    0xFF, 0xFF, 0x00, 0x01, 0xAB, 0xFF, 0xFF, 0xFF, 0x09, 0x00, 0xAD, 0xFF, 0xFF, 0xFF, 0x00, 0x01,
    0xAD, 0xFF, 0xFF, 0xFF, 0x13, 0x00, 0x00, 0x00, 0x00, 0x00, 0x00, 0x1C, 0xBD, 0xFF, 0xFF, 0xFF,
    0x00, 0x9A, 0x00, 0x00, 0x00, 0x16, 0x07, 0x1B, 0x03, 0x84, 0x98, 0x19, 0x01, 0x70, 0x00, 0x00,
    0x00, 0x09, 0x00, 0xCC, 0x00, 0x00, 0x00, 0x00, 0x01, 0xCC, 0x00, 0x00, 0x00, 0x25, 0x16, 0x18,
    0x22, 0x00, 0x98, 0x19, 0x01, 0x70, 0x00, 0x00, 0x00, 0x09, 0x00, 0xCB, 0x00, 0x00, 0x00, 0x00,
    0x01, 0xCB, 0x00, 0x00, 0x00, 0x25, 0x16, 0x16, 0x0F, 0x00, 0x99, 0x00, 0x00, 0x00, 0x19, 0x01,
    0x71, 0x00, 0x00, 0x00, 0x0A, 0x00, 0xC4, 0x00, 0x00, 0x00, 0x00, 0x1C, 0xC5, 0x00, 0x00, 0x00,
    0x16, 0x0F, 0x00, 0x98, 0x00, 0x00, 0x00, 0x19, 0x01, 0x71, 0x00, 0x00, 0x00, 0x0A, 0x00, 0xC6,
    0x00, 0x00, 0x00, 0x00, 0x1C, 0xC7, 0x00, 0x00, 0x00, 0x16, 0x07, 0x1D, 0x02, 0x82, 0x97, 0x00,
    0x99, 0x00, 0x00, 0x00, 0x25, 0x16, 0x18, 0x0D, 0x00, 0x97, 0x00, 0x98, 0x00, 0x00, 0x00, 0x25,
    0x16, 0x16, 0x0F, 0x19, 0x01, 0x70, 0x00, 0x00, 0x00, 0x09, 0x00, 0xCC, 0x00, 0x00, 0x00, 0x00,
    0x01, 0xCC, 0x00, 0x00, 0x00, 0x00, 0x99, 0x00, 0x00, 0x00, 0x0F, 0x19, 0x01, 0x70, 0x00, 0x00,
    0x00, 0x09, 0x00, 0xCB, 0x00, 0x00, 0x00, 0x00, 0x01, 0xCB, 0x00, 0x00, 0x00, 0x00, 0x98, 0x00,
    0x00, 0x00, 0x14, 0x2D, 0x01, 0x66, 0x00, 0x00, 0x00, 0x27, 0xE7, 0x70, 0x70, 0x70, 0x1F, 0x41,
    0x47, 0x50, 0x41, 0x54, 0x43, 0x48, 0x20, 0x64, 0x65, 0x66, 0x61, 0x75, 0x6C, 0x74, 0x65, 0x64,
    0x20, 0x75, 0x6E, 0x73, 0x61, 0x76, 0x65, 0x64, 0x20, 0x72, 0x65, 0x73, 0x6F, 0x6C, 0x75, 0x74,
    0x69, 0x6F, 0x6E, 0x20, 0x74, 0x6F, 0x20, 0x63, 0x75, 0x72, 0x72, 0x65, 0x6E, 0x74, 0x20, 0x64,
    0x65, 0x73, 0x6B, 0x74, 0x6F, 0x70, 0x3D, 0x00, 0x38, 0x53, 0x00, 0x99, 0x00, 0x00, 0x00, 0x16,
    0x1F, 0x78, 0x00, 0x16, 0x38, 0x53, 0x00, 0x98, 0x00, 0x00, 0x00, 0x16, 0x4A, 0x16, 0x06, 0x1B,
    0x03, 0x0F, 0x19, 0x01, 0x70, 0x00, 0x00, 0x00, 0x09, 0x00, 0xCC, 0x00, 0x00, 0x00, 0x00, 0x01,
    0xCC, 0x00, 0x00, 0x00, 0x38, 0x44, 0x35, 0xCB, 0xFF, 0xFF, 0xFF, 0x9F, 0xFF, 0xFF, 0xFF, 0x00,
    0x00, 0x00, 0x9A, 0x00, 0x00, 0x00, 0x0F, 0x19, 0x01, 0x70, 0x00, 0x00, 0x00, 0x09, 0x00, 0xCB,
    0x00, 0x00, 0x00, 0x00, 0x01, 0xCB, 0x00, 0x00, 0x00, 0x38, 0x44, 0x35, 0xCA, 0xFF, 0xFF, 0xFF,
    0x9F, 0xFF, 0xFF, 0xFF, 0x00, 0x00, 0x00, 0x9A, 0x00, 0x00, 0x00, 0xE7, 0x70, 0x70, 0x70, 0x1F,
    0x41, 0x47, 0x50, 0x41, 0x54, 0x43, 0x48, 0x20, 0x64, 0x65, 0x73, 0x6B, 0x74, 0x6F, 0x70, 0x20,
    0x6C, 0x6F, 0x6F, 0x6B, 0x75, 0x70, 0x20, 0x75, 0x6E, 0x61, 0x76, 0x61, 0x69, 0x6C, 0x61, 0x62,
    0x6C, 0x65, 0x3B, 0x20, 0x72, 0x65, 0x74, 0x61, 0x69, 0x6E, 0x65, 0x64, 0x20, 0x76, 0x69, 0x65,
    0x77, 0x70, 0x6F, 0x72, 0x74, 0x3D, 0x00, 0x38, 0x53, 0x38, 0x44, 0x35, 0xCB, 0xFF, 0xFF, 0xFF,
    0x9F, 0xFF, 0xFF, 0xFF, 0x00, 0x00, 0x00, 0x9A, 0x00, 0x00, 0x00, 0x16, 0x1F, 0x78, 0x00, 0x16,
    0x38, 0x53, 0x38, 0x44, 0x35, 0xCA, 0xFF, 0xFF, 0xFF, 0x9F, 0xFF, 0xFF, 0xFF, 0x00, 0x00, 0x00,
    0x9A, 0x00, 0x00, 0x00, 0x16, 0x4A, 0x16, 0x0F, 0x00, 0x97, 0x00, 0x00, 0x00, 0x1B, 0x63, 0x00,
    0x00, 0x00, 0x00, 0x00, 0x00, 0x00, 0x19, 0x01, 0x70, 0x00, 0x00, 0x00, 0x09, 0x00, 0xCC, 0x00,
    0x00, 0x00, 0x00, 0x01, 0xCC, 0x00, 0x00, 0x00, 0x19, 0x01, 0x70, 0x00, 0x00, 0x00, 0x09, 0x00,
    0xCB, 0x00, 0x00, 0x00, 0x00, 0x01, 0xCB, 0x00, 0x00, 0x00, 0x16, 0x07, 0xB0, 0x03, 0x99, 0x00,
    0x97, 0x00, 0x00, 0x00, 0x25, 0x16, 0x0F, 0x19, 0x01, 0x70, 0x00, 0x00, 0x00, 0x09, 0x00, 0xCA,
    0x00, 0x00, 0x00, 0x00, 0x01, 0xCA, 0x00, 0x00, 0x00, 0x91, 0x00, 0x97, 0x00, 0x00, 0x00, 0x2C,
    0x06, 0x16, 0x1B, 0xBC, 0x00, 0x00, 0x00, 0x00, 0x00, 0x00, 0x00, 0x16, 0x1B, 0xCC, 0x00, 0x00,
    0x00, 0x00, 0x00, 0x00, 0x00, 0x16, 0x1B, 0x17, 0x00, 0x00, 0x00, 0x00, 0x00, 0x00, 0x00, 0x00,
    0x9B, 0x00, 0x00, 0x00, 0x16, 0x04, 0x27, 0x04, 0x3A, 0x9C, 0x00, 0x00, 0x00, 0x53, 0x00, 0x00,
    0x00, 0x02, 0x00, 0x82, 0x00, 0x18, 0x00, 0x00, 0x00, 0x00, 0x00, 0x00, 0x00, 0xFF, 0xFF, 0xFF,
    0xFF, 0xAB, 0x00, 0x00, 0x00, 0x00, 0x00, 0x00, 0x00, 0x00, 0x00, 0x00, 0x00, 0x01, 0x00, 0x00,
    0x00, 0x00, 0x00, 0x00, 0x00, 0x00, 0x00, 0x00, 0x00, 0xAB, 0x00, 0x00, 0x00, 0x00, 0x00, 0x00,
    0x00, 0x00, 0x00, 0x00, 0x00, 0xFF, 0xFF, 0xFF, 0xFF, 0xAB, 0x00, 0x00, 0x00, 0x00, 0x00, 0x00,
    0x00, 0x9E, 0x00, 0x00, 0x00, 0x01, 0x00, 0x00, 0x00, 0x00, 0x00, 0x40, 0x00, 0x00, 0x00, 0x00,
    0x00, 0xAB, 0x00, 0x00, 0x00, 0x00, 0x00, 0x00, 0x00, 0x00, 0x00, 0x00, 0x00, 0xFF, 0xFF, 0xFF,
    0xFF, 0xAB, 0x00, 0x00, 0x00, 0x00, 0x00, 0x00, 0x00, 0x9F, 0x00, 0x00, 0x00, 0x01, 0x00, 0x00,
    0x00, 0x90, 0x00, 0x00, 0x00, 0x00, 0x00, 0x00, 0x00, 0xAB, 0x00, 0x00, 0x00, 0x00, 0x00, 0x00,
    0x00, 0x00, 0x00, 0x00, 0x00, 0xD2, 0xFF, 0xFF, 0xFF, 0xFF, 0xFF, 0xFF, 0xFF, 0xAB, 0x00, 0x00,
    0x00, 0x00, 0x00, 0x00, 0x00, 0x9D, 0x00, 0x00, 0x00, 0x00, 0x00, 0x00, 0x00, 0x00, 0x00, 0x00,
    0x00, 0xA0, 0x00, 0x00, 0x00, 0x00, 0x00, 0x00, 0x00, 0x47, 0x01, 0x00, 0x00, 0x3C, 0x25, 0x00,
    0x00, 0x97, 0x02, 0x00, 0x00, 0xD7, 0x01, 0x00, 0x00, 0x0B, 0x07, 0x24, 0x00, 0x72, 0x00, 0xA0,
    0x00, 0x00, 0x00, 0x2A, 0x16, 0x0F, 0x00, 0xA0, 0x00, 0x00, 0x00, 0x1B, 0x72, 0x00, 0x00, 0x00,
    0x00, 0x00, 0x00, 0x00, 0x16, 0x07, 0xA7, 0x00, 0x84, 0x84, 0x84, 0x72, 0x00, 0xA0, 0x00, 0x00,
    0x00, 0x2A, 0x16, 0x18, 0x22, 0x00, 0x81, 0x19, 0x00, 0xA0, 0x00, 0x00, 0x00, 0x0A, 0x00, 0xFB,
    0xFF, 0xFF, 0xFF, 0x00, 0x2D, 0x01, 0xFB, 0xFF, 0xFF, 0xFF, 0x16, 0x16, 0x18, 0x22, 0x00, 0x98,
    0x19, 0x01, 0x70, 0x00, 0x00, 0x00, 0x09, 0x00, 0xCC, 0x00, 0x00, 0x00, 0x00, 0x01, 0xCC, 0x00,
    0x00, 0x00, 0x25, 0x16, 0x16, 0x18, 0x22, 0x00, 0x98, 0x19, 0x01, 0x70, 0x00, 0x00, 0x00, 0x09,
    0x00, 0xCB, 0x00, 0x00, 0x00, 0x00, 0x01, 0xCB, 0x00, 0x00, 0x00, 0x25, 0x16, 0x16, 0x04, 0x0B,
    0x0F, 0x01, 0x65, 0x00, 0x00, 0x00, 0xAE, 0x19, 0x01, 0xB1, 0xFF, 0xFF, 0xFF, 0x09, 0x00, 0xC9,
    0xFF, 0xFF, 0xFF, 0x00, 0x01, 0xC9, 0xFF, 0xFF, 0xFF, 0x1E, 0x00, 0x00, 0x80, 0x40, 0x16, 0x14,
    0x2D, 0x00, 0x9E, 0x00, 0x00, 0x00, 0x82, 0x77, 0x2E, 0xDE, 0xFF, 0xFF, 0xFF, 0x19, 0x00, 0xA0,
    0x00, 0x00, 0x00, 0x09, 0x00, 0xAB, 0xFF, 0xFF, 0xFF, 0x00, 0x01, 0xAB, 0xFF, 0xFF, 0xFF, 0x2A,
    0x16, 0x18, 0x53, 0x00, 0x19, 0x19, 0x2E, 0xDE, 0xFF, 0xFF, 0xFF, 0x19, 0x00, 0xA0, 0x00, 0x00,
    0x00, 0x09, 0x00, 0xAB, 0xFF, 0xFF, 0xFF, 0x00, 0x01, 0xAB, 0xFF, 0xFF, 0xFF, 0x09, 0x00, 0xAD,
    0xFF, 0xFF, 0xFF, 0x00, 0x01, 0xAD, 0xFF, 0xFF, 0xFF, 0x0A, 0x00, 0xFD, 0xFF, 0xFF, 0xFF, 0x00,
    0x1C, 0xBC, 0xFF, 0xFF, 0xFF, 0x16, 0x16, 0x0F, 0x00, 0x9F, 0x00, 0x00, 0x00, 0x45, 0x2D, 0x00,
    0x9E, 0x00, 0x00, 0x00, 0x03, 0x00, 0x1F, 0x66, 0x00, 0x03, 0x00, 0x1F, 0x77, 0x00, 0x0E, 0x9B,
    0xFF, 0xFF, 0xFF, 0x19, 0x00, 0xA0, 0x00, 0x00, 0x00, 0x68, 0x00, 0x9B, 0xFF, 0xFF, 0xFF, 0x00,
    0x1B, 0x44, 0x00, 0x00, 0x00, 0x00, 0x00, 0x00, 0x00, 0x70, 0x70, 0x70, 0x70, 0x1F, 0x53, 0x65,
    0x74, 0x52, 0x65, 0x73, 0x20, 0x00, 0x38, 0x53, 0x19, 0x01, 0x70, 0x00, 0x00, 0x00, 0x09, 0x00,
    0xCC, 0x00, 0x00, 0x00, 0x00, 0x01, 0xCC, 0x00, 0x00, 0x00, 0x16, 0x1F, 0x78, 0x00, 0x16, 0x38,
    0x53, 0x19, 0x01, 0x70, 0x00, 0x00, 0x00, 0x09, 0x00, 0xCB, 0x00, 0x00, 0x00, 0x00, 0x01, 0xCB,
    0x00, 0x00, 0x00, 0x16, 0x00, 0x9F, 0x00, 0x00, 0x00, 0x16, 0x4A, 0x16, 0xE7, 0x70, 0x70, 0x70,
    0x70, 0x70, 0x1F, 0x41, 0x47, 0x50, 0x41, 0x54, 0x43, 0x48, 0x20, 0x61, 0x70, 0x70, 0x6C, 0x69,
    0x65, 0x64, 0x20, 0x72, 0x65, 0x73, 0x6F, 0x6C, 0x75, 0x74, 0x69, 0x6F, 0x6E, 0x3D, 0x00, 0x38,
    0x53, 0x19, 0x01, 0x70, 0x00, 0x00, 0x00, 0x09, 0x00, 0xCC, 0x00, 0x00, 0x00, 0x00, 0x01, 0xCC,
    0x00, 0x00, 0x00, 0x16, 0x1F, 0x78, 0x00, 0x16, 0x38, 0x53, 0x19, 0x01, 0x70, 0x00, 0x00, 0x00,
    0x09, 0x00, 0xCB, 0x00, 0x00, 0x00, 0x00, 0x01, 0xCB, 0x00, 0x00, 0x00, 0x16, 0x1F, 0x20, 0x73,
    0x74, 0x6F, 0x63, 0x6B, 0x2D, 0x66, 0x75, 0x6C, 0x6C, 0x73, 0x63, 0x72, 0x65, 0x65, 0x6E, 0x3D,
    0x00, 0x16, 0x38, 0x54, 0x2D, 0x00, 0x9E, 0x00, 0x00, 0x00, 0x16, 0x4A, 0x16, 0x04, 0x0B, 0x53,
    0x00, 0x00, 0x00, 0x02, 0x40, 0x02, 0x00, 0x17, 0x00, 0x00, 0x00, 0x00, 0x00, 0x00, 0x00, 0xFF,
    0xFF, 0xFF, 0xFF, 0xAB, 0x00, 0x00, 0x00, 0x00, 0x00, 0x00, 0x00, 0x00, 0x00, 0x00, 0x00, 0x01,
    0x00, 0x00, 0x00, 0x00, 0x00, 0x00, 0x00, 0x00, 0x00, 0x00, 0x00, 0xAB, 0x00, 0x00, 0x00, 0x00,
    0x00, 0x00, 0x00, 0x00, 0x00, 0x00, 0x00, 0xD2, 0xFF, 0xFF, 0xFF, 0xFF, 0xFF, 0xFF, 0xFF, 0xAB,
    0x00, 0x00, 0x00, 0x00, 0x00, 0x00, 0x00, 0xA2, 0x00, 0x00, 0x00, 0x01, 0x00, 0x00, 0x00, 0x80,
    0x00, 0x00, 0x00, 0x00, 0x00, 0x00, 0x00, 0xAB, 0x00, 0x00, 0x00, 0x00, 0x00, 0x00, 0x00, 0x00,
    0x00, 0x00, 0x00, 0xFF, 0xFF, 0xFF, 0xFF, 0xAB, 0x00, 0x00, 0x00, 0x00, 0x00, 0x00, 0x00, 0xA3,
    0x00, 0x00, 0x00, 0x01, 0x00, 0x00, 0x00, 0x80, 0x00, 0x00, 0x00, 0x00, 0x00, 0x00, 0x00, 0xAB,
    0x00, 0x00, 0x00, 0x00, 0x00, 0x00, 0x00, 0x00, 0x00, 0x00, 0x00, 0xFF, 0xFF, 0xFF, 0xFF, 0xAB,
    0x00, 0x00, 0x00, 0x00, 0x00, 0x00, 0x00, 0xA1, 0x00, 0x00, 0x00, 0x00, 0x00, 0x00, 0x00, 0x00,
    0x00, 0x00, 0x00, 0xA4, 0x00, 0x00, 0x00, 0x00, 0x00, 0x00, 0x00, 0x59, 0x01, 0x00, 0x00, 0xBE,
    0x28, 0x00, 0x00, 0xC5, 0x00, 0x00, 0x00, 0x8D, 0x00, 0x00, 0x00, 0x0F, 0x00, 0xA2, 0x00, 0x00,
    0x00, 0x1B, 0x72, 0x00, 0x00, 0x00, 0x00, 0x00, 0x00, 0x00, 0x16, 0x07, 0x4B, 0x00, 0x84, 0x72,
    0x00, 0xA2, 0x00, 0x00, 0x00, 0x2A, 0x16, 0x18, 0x22, 0x00, 0x81, 0x19, 0x00, 0xA2, 0x00, 0x00,
    0x00, 0x0A, 0x00, 0xFB, 0xFF, 0xFF, 0xFF, 0x00, 0x2D, 0x01, 0xFB, 0xFF, 0xFF, 0xFF, 0x16, 0x16,
    0x04, 0x0B, 0x0F, 0x19, 0x01, 0x70, 0x00, 0x00, 0x00, 0x09, 0x00, 0xCC, 0x00, 0x00, 0x00, 0x00,
    0x01, 0xCC, 0x00, 0x00, 0x00, 0x00, 0xA4, 0x00, 0x00, 0x00, 0x0F, 0x19, 0x01, 0x70, 0x00, 0x00,
    0x00, 0x09, 0x00, 0xCB, 0x00, 0x00, 0x00, 0x00, 0x01, 0xCB, 0x00, 0x00, 0x00, 0x00, 0xA3, 0x00,
    0x00, 0x00, 0x1B, 0xCC, 0x00, 0x00, 0x00, 0x00, 0x00, 0x00, 0x00, 0x16, 0x1B, 0xBB, 0x00, 0x00,
    0x00, 0x00, 0x00, 0x00, 0x00, 0x16, 0x1B, 0x17, 0x00, 0x00, 0x00, 0x00, 0x00, 0x00, 0x00, 0x00,
    0xA2, 0x00, 0x00, 0x00, 0x16, 0x04, 0x0B, 0x53, 0x00, 0x00, 0x00, 0x02, 0x00, 0x02, 0x00, 0xD2,
    0x00, 0x00, 0x00, 0x00, 0x00, 0x00, 0x00, 0xFF, 0xFF, 0xFF, 0xFF, 0xAB, 0x00, 0x00, 0x00, 0x00,
    0x00, 0x00, 0x00, 0x00, 0x00, 0x00, 0x00, 0x01, 0x00, 0x00, 0x00, 0x00, 0x00, 0x00, 0x00, 0x00,
    0x00, 0x00, 0x00, 0xAB, 0x00, 0x00, 0x00, 0x00, 0x00, 0x00, 0x00, 0x00, 0x00, 0x00, 0x00, 0xFF,
    0xFF, 0xFF, 0xFF, 0xAB, 0x00, 0x00, 0x00, 0x00, 0x00, 0x00, 0x00, 0xA5, 0x00, 0x00, 0x00, 0x00,
    0x00, 0x00, 0x00, 0x00, 0x00, 0x00, 0x00, 0xA6, 0x00, 0x00, 0x00, 0x00, 0x00, 0x00, 0x00, 0x68,
    0x01, 0x00, 0x00, 0x4E, 0x2A, 0x00, 0x00, 0xF2, 0x00, 0x00, 0x00, 0x9E, 0x00, 0x00, 0x00, 0x0F,
    0x00, 0xA6, 0x00, 0x00, 0x00, 0x25, 0x07, 0xEF, 0x00, 0x96, 0x00, 0xA6, 0x00, 0x00, 0x00, 0x36,
    0x01, 0x6C, 0x00, 0x00, 0x00, 0x16, 0x19, 0x10, 0x00, 0xA6, 0x00, 0x00, 0x00, 0x01, 0x6C, 0x00,
    0x00, 0x00, 0x9F, 0x00, 0x00, 0x00, 0x00, 0x00, 0x00, 0x1B, 0xDA, 0x00, 0x00, 0x00, 0x00, 0x00,
    0x00, 0x00, 0x82, 0x9A, 0x19, 0x10, 0x00, 0xA6, 0x00, 0x00, 0x00, 0x01, 0x6C, 0x00, 0x00, 0x00,
    0x09, 0x00, 0x09, 0x00, 0x00, 0x00, 0x00, 0x01, 0x09, 0x00, 0x00, 0x00, 0x19, 0x01, 0x70, 0x00,
    0x00, 0x00, 0x09, 0x00, 0xCC, 0x00, 0x00, 0x00, 0x00, 0x01, 0xCC, 0x00, 0x00, 0x00, 0x16, 0x18,
    0x49, 0x00, 0x9A, 0x19, 0x10, 0x00, 0xA6, 0x00, 0x00, 0x00, 0x01, 0x6C, 0x00, 0x00, 0x00, 0x09,
    0x00, 0x08, 0x00, 0x00, 0x00, 0x00, 0x01, 0x08, 0x00, 0x00, 0x00, 0x19, 0x01, 0x70, 0x00, 0x00,
    0x00, 0x09, 0x00, 0xCB, 0x00, 0x00, 0x00, 0x00, 0x01, 0xCB, 0x00, 0x00, 0x00, 0x16, 0x16, 0x16,
    0xA3, 0x00, 0xA6, 0x00, 0x00, 0x00, 0x16, 0x06, 0x0B, 0x00, 0x04, 0x0B, 0x53, 0x00, 0x00, 0x00,
    0x02, 0x00, 0x02, 0x00, 0xBB, 0x00, 0x00, 0x00, 0x00, 0x00, 0x00, 0x00, 0xFF, 0xFF, 0xFF, 0xFF,
    0xAB, 0x00, 0x00, 0x00, 0x00, 0x00, 0x00, 0x00, 0xA7, 0x00, 0x00, 0x00, 0x00, 0x00, 0x00, 0x00,
    0x00, 0x00, 0x00, 0x00, 0x00, 0x00, 0x00, 0x00, 0x00, 0x00, 0x00, 0x00, 0x70, 0x01, 0x00, 0x00,
    0x9D, 0x2B, 0x00, 0x00, 0x39, 0x01, 0x00, 0x00, 0xC1, 0x00, 0x00, 0x00, 0x14, 0x19, 0x01, 0x70,
    0x00, 0x00, 0x00, 0x0A, 0x00, 0xCD, 0x00, 0x00, 0x00, 0x00, 0x2D, 0x01, 0xCD, 0x00, 0x00, 0x00,
    0x27, 0x14, 0x12, 0x20, 0xCE, 0x00, 0x00, 0x00, 0x0A, 0x00, 0xCD, 0x00, 0x00, 0x00, 0x00, 0x2D,
    0x02, 0xCD, 0x00, 0x00, 0x00, 0x19, 0x01, 0x70, 0x00, 0x00, 0x00, 0x0A, 0x00, 0xCD, 0x00, 0x00,
    0x00, 0x00, 0x2D, 0x01, 0xCD, 0x00, 0x00, 0x00, 0x0F, 0x12, 0x20, 0xCE, 0x00, 0x00, 0x00, 0x09,
    0x00, 0xCC, 0x00, 0x00, 0x00, 0x00, 0x02, 0xCC, 0x00, 0x00, 0x00, 0x19, 0x01, 0x70, 0x00, 0x00,
    0x00, 0x09, 0x00, 0xCC, 0x00, 0x00, 0x00, 0x00, 0x01, 0xCC, 0x00, 0x00, 0x00, 0x0F, 0x12, 0x20,
    0xCE, 0x00, 0x00, 0x00, 0x09, 0x00, 0xCB, 0x00, 0x00, 0x00, 0x00, 0x02, 0xCB, 0x00, 0x00, 0x00,
    0x19, 0x01, 0x70, 0x00, 0x00, 0x00, 0x09, 0x00, 0xCB, 0x00, 0x00, 0x00, 0x00, 0x01, 0xCB, 0x00,
    0x00, 0x00, 0x0F, 0x12, 0x20, 0xCE, 0x00, 0x00, 0x00, 0x09, 0x00, 0xCA, 0x00, 0x00, 0x00, 0x00,
    0x02, 0xCA, 0x00, 0x00, 0x00, 0x19, 0x01, 0x70, 0x00, 0x00, 0x00, 0x09, 0x00, 0xCA, 0x00, 0x00,
    0x00, 0x00, 0x01, 0xCA, 0x00, 0x00, 0x00, 0x12, 0x20, 0xCE, 0x00, 0x00, 0x00, 0x0A, 0x00, 0x00,
    0x00, 0x00, 0x00, 0x00, 0x1C, 0xC8, 0xFF, 0xFF, 0xFF, 0x16, 0x04, 0x0B, 0x53, 0x00, 0x00, 0x00,
    0x02, 0x00, 0x02, 0x00, 0xCC, 0x00, 0x00, 0x00, 0x00, 0x00, 0x00, 0x00, 0xFF, 0xFF, 0xFF, 0xFF,
    0xAB, 0x00, 0x00, 0x00, 0x00, 0x00, 0x00, 0x00, 0x00, 0x00, 0x00, 0x00, 0x01, 0x00, 0x00, 0x00,
    0x00, 0x00, 0x00, 0x00, 0x00, 0x00, 0x00, 0x00, 0xAB, 0x00, 0x00, 0x00, 0x00, 0x00, 0x00, 0x00,
    0x00, 0x00, 0x00, 0x00, 0xFF, 0xFF, 0xFF, 0xFF, 0xAB, 0x00, 0x00, 0x00, 0x00, 0x00, 0x00, 0x00,
    0xA9, 0x00, 0x00, 0x00, 0x01, 0x00, 0x00, 0x00, 0x80, 0x05, 0x00, 0x00, 0x00, 0x00, 0x00, 0x00,
    0xAB, 0x00, 0x00, 0x00, 0x00, 0x00, 0x00, 0x00, 0x00, 0x00, 0x00, 0x00, 0xFF, 0xFF, 0xFF, 0xFF,
    0xAB, 0x00, 0x00, 0x00, 0x00, 0x00, 0x00, 0x00, 0xAA, 0x00, 0x00, 0x00, 0x01, 0x00, 0x00, 0x00,
    0x80, 0x00, 0x00, 0x00, 0x00, 0x00, 0x00, 0x00, 0xAB, 0x00, 0x00, 0x00, 0x00, 0x00, 0x00, 0x00,
    0x00, 0x00, 0x00, 0x00, 0xFF, 0xFF, 0xFF, 0xFF, 0xAB, 0x00, 0x00, 0x00, 0x00, 0x00, 0x00, 0x00,
    0xAB, 0x00, 0x00, 0x00, 0x01, 0x00, 0x00, 0x00, 0x80, 0x00, 0x00, 0x00, 0x00, 0x00, 0x00, 0x00,
    0xAB, 0x00, 0x00, 0x00, 0x00, 0x00, 0x00, 0x00, 0x00, 0x00, 0x00, 0x00, 0xFF, 0xFF, 0xFF, 0xFF,
    0xAB, 0x00, 0x00, 0x00, 0x00, 0x00, 0x00, 0x00, 0xA8, 0x00, 0x00, 0x00, 0x00, 0x00, 0x00, 0x00,
    0x00, 0x00, 0x00, 0x00, 0xAC, 0x00, 0x00, 0x00, 0x00, 0x00, 0x00, 0x00, 0x7B, 0x01, 0x00, 0x00,
    0xD7, 0x2D, 0x00, 0x00, 0xB6, 0x00, 0x00, 0x00, 0x76, 0x00, 0x00, 0x00, 0x0F, 0x00, 0xA9, 0x00,
    0x00, 0x00, 0x25, 0x07, 0xA5, 0x00, 0x96, 0x00, 0xA9, 0x00, 0x00, 0x00, 0x36, 0x01, 0x6E, 0x00,
    0x00, 0x00, 0x16, 0x07, 0x97, 0x00, 0x82, 0x9A, 0x35, 0x63, 0x00, 0x00, 0x00, 0x64, 0x00, 0x00,
    0x00, 0x00, 0x00, 0x10, 0x00, 0xA9, 0x00, 0x00, 0x00, 0x01, 0x6E, 0x00, 0x00, 0x00, 0x00, 0xAC,
    0x00, 0x00, 0x00, 0x16, 0x18, 0x32, 0x00, 0x9A, 0x35, 0x62, 0x00, 0x00, 0x00, 0x64, 0x00, 0x00,
    0x00, 0x00, 0x00, 0x10, 0x00, 0xA9, 0x00, 0x00, 0x00, 0x01, 0x6E, 0x00, 0x00, 0x00, 0x00, 0xAB,
    0x00, 0x00, 0x00, 0x16, 0x16, 0x04, 0x00, 0xA9, 0x00, 0x00, 0x00, 0xA3, 0x00, 0xA9, 0x00, 0x00,
    0x00, 0x16, 0x06, 0x0B, 0x00, 0x04, 0x1D, 0xFF, 0xFF, 0xFF, 0xFF, 0x04, 0x3A, 0xAA, 0x00, 0x00,
    0x00, 0x53, 0x00, 0x00, 0x00, 0x02, 0x00, 0x02, 0x00, 0x63, 0x00, 0x00, 0x00, 0x00, 0x00, 0x00,
    0x00, 0xFF, 0xFF, 0xFF, 0xFF, 0xAB, 0x00, 0x00, 0x00, 0x00, 0x00, 0x00, 0x00, 0x00, 0x00, 0x00,
    0x00, 0x01, 0x00, 0x00, 0x00, 0x00, 0x00, 0x00, 0x00, 0x00, 0x00, 0x00, 0x00, 0xAB, 0x00, 0x00,
    0x00, 0x00, 0x00, 0x00, 0x00, 0x00, 0x00, 0x00, 0x00, 0xFF, 0xFF, 0xFF, 0xFF, 0xAB, 0x00, 0x00,
    0x00, 0x00, 0x00, 0x00, 0x00, 0xAE, 0x00, 0x00, 0x00, 0x01, 0x00, 0x00, 0x00, 0x00, 0x00, 0x00,
    0x00, 0x00, 0x00, 0x00, 0x00, 0xAB, 0x00, 0x00, 0x00, 0x00, 0x00, 0x00, 0x00, 0x00, 0x00, 0x00,
    0x00, 0xFF, 0xFF, 0xFF, 0xFF, 0xAB, 0x00, 0x00, 0x00, 0x00, 0x00, 0x00, 0x00, 0xAF, 0x00, 0x00,
    0x00, 0x01, 0x00, 0x00, 0x00, 0x00, 0x00, 0x00, 0x00, 0x00, 0x00, 0x00, 0x00, 0xAB, 0x00, 0x00,
    0x00, 0x00, 0x00, 0x00, 0x00, 0x00, 0x00, 0x00, 0x00, 0xFF, 0xFF, 0xFF, 0xFF, 0xAB, 0x00, 0x00,
    0x00, 0x00, 0x00, 0x00, 0x00, 0xB0, 0x00, 0x00, 0x00, 0x01, 0x00, 0x00, 0x00, 0x00, 0x00, 0x00,
    0x00, 0x00, 0x00, 0x00, 0x00, 0xAB, 0x00, 0x00, 0x00, 0x00, 0x00, 0x00, 0x00, 0x00, 0x00, 0x00,
    0x00, 0x9F, 0xFF, 0xFF, 0xFF, 0xFF, 0xFF, 0xFF, 0xFF, 0xAB, 0x00, 0x00, 0x00, 0x00, 0x00, 0x00,
    0x00, 0xB1, 0x00, 0x00, 0x00, 0x01, 0x00, 0x00, 0x00, 0x00, 0x00, 0x00, 0x00, 0x00, 0x00, 0x00,
    0x00, 0xAB, 0x00, 0x00, 0x00, 0x00, 0x00, 0x00, 0x00, 0x00, 0x00, 0x00, 0x00, 0xD2, 0xFF, 0xFF,
    0xFF, 0xFF, 0xFF, 0xFF, 0xFF, 0xAB, 0x00, 0x00, 0x00, 0x00, 0x00, 0x00, 0x00, 0xAD, 0x00, 0x00,
    0x00, 0x00, 0x00, 0x00, 0x00, 0x00, 0x00, 0x00, 0x00, 0xB2, 0x00, 0x00, 0x00, 0x00, 0x00, 0x00,
    0x00, 0x8D, 0x01, 0x00, 0x00, 0x66, 0x2F, 0x00, 0x00, 0xB7, 0x02, 0x00, 0x00, 0xDF, 0x01, 0x00,
    0x00, 0x0F, 0x00, 0xB2, 0x00, 0x00, 0x00, 0x1B, 0x72, 0x00, 0x00, 0x00, 0x00, 0x00, 0x00, 0x00,
    0x16, 0x07, 0x4B, 0x00, 0x84, 0x72, 0x00, 0xB2, 0x00, 0x00, 0x00, 0x2A, 0x16, 0x18, 0x22, 0x00,
    0x81, 0x19, 0x00, 0xB2, 0x00, 0x00, 0x00, 0x0A, 0x00, 0xFB, 0xFF, 0xFF, 0xFF, 0x00, 0x2D, 0x01,
    0xFB, 0xFF, 0xFF, 0xFF, 0x16, 0x16, 0x04, 0x0B, 0x19, 0x19, 0x2E, 0xDE, 0xFF, 0xFF, 0xFF, 0x19,
    0x00, 0xB2, 0x00, 0x00, 0x00, 0x09, 0x00, 0xAB, 0xFF, 0xFF, 0xFF, 0x00, 0x01, 0xAB, 0xFF, 0xFF,
    0xFF, 0x09, 0x00, 0xAD, 0xFF, 0xFF, 0xFF, 0x00, 0x01, 0xAD, 0xFF, 0xFF, 0xFF, 0x13, 0x00, 0x00,
    0x00, 0x00, 0x00, 0x00, 0x1C, 0xBD, 0xFF, 0xFF, 0xFF, 0x00, 0xB1, 0x00, 0x00, 0x00, 0x16, 0x0F,
    0x00, 0xB0, 0x00, 0x00, 0x00, 0x38, 0x44, 0x35, 0xCB, 0xFF, 0xFF, 0xFF, 0x9F, 0xFF, 0xFF, 0xFF,
    0x00, 0x00, 0x00, 0xB1, 0x00, 0x00, 0x00, 0x0F, 0x00, 0xAF, 0x00, 0x00, 0x00, 0x38, 0x44, 0x35,
    0xCA, 0xFF, 0xFF, 0xFF, 0x9F, 0xFF, 0xFF, 0xFF, 0x00, 0x00, 0x00, 0xB1, 0x00, 0x00, 0x00, 0x07,
    0x52, 0x01, 0x82, 0x9A, 0x00, 0xB0, 0x00, 0x00, 0x00, 0x19, 0x01, 0x70, 0x00, 0x00, 0x00, 0x09,
    0x00, 0xCC, 0x00, 0x00, 0x00, 0x00, 0x01, 0xCC, 0x00, 0x00, 0x00, 0x16, 0x18, 0x2A, 0x00, 0x9A,
    0x00, 0xAF, 0x00, 0x00, 0x00, 0x19, 0x01, 0x70, 0x00, 0x00, 0x00, 0x09, 0x00, 0xCB, 0x00, 0x00,
    0x00, 0x00, 0x01, 0xCB, 0x00, 0x00, 0x00, 0x16, 0x16, 0x04, 0x0B, 0x07, 0x80, 0x01, 0xB0, 0x19,
    0x01, 0xB1, 0xFF, 0xFF, 0xFF, 0x09, 0x00, 0xC9, 0xFF, 0xFF, 0xFF, 0x00, 0x01, 0xC9, 0xFF, 0xFF,
    0xFF, 0x01, 0x65, 0x00, 0x00, 0x00, 0x16, 0x04, 0x0B, 0x07, 0xB4, 0x02, 0x82, 0x97, 0x00, 0xB0,
    0x00, 0x00, 0x00, 0x25, 0x16, 0x18, 0x0D, 0x00, 0x97, 0x00, 0xAF, 0x00, 0x00, 0x00, 0x25, 0x16,
    0x16, 0x0F, 0x19, 0x01, 0x70, 0x00, 0x00, 0x00, 0x09, 0x00, 0xCC, 0x00, 0x00, 0x00, 0x00, 0x01,
    0xCC, 0x00, 0x00, 0x00, 0x00, 0xB0, 0x00, 0x00, 0x00, 0x0F, 0x19, 0x01, 0x70, 0x00, 0x00, 0x00,
    0x09, 0x00, 0xCB, 0x00, 0x00, 0x00, 0x00, 0x01, 0xCB, 0x00, 0x00, 0x00, 0x00, 0xAF, 0x00, 0x00,
    0x00, 0x0F, 0x00, 0xAE, 0x00, 0x00, 0x00, 0x1B, 0x63, 0x00, 0x00, 0x00, 0x00, 0x00, 0x00, 0x00,
    0x00, 0xB0, 0x00, 0x00, 0x00, 0x00, 0xAF, 0x00, 0x00, 0x00, 0x16, 0x07, 0x5B, 0x02, 0x99, 0x00,
    0xAE, 0x00, 0x00, 0x00, 0x25, 0x16, 0x0F, 0x19, 0x01, 0x70, 0x00, 0x00, 0x00, 0x09, 0x00, 0xCA,
    0x00, 0x00, 0x00, 0x00, 0x01, 0xCA, 0x00, 0x00, 0x00, 0x91, 0x00, 0xAE, 0x00, 0x00, 0x00, 0x2C,
    0x06, 0x16, 0x1B, 0xBC, 0x00, 0x00, 0x00, 0x00, 0x00, 0x00, 0x00, 0x16, 0x1B, 0xCC, 0x00, 0x00,
    0x00, 0x00, 0x00, 0x00, 0x00, 0x16, 0x1B, 0xBB, 0x00, 0x00, 0x00, 0x00, 0x00, 0x00, 0x00, 0x16,
    0xE7, 0x70, 0x70, 0x70, 0x1F, 0x41, 0x47, 0x50, 0x41, 0x54, 0x43, 0x48, 0x20, 0x6F, 0x62, 0x73,
    0x65, 0x72, 0x76, 0x65, 0x64, 0x20, 0x6E, 0x61, 0x74, 0x69, 0x76, 0x65, 0x20, 0x76, 0x69, 0x65,
    0x77, 0x70, 0x6F, 0x72, 0x74, 0x3D, 0x00, 0x38, 0x53, 0x00, 0xB0, 0x00, 0x00, 0x00, 0x16, 0x1F,
    0x78, 0x00, 0x16, 0x38, 0x53, 0x00, 0xAF, 0x00, 0x00, 0x00, 0x16, 0x4A, 0x16, 0x04, 0x0B, 0x53,
    0x00, 0x00, 0x00, 0x02, 0x00, 0x82, 0x00, 0xA1, 0x00, 0x00, 0x00, 0x00, 0x00, 0x00, 0x00, 0xFF,
    0xFF, 0xFF, 0xFF, 0x00, 0x00, 0x00, 0x00, 0xDF, 0xFF, 0xFF, 0xFF, 0xD7, 0x00, 0x00, 0x00, 0xB3,
    0x00, 0x00, 0x00, 0x00, 0x00, 0x00, 0x00, 0xFF, 0xFF, 0xFF, 0xFF, 0xFF, 0xFF, 0xFF, 0xFF, 0x00,
    0x00, 0x00, 0x00, 0x00, 0x00, 0x00, 0x00, 0x08, 0x00, 0x00, 0x30, 0xFF, 0xFF, 0x02, 0x00, 0x00,
    0x00, 0x13, 0x00, 0x00, 0x00, 0xA1, 0x00, 0x00, 0x00, 0x00, 0x00, 0x00, 0x00, 0xB3, 0x00, 0x00,
    0x00, 0x63, 0x00, 0x00, 0x00, 0x00, 0x00, 0x00, 0x00, 0xAD, 0x00, 0x00, 0x00, 0xCC, 0x00, 0x00,
    0x00, 0x00, 0x00, 0x00, 0x00, 0xA8, 0x00, 0x00, 0x00, 0xBB, 0x00, 0x00, 0x00, 0x00, 0x00, 0x00,
    0x00, 0xA7, 0x00, 0x00, 0x00, 0xD2, 0x00, 0x00, 0x00, 0x00, 0x00, 0x00, 0x00, 0xA5, 0x00, 0x00,
    0x00, 0x17, 0x00, 0x00, 0x00, 0x00, 0x00, 0x00, 0x00, 0xA1, 0x00, 0x00, 0x00, 0x18, 0x00, 0x00,
    0x00, 0x00, 0x00, 0x00, 0x00, 0x9D, 0x00, 0x00, 0x00, 0x72, 0x00, 0x00, 0x00, 0x00, 0x00, 0x00,
    0x00, 0x96, 0x00, 0x00, 0x00, 0x3A, 0x00, 0x00, 0x00, 0x00, 0x00, 0x00, 0x00, 0x94, 0x00, 0x00,
    0x00, 0xBC, 0x00, 0x00, 0x00, 0x00, 0x00, 0x00, 0x00, 0x91, 0x00, 0x00, 0x00, 0x74, 0x00, 0x00,
    0x00, 0x00, 0x00, 0x00, 0x00, 0x8E, 0x00, 0x00, 0x00, 0xF4, 0x00, 0x00, 0x00, 0x00, 0x00, 0x00,
    0x00, 0x8C, 0x00, 0x00, 0x00, 0xDD, 0x00, 0x00, 0x00, 0x00, 0x00, 0x00, 0x00, 0x89, 0x00, 0x00,
    0x00, 0x97, 0x00, 0x00, 0x00, 0x00, 0x00, 0x00, 0x00, 0x84, 0x00, 0x00, 0x00, 0x07, 0x00, 0x00,
    0x00, 0x00, 0x00, 0x00, 0x00, 0x81, 0x00, 0x00, 0x00, 0x64, 0x00, 0x00, 0x00, 0x00, 0x00, 0x00,
    0x00, 0x7D, 0x00, 0x00, 0x00, 0xBF, 0x00, 0x00, 0x00, 0x00, 0x00, 0x00, 0x00, 0x77, 0x00, 0x00,
    0x00, 0x7A, 0x00, 0x00, 0x00, 0x00, 0x00, 0x00, 0x00, 0x73, 0x00, 0x00, 0x00, 0xB7, 0x00, 0x00,
    0x00, 0x00, 0x00, 0x00, 0x00, 0x72, 0x00, 0x00, 0x00, 0x12, 0x00, 0x80, 0x00, 0xEC, 0xFF, 0xFF,
    0xFF, 0xAB, 0x00, 0x00, 0x00, 0x00, 0x00, 0x00, 0x00, 0x01, 0x00, 0x00, 0x00, 0xDE, 0x00, 0x00,
    0x00, 0x00, 0x00, 0x00, 0x00, 0xD2, 0x00, 0x00, 0x00, 0x00, 0x00, 0x00, 0x00, 0x00, 0x00, 0x00,
    0x00, 0x03, 0x00, 0x00, 0x00, 0xA6, 0x00, 0x00, 0x00, 0x00, 0x00, 0x00, 0x00, 0xA2, 0x00, 0x00,
    0x00, 0x00, 0x00, 0x00, 0x00, 0x3D, 0x00, 0x00, 0x00, 0x00, 0x00, 0x00, 0x00, 0x00, 0x00, 0x00,
    0x00, 0x00, 0x00, 0x00, 0x00, 0x00, 0x00, 0x00, 0x00, 0x00, 0x00, 0x00, 0x00, 0xAB, 0x00, 0x00,
    0x00, 0x00, 0x00, 0x00, 0x00, 0xB5, 0x00, 0x00, 0x00, 0xFF, 0xFF, 0xFF, 0xFF, 0x41, 0x00, 0x00,
    0x00, 0x00, 0x00, 0x00, 0x00, 0x19, 0x00, 0x00, 0x00, 0x00, 0x00, 0x00, 0x00, 0x08, 0x00, 0x00,
    0x00, 0x00, 0x00, 0x00, 0x00, 0x01, 0x00, 0x00, 0x00, 0xD2, 0x00, 0x00, 0x00, 0xAB, 0x00, 0x00,
    0x00, 0x00, 0x00, 0x00, 0x00, 0xFF, 0xFF, 0xFF, 0xFF, 0xAB, 0x00, 0x00, 0x00, 0x00, 0x00, 0x00,
    0x00, 0x00, 0x00, 0x00, 0x00, 0x01, 0x00, 0x00, 0x00, 0x00, 0x00, 0x00, 0x00, 0x00, 0x00, 0x00,
    0x00, 0xAB, 0x00, 0x00, 0x00, 0x00, 0x00, 0x00, 0x00, 0x00, 0x00, 0x00, 0x00, 0xB4, 0x00, 0x00,
    0x00, 0xFF, 0xFF, 0xFF, 0xFF, 0xAB, 0x00, 0x00, 0x00, 0x00, 0x00, 0x00, 0x00, 0xB6, 0x00, 0x00,
    0x00, 0xC7, 0xFF, 0xFF, 0xFF, 0x00, 0x00, 0x00, 0x00, 0x00, 0x00, 0x00, 0x00, 0x00, 0x00, 0x00,
    0x00, 0x07, 0x00, 0x00, 0x00, 0x83, 0x00, 0x00, 0x00, 0x14, 0x01, 0x00, 0x00, 0xC8, 0x00, 0x00,
    0x00, 0x1C, 0xC7, 0xFF, 0xFF, 0xFF, 0x16, 0x07, 0xB8, 0x00, 0x77, 0x19, 0x01, 0xB1, 0xFF, 0xFF,
    0xFF, 0x09, 0x00, 0xA9, 0xFF, 0xFF, 0xFF, 0x00, 0x01, 0xA9, 0xFF, 0xFF, 0xFF, 0x2A, 0x16, 0x0F,
    0x19, 0x19, 0x01, 0xB1, 0xFF, 0xFF, 0xFF, 0x09, 0x00, 0xA9, 0xFF, 0xFF, 0xFF, 0x00, 0x01, 0xA9,
    0xFF, 0xFF, 0xFF, 0x09, 0x00, 0xD1, 0xFF, 0xFF, 0xFF, 0x00, 0x01, 0xD1, 0xFF, 0xFF, 0xFF, 0x20,
    0x5C, 0x00, 0x00, 0x00, 0xE7, 0x70, 0x1F, 0x41, 0x47, 0x50, 0x41, 0x54, 0x43, 0x48, 0x20, 0x48,
    0x55, 0x44, 0x20, 0x74, 0x79, 0x70, 0x65, 0x3D, 0x00, 0x38, 0x56, 0x19, 0x19, 0x01, 0xB1, 0xFF,
    0xFF, 0xFF, 0x09, 0x00, 0xA9, 0xFF, 0xFF, 0xFF, 0x00, 0x01, 0xA9, 0xFF, 0xFF, 0xFF, 0x09, 0x00,
    0xD1, 0xFF, 0xFF, 0xFF, 0x00, 0x01, 0xD1, 0xFF, 0xFF, 0xFF, 0x16, 0x4A, 0x16, 0x0F, 0x01, 0xB6,
    0x00, 0x00, 0x00, 0x1C, 0xC4, 0xFF, 0xFF, 0xFF, 0x20, 0xB4, 0x00, 0x00, 0x00, 0x17, 0x4A, 0x4A,
    0x4A, 0x4A, 0x4A, 0x16, 0xE7, 0x70, 0x1F, 0x41, 0x47, 0x50, 0x41, 0x54, 0x43, 0x48, 0x20, 0x6D,
    0x75, 0x74, 0x61, 0x74, 0x6F, 0x72, 0x20, 0x69, 0x6E, 0x69, 0x74, 0x69, 0x61, 0x6C, 0x69, 0x7A,
    0x65, 0x64, 0x20, 0x6D, 0x61, 0x6E, 0x61, 0x67, 0x65, 0x72, 0x3D, 0x00, 0x38, 0x56, 0x01, 0xB6,
    0x00, 0x00, 0x00, 0x16, 0x4A, 0x16, 0x04, 0x0B, 0x53, 0x00, 0x00, 0x00, 0x02, 0x08, 0x02, 0x00,
    0xB7, 0x00, 0x00, 0x00, 0x00, 0x00, 0x00, 0x00, 0xFF, 0xFF, 0xFF, 0xFF, 0x00, 0x00, 0x00, 0x00,
    0xDC, 0xFF, 0xFF, 0xFF, 0xD8, 0x00, 0x00, 0x00, 0xB7, 0x00, 0x00, 0x00, 0x00, 0x00, 0x00, 0x00,
    0xFF, 0xFF, 0xFF, 0xFF, 0xFF, 0xFF, 0xFF, 0xFF, 0x00, 0x00, 0x00, 0x00, 0x00, 0x00, 0x00, 0x00,
    0x09, 0x00, 0x00, 0x30, 0xFF, 0xFF, 0x02, 0x00, 0x00, 0x00, 0x01, 0x00, 0x00, 0x00, 0xB7, 0x00,
    0x00, 0x00, 0x00, 0x00, 0x00, 0x00, 0xB7, 0x00, 0x00, 0x00, 0x12, 0x00, 0x80, 0x00, 0xEC, 0xFF,
    0xFF, 0xFF, 0xAB, 0x00, 0x00, 0x00, 0x00, 0x00, 0x00, 0x00, 0x01, 0x00, 0x00, 0x00, 0xDE, 0x00,
    0x00, 0x00, 0x00, 0x00, 0x00, 0x00, 0xD3, 0x00, 0x00, 0x00, 0x00, 0x00, 0x00, 0x00, 0x00, 0x00,
    0x00, 0x00, 0x03, 0x00, 0x00, 0x00, 0xA6, 0x00, 0x00, 0x00, 0x00, 0x00, 0x00, 0x00, 0xA2, 0x00,
    0x00, 0x00, 0x00, 0x00, 0x00, 0x00, 0x3D, 0x00, 0x00, 0x00, 0x00, 0x00, 0x00, 0x00, 0x00, 0x00,
    0x00, 0x00, 0x00, 0x00, 0x00, 0x00, 0x00, 0x00, 0x00, 0x00, 0x00, 0x00, 0x00, 0x00, 0xAB, 0x00,
    0x00, 0x00, 0x00, 0x00, 0x00, 0x00, 0xB9, 0x00, 0x00, 0x00, 0xFF, 0xFF, 0xFF, 0xFF, 0x41, 0x00,
    0x00, 0x00, 0x00, 0x00, 0x00, 0x00, 0x19, 0x00, 0x00, 0x00, 0x00, 0x00, 0x00, 0x00, 0x08, 0x00,
    0x00, 0x00, 0x00, 0x00, 0x00, 0x00, 0x01, 0x00, 0x00, 0x00, 0xD3, 0x00, 0x00, 0x00, 0xAB, 0x00,
    0x00, 0x00, 0x00, 0x00, 0x00, 0x00, 0xFF, 0xFF, 0xFF, 0xFF, 0xAB, 0x00, 0x00, 0x00, 0x00, 0x00,
    0x00, 0x00, 0x00, 0x00, 0x00, 0x00, 0x01, 0x00, 0x00, 0x00, 0x80, 0x05, 0x00, 0x00, 0x00, 0x00,
    0x00, 0x00, 0xAB, 0x00, 0x00, 0x00, 0x00, 0x00, 0x00, 0x00, 0x00, 0x00, 0x00, 0x00, 0xFF, 0xFF,
    0xFF, 0xFF, 0xAB, 0x00, 0x00, 0x00, 0x00, 0x00, 0x00, 0x00, 0x00, 0x00, 0x00, 0x00, 0x00, 0x00,
    0x00, 0x00, 0x00, 0x00, 0x00, 0x00, 0xBA, 0x00, 0x00, 0x00, 0x00, 0x00, 0x00, 0x00, 0x04, 0x00,
    0x00, 0x00, 0x8D, 0x00, 0x00, 0x00, 0x0B, 0x00, 0x00, 0x00, 0x07, 0x00, 0x00, 0x00, 0x04, 0x3A,
    0xBA, 0x00, 0x00, 0x00, 0x53, 0x00, 0x00, 0x00, 0x01, 0x00, 0x02, 0x02, 0x0E, 0x00, 0x00, 0x00,
    0x00, 0x00, 0x00, 0x00, 0xFF, 0xFF, 0xFF, 0xFF, 0xAB, 0x00, 0x00, 0x00, 0x00, 0x00, 0x00, 0x00,
    0x00, 0x00, 0x00, 0x00, 0x01, 0x00, 0x00, 0x00, 0x80, 0x05, 0x00, 0x00, 0x00, 0x00, 0x00, 0x00,
    0xAB, 0x00, 0x00, 0x00, 0x00, 0x00, 0x00, 0x00, 0x00, 0x00, 0x00, 0x00, 0xFF, 0xFF, 0xFF, 0xFF,
    0xAB, 0x00, 0x00, 0x00, 0x00, 0x00, 0x00, 0x00, 0xBB, 0x00, 0x00, 0x00, 0x00, 0x00, 0x00, 0x00,
    0x00, 0x00, 0x00, 0x00, 0xBC, 0x00, 0x00, 0x00, 0x00, 0x00, 0x00, 0x00, 0x05, 0x00, 0x00, 0x00,
    0xC5, 0x00, 0x00, 0x00, 0x0B, 0x00, 0x00, 0x00, 0x07, 0x00, 0x00, 0x00, 0x04, 0x3A, 0xBC, 0x00,
    0x00, 0x00, 0x53, 0x00, 0x00, 0x00, 0x01, 0x00, 0x02, 0x02, 0x0B, 0x00, 0x00, 0x00, 0x00, 0x00,
    0x00, 0x00, 0xFF, 0xFF, 0xFF, 0xFF, 0xAB, 0x00, 0x00, 0x00, 0x00, 0x00, 0x00, 0x00, 0x00, 0x00,
    0x00, 0x00, 0x01, 0x00, 0x00, 0x00, 0x80, 0x05, 0x00, 0x00, 0x00, 0x00, 0x00, 0x00, 0xAB, 0x00,
    0x00, 0x00, 0x00, 0x00, 0x00, 0x00, 0x00, 0x00, 0x00, 0x00, 0xFF, 0xFF, 0xFF, 0xFF, 0xAB, 0x00,
    0x00, 0x00, 0x00, 0x00, 0x00, 0x00, 0xBE, 0x00, 0x00, 0x00, 0x01, 0x00, 0x00, 0x00, 0x80, 0x00,
    0x00, 0x00, 0x00, 0x00, 0x00, 0x00, 0xAB, 0x00, 0x00, 0x00, 0x00, 0x00, 0x00, 0x00, 0x00, 0x00,
    0x00, 0x00, 0xFF, 0xFF, 0xFF, 0xFF, 0xAB, 0x00, 0x00, 0x00, 0x00, 0x00, 0x00, 0x00, 0xBD, 0x00,
    0x00, 0x00, 0x00, 0x00, 0x00, 0x00, 0x00, 0x00, 0x00, 0x00, 0xBF, 0x00, 0x00, 0x00, 0x00, 0x00,
    0x00, 0x00, 0x06, 0x00, 0x00, 0x00, 0x06, 0x01, 0x00, 0x00, 0x0B, 0x00, 0x00, 0x00, 0x07, 0x00,
    0x00, 0x00, 0x04, 0x3A, 0xBE, 0x00, 0x00, 0x00, 0x53, 0x00, 0x00, 0x00, 0x01, 0x00, 0x02, 0x02,
    0x0D, 0x00, 0x00, 0x00, 0x00, 0x00, 0x00, 0x00, 0xFF, 0xFF, 0xFF, 0xFF, 0xAB, 0x00, 0x00, 0x00,
    0x00, 0x00, 0x00, 0x00, 0x00, 0x00, 0x00, 0x00, 0x01, 0x00, 0x00, 0x00, 0x80, 0x05, 0x00, 0x00,
    0x00, 0x00, 0x00, 0x00, 0xAB, 0x00, 0x00, 0x00, 0x00, 0x00, 0x00, 0x00, 0x00, 0x00, 0x00, 0x00,
    0xFF, 0xFF, 0xFF, 0xFF, 0xAB, 0x00, 0x00, 0x00, 0x00, 0x00, 0x00, 0x00, 0xC1, 0x00, 0x00, 0x00,
    0x01, 0x00, 0x00, 0x00, 0x80, 0x00, 0x00, 0x00, 0x00, 0x00, 0x00, 0x00, 0xAB, 0x00, 0x00, 0x00,
    0x00, 0x00, 0x00, 0x00, 0x00, 0x00, 0x00, 0x00, 0xFF, 0xFF, 0xFF, 0xFF, 0xAB, 0x00, 0x00, 0x00,
    0x00, 0x00, 0x00, 0x00, 0xC0, 0x00, 0x00, 0x00, 0x00, 0x00, 0x00, 0x00, 0x00, 0x00, 0x00, 0x00,
    0xC2, 0x00, 0x00, 0x00, 0x00, 0x00, 0x00, 0x00, 0x07, 0x00, 0x00, 0x00, 0x48, 0x01, 0x00, 0x00,
    0x0B, 0x00, 0x00, 0x00, 0x07, 0x00, 0x00, 0x00, 0x04, 0x3A, 0xC1, 0x00, 0x00, 0x00, 0x53, 0x00,
    0x00, 0x00, 0x01, 0x00, 0x02, 0x02, 0x0C, 0x00, 0x00, 0x00, 0x00, 0x00, 0x00, 0x00, 0xFF, 0xFF,
    0xFF, 0xFF, 0xAB, 0x00, 0x00, 0x00, 0x00, 0x00, 0x00, 0x00, 0x00, 0x00, 0x00, 0x00, 0x01, 0x00,
    0x00, 0x00, 0x80, 0x05, 0x00, 0x00, 0x00, 0x00, 0x00, 0x00, 0xAB, 0x00, 0x00, 0x00, 0x00, 0x00,
    0x00, 0x00, 0x00, 0x00, 0x00, 0x00, 0xFF, 0xFF, 0xFF, 0xFF, 0xAB, 0x00, 0x00, 0x00, 0x00, 0x00,
    0x00, 0x00, 0xC3, 0x00, 0x00, 0x00, 0x00, 0x00, 0x00, 0x00, 0x00, 0x00, 0x00, 0x00, 0xC4, 0x00,
    0x00, 0x00, 0x00, 0x00, 0x00, 0x00, 0x08, 0x00, 0x00, 0x00, 0x7C, 0x01, 0x00, 0x00, 0x0B, 0x00,
    0x00, 0x00, 0x07, 0x00, 0x00, 0x00, 0x04, 0x3A, 0xC4, 0x00, 0x00, 0x00, 0x53, 0x00, 0x00, 0x00,
    0x01, 0x00, 0x02, 0x02, 0x0A, 0x00, 0x00, 0x00, 0x00, 0x00, 0x00, 0x00, 0xFF, 0xFF, 0xFF, 0xFF,
    0xAB, 0x00, 0x00, 0x00, 0x00, 0x00, 0x00, 0x00, 0x00, 0x00, 0x00, 0x00, 0x01, 0x00, 0x00, 0x00,
    0x80, 0x05, 0x00, 0x00, 0x00, 0x00, 0x00, 0x00, 0xAB, 0x00, 0x00, 0x00, 0x00, 0x00, 0x00, 0x00,
    0x00, 0x00, 0x00, 0x00, 0xFF, 0xFF, 0xFF, 0xFF, 0xAB, 0x00, 0x00, 0x00, 0x00, 0x00, 0x00, 0x00,
    0xC5, 0x00, 0x00, 0x00, 0x00, 0x00, 0x00, 0x00, 0x00, 0x00, 0x00, 0x00, 0xC6, 0x00, 0x00, 0x00,
    0x00, 0x00, 0x00, 0x00, 0x09, 0x00, 0x00, 0x00, 0xB1, 0x01, 0x00, 0x00, 0x0B, 0x00, 0x00, 0x00,
    0x07, 0x00, 0x00, 0x00, 0x04, 0x3A, 0xC6, 0x00, 0x00, 0x00, 0x53, 0x00, 0x00, 0x00, 0x01, 0x00,
    0x02, 0x02, 0x09, 0x00, 0x00, 0x00, 0x00, 0x00, 0x00, 0x00, 0xFF, 0xFF, 0xFF, 0xFF, 0x00, 0x00,
    0x00, 0x00, 0xEC, 0xFF, 0xFF, 0xFF, 0xD9, 0x00, 0x00, 0x00, 0xC7, 0x00, 0x00, 0x00, 0x00, 0x00,
    0x00, 0x00, 0xFF, 0xFF, 0xFF, 0xFF, 0xFF, 0xFF, 0xFF, 0xFF, 0x00, 0x00, 0x00, 0x00, 0x00, 0x00,
    0x00, 0x00, 0x00, 0x00, 0x00, 0x00, 0xFF, 0xFF, 0x02, 0x00, 0x00, 0x00, 0x06, 0x00, 0x00, 0x00,
    0x09, 0x00, 0x00, 0x00, 0x00, 0x00, 0x00, 0x00, 0xC7, 0x00, 0x00, 0x00, 0x0A, 0x00, 0x00, 0x00,
    0x00, 0x00, 0x00, 0x00, 0xC5, 0x00, 0x00, 0x00, 0x0C, 0x00, 0x00, 0x00, 0x00, 0x00, 0x00, 0x00,
    0xC3, 0x00, 0x00, 0x00, 0x0D, 0x00, 0x00, 0x00, 0x00, 0x00, 0x00, 0x00, 0xC0, 0x00, 0x00, 0x00,
    0x0B, 0x00, 0x00, 0x00, 0x00, 0x00, 0x00, 0x00, 0xBD, 0x00, 0x00, 0x00, 0x0E, 0x00, 0x00, 0x00,
    0x00, 0x00, 0x00, 0x00, 0xBB, 0x00, 0x00, 0x00, 0x12, 0x00, 0x00, 0x00, 0xEC, 0xFF, 0xFF, 0xFF,
    0xAB, 0x00, 0x00, 0x00, 0x00, 0x00, 0x00, 0x00, 0x00, 0x00, 0x00, 0x00, 0x00, 0x00, 0x00, 0x00,
    0x00, 0x00, 0x00, 0x00, 0x00, 0x00, 0x00, 0x00, 0x00, 0x00, 0x00, 0x00, 0x00, 0x00, 0x00, 0x00,
    0x00, 0x00, 0x00, 0x00, 0x00, 0x00, 0x00, 0x00, 0x15, 0x00, 0x00, 0x00, 0x00, 0x00, 0x00, 0x00,
    0xC9, 0x00, 0x00, 0x00, 0xFF, 0xFF, 0xFF, 0xFF, 0xAB, 0x00, 0x00, 0x00, 0x00, 0x00, 0x00, 0x00,
    0xFF, 0xFF, 0xFF, 0xFF, 0xAB, 0x00, 0x00, 0x00, 0x00, 0x00, 0x00, 0x00, 0x00, 0x00, 0x00, 0x00,
    0x01, 0x00, 0x00, 0x00, 0x00, 0x40, 0x00, 0x00, 0x00, 0x00, 0x00, 0x00, 0xAB, 0x00, 0x00, 0x00,
    0x00, 0x00, 0x00, 0x00, 0x00, 0x00, 0x00, 0x00, 0xFF, 0xFF, 0xFF, 0xFF, 0xAB, 0x00, 0x00, 0x00,
    0x00, 0x00, 0x00, 0x00, 0xCA, 0x00, 0x00, 0x00, 0x01, 0x00, 0x00, 0x00, 0x00, 0x40, 0x00, 0x00,
    0x00, 0x00, 0x00, 0x00, 0xAB, 0x00, 0x00, 0x00, 0x00, 0x00, 0x00, 0x00, 0x00, 0x00, 0x00, 0x00,
    0xFF, 0xFF, 0xFF, 0xFF, 0xAB, 0x00, 0x00, 0x00, 0x00, 0x00, 0x00, 0x00, 0xCB, 0x00, 0x00, 0x00,
    0x01, 0x00, 0x00, 0x00, 0x00, 0x40, 0x00, 0x00, 0x00, 0x00, 0x00, 0x00, 0xAB, 0x00, 0x00, 0x00,
    0x00, 0x00, 0x00, 0x00, 0x00, 0x00, 0x00, 0x00, 0xFF, 0xFF, 0xFF, 0xFF, 0xAB, 0x00, 0x00, 0x00,
    0x00, 0x00, 0x00, 0x00, 0xCC, 0x00, 0x00, 0x00, 0x01, 0x00, 0x00, 0x00, 0x00, 0x40, 0x00, 0x00,
    0x00, 0x00, 0x00, 0x00, 0xAB, 0x00, 0x00, 0x00, 0x00, 0x00, 0x00, 0x00, 0x00, 0x00, 0x00, 0x00,
    0xFF, 0xFF, 0xFF, 0xFF, 0x00, 0x00, 0x00, 0x00, 0xEC, 0xFF, 0xFF, 0xFF, 0xDA, 0x00, 0x00, 0x00,
    0xCD, 0x00, 0x00, 0x00, 0x00, 0x00, 0x00, 0x00, 0xFF, 0xFF, 0xFF, 0xFF, 0xFF, 0xFF, 0xFF, 0xFF,
    0x00, 0x00, 0x00, 0x00, 0x00, 0x00, 0x00, 0x00, 0x00, 0x00, 0x00, 0x00, 0xFF, 0xFF, 0x02, 0x00,
    0x00, 0x00, 0x00, 0x00, 0x00, 0x00, 0x16, 0x00, 0x00, 0x00, 0xEC, 0xFF, 0xFF, 0xFF, 0x10, 0x00,
    0x00, 0x00, 0x00, 0x00, 0x00, 0x00, 0x00, 0x00, 0x00, 0x00, 0x00, 0x00, 0x00, 0x00, 0x00, 0x00,
    0x00, 0x00, 0x00, 0x00, 0x00, 0x00, 0x00, 0x00, 0x00, 0x00, 0x00, 0x00, 0x00, 0x00, 0x00, 0x00,
    0x00, 0x00, 0x00, 0x00, 0x00, 0x00, 0xAB, 0x00, 0x00, 0x00, 0x00, 0x00, 0x00, 0x00, 0xCF, 0x00,
    0x00, 0x00, 0xFF, 0xFF, 0xFF, 0xFF, 0xAB, 0x00, 0x00, 0x00, 0x00, 0x00, 0x00, 0x00, 0x00, 0x00,
    0x00, 0x00, 0xA4, 0x00, 0x00, 0x00, 0x00, 0x00, 0x00, 0x00, 0xFF, 0xFF, 0xFF, 0xFF, 0xAB, 0x00,
    0x00, 0x00, 0x00, 0x00, 0x00, 0x00, 0xFF, 0xFF, 0xFF, 0xFF, 0xAB, 0x00, 0x00, 0x00, 0x00, 0x00,
    0x00, 0x00, 0x20, 0x00, 0x00, 0x00, 0x0C, 0x00, 0x00, 0x00, 0x01, 0x00, 0x00, 0x00, 0xAE, 0x00,
    0x00, 0x00, 0x00, 0x00, 0x00, 0x00, 0x09, 0x00, 0x00, 0x00, 0x31, 0x36, 0x33, 0x38, 0x34, 0x30,
    0x30, 0x30, 0x00, 0x0B, 0x00, 0x00, 0x00, 0x01, 0x00, 0x00, 0x00, 0xAE, 0x00, 0x00, 0x00, 0x00,
    0x00, 0x00, 0x00, 0x09, 0x00, 0x00, 0x00, 0x31, 0x36, 0x33, 0x38, 0x34, 0x30, 0x30, 0x31, 0x00,
    0x0A, 0x00, 0x00, 0x00, 0x01, 0x00, 0x00, 0x00, 0xAE, 0x00, 0x00, 0x00, 0x00, 0x00, 0x00, 0x00,
    0x09, 0x00, 0x00, 0x00, 0x31, 0x36, 0x33, 0x38, 0x34, 0x30, 0x30, 0x32, 0x00, 0x09, 0x00, 0x00,
    0x00, 0x01, 0x00, 0x00, 0x00, 0xAE, 0x00, 0x00, 0x00, 0x00, 0x00, 0x00, 0x00, 0x09, 0x00, 0x00,
    0x00, 0x31, 0x36, 0x33, 0x38, 0x34, 0x30, 0x30, 0x33, 0x00, 0x08, 0x00, 0x00, 0x00, 0x01, 0x00,
    0x00, 0x00, 0xAE, 0x00, 0x00, 0x00, 0x00, 0x00, 0x00, 0x00, 0x09, 0x00, 0x00, 0x00, 0x31, 0x36,
    0x33, 0x38, 0x34, 0x30, 0x30, 0x34, 0x00, 0x07, 0x00, 0x00, 0x00, 0x01, 0x00, 0x00, 0x00, 0xAE,
    0x00, 0x00, 0x00, 0x00, 0x00, 0x00, 0x00, 0x09, 0x00, 0x00, 0x00, 0x31, 0x36, 0x33, 0x38, 0x34,
    0x30, 0x30, 0x35, 0x00, 0x06, 0x00, 0x00, 0x00, 0x01, 0x00, 0x00, 0x00, 0xAE, 0x00, 0x00, 0x00,
    0x00, 0x00, 0x00, 0x00, 0x09, 0x00, 0x00, 0x00, 0x31, 0x36, 0x33, 0x38, 0x34, 0x30, 0x30, 0x36,
    0x00, 0x05, 0x00, 0x00, 0x00, 0x01, 0x00, 0x00, 0x00, 0xAE, 0x00, 0x00, 0x00, 0x00, 0x00, 0x00,
    0x00, 0x09, 0x00, 0x00, 0x00, 0x31, 0x36, 0x33, 0x38, 0x34, 0x30, 0x30, 0x37, 0x00, 0x04, 0x00,
    0x00, 0x00, 0x01, 0x00, 0x00, 0x00, 0xAE, 0x00, 0x00, 0x00, 0x00, 0x00, 0x00, 0x00, 0x09, 0x00,
    0x00, 0x00, 0x31, 0x36, 0x33, 0x38, 0x34, 0x30, 0x30, 0x38, 0x00, 0x23, 0x00, 0x00, 0x00, 0x01,
    0x00, 0x00, 0x00, 0xAE, 0x00, 0x00, 0x00, 0x00, 0x00, 0x00, 0x00, 0x09, 0x00, 0x00, 0x00, 0x31,
    0x36, 0x32, 0x35, 0x32, 0x39, 0x32, 0x38, 0x00, 0x22, 0x00, 0x00, 0x00, 0x01, 0x00, 0x00, 0x00,
    0xAE, 0x00, 0x00, 0x00, 0x00, 0x00, 0x00, 0x00, 0x09, 0x00, 0x00, 0x00, 0x31, 0x36, 0x32, 0x35,
    0x32, 0x39, 0x32, 0x39, 0x00, 0x21, 0x00, 0x00, 0x00, 0x01, 0x00, 0x00, 0x00, 0xAE, 0x00, 0x00,
    0x00, 0x00, 0x00, 0x00, 0x00, 0x09, 0x00, 0x00, 0x00, 0x31, 0x36, 0x32, 0x35, 0x32, 0x39, 0x33,
    0x30, 0x00, 0x63, 0x00, 0x00, 0x00, 0x01, 0x00, 0x00, 0x00, 0xAE, 0x00, 0x00, 0x00, 0x00, 0x00,
    0x00, 0x00, 0x09, 0x00, 0x00, 0x00, 0x31, 0x36, 0x34, 0x34, 0x39, 0x35, 0x33, 0x36, 0x00, 0x62,
    0x00, 0x00, 0x00, 0x01, 0x00, 0x00, 0x00, 0xAE, 0x00, 0x00, 0x00, 0x00, 0x00, 0x00, 0x00, 0x09,
    0x00, 0x00, 0x00, 0x31, 0x36, 0x34, 0x34, 0x39, 0x35, 0x33, 0x37, 0x00, 0x71, 0x00, 0x00, 0x00,
    0x01, 0x00, 0x00, 0x00, 0xAE, 0x00, 0x00, 0x00, 0x00, 0x00, 0x00, 0x00, 0x09, 0x00, 0x00, 0x00,
    0x31, 0x36, 0x34, 0x34, 0x39, 0x35, 0x33, 0x38, 0x00, 0x70, 0x00, 0x00, 0x00, 0x01, 0x00, 0x00,
    0x00, 0xAE, 0x00, 0x00, 0x00, 0x00, 0x00, 0x00, 0x00, 0x09, 0x00, 0x00, 0x00, 0x31, 0x36, 0x34,
    0x34, 0x39, 0x35, 0x33, 0x39, 0x00, 0x6F, 0x00, 0x00, 0x00, 0x01, 0x00, 0x00, 0x00, 0xAE, 0x00,
    0x00, 0x00, 0x00, 0x00, 0x00, 0x00, 0x09, 0x00, 0x00, 0x00, 0x31, 0x36, 0x34, 0x34, 0x39, 0x35,
    0x34, 0x30, 0x00, 0x6E, 0x00, 0x00, 0x00, 0x01, 0x00, 0x00, 0x00, 0xAE, 0x00, 0x00, 0x00, 0x00,
    0x00, 0x00, 0x00, 0x09, 0x00, 0x00, 0x00, 0x31, 0x36, 0x34, 0x34, 0x39, 0x35, 0x34, 0x31, 0x00,
    0x6D, 0x00, 0x00, 0x00, 0x01, 0x00, 0x00, 0x00, 0xAE, 0x00, 0x00, 0x00, 0x00, 0x00, 0x00, 0x00,
    0x09, 0x00, 0x00, 0x00, 0x31, 0x36, 0x34, 0x34, 0x39, 0x35, 0x34, 0x32, 0x00, 0x6C, 0x00, 0x00,
    0x00, 0x01, 0x00, 0x00, 0x00, 0xAE, 0x00, 0x00, 0x00, 0x00, 0x00, 0x00, 0x00, 0x09, 0x00, 0x00,
    0x00, 0x31, 0x36, 0x34, 0x34, 0x39, 0x35, 0x34, 0x33, 0x00, 0x6B, 0x00, 0x00, 0x00, 0x01, 0x00,
    0x00, 0x00, 0xAE, 0x00, 0x00, 0x00, 0x00, 0x00, 0x00, 0x00, 0x09, 0x00, 0x00, 0x00, 0x31, 0x36,
    0x34, 0x34, 0x39, 0x35, 0x34, 0x34, 0x00, 0x6A, 0x00, 0x00, 0x00, 0x01, 0x00, 0x00, 0x00, 0xAE,
    0x00, 0x00, 0x00, 0x00, 0x00, 0x00, 0x00, 0x09, 0x00, 0x00, 0x00, 0x31, 0x36, 0x34, 0x34, 0x39,
    0x35, 0x34, 0x35, 0x00, 0x69, 0x00, 0x00, 0x00, 0x01, 0x00, 0x00, 0x00, 0xAE, 0x00, 0x00, 0x00,
    0x00, 0x00, 0x00, 0x00, 0x09, 0x00, 0x00, 0x00, 0x31, 0x36, 0x34, 0x34, 0x39, 0x35, 0x34, 0x36,
    0x00, 0x68, 0x00, 0x00, 0x00, 0x01, 0x00, 0x00, 0x00, 0xAE, 0x00, 0x00, 0x00, 0x00, 0x00, 0x00,
    0x00, 0x09, 0x00, 0x00, 0x00, 0x31, 0x36, 0x34, 0x34, 0x39, 0x35, 0x34, 0x37, 0x00, 0x67, 0x00,
    0x00, 0x00, 0x01, 0x00, 0x00, 0x00, 0xAE, 0x00, 0x00, 0x00, 0x00, 0x00, 0x00, 0x00, 0x09, 0x00,
    0x00, 0x00, 0x31, 0x36, 0x34, 0x34, 0x39, 0x35, 0x34, 0x38, 0x00, 0x66, 0x00, 0x00, 0x00, 0x01,
    0x00, 0x00, 0x00, 0xAE, 0x00, 0x00, 0x00, 0x00, 0x00, 0x00, 0x00, 0x09, 0x00, 0x00, 0x00, 0x31,
    0x36, 0x34, 0x34, 0x39, 0x35, 0x34, 0x39, 0x00, 0x65, 0x00, 0x00, 0x00, 0x01, 0x00, 0x00, 0x00,
    0xAE, 0x00, 0x00, 0x00, 0x00, 0x00, 0x00, 0x00, 0x09, 0x00, 0x00, 0x00, 0x31, 0x36, 0x34, 0x34,
    0x39, 0x35, 0x35, 0x30, 0x00, 0xB6, 0x00, 0x00, 0x00, 0x01, 0x00, 0x00, 0x00, 0xAE, 0x00, 0x00,
    0x00, 0x00, 0x00, 0x00, 0x00, 0x09, 0x00, 0x00, 0x00, 0x31, 0x36, 0x33, 0x38, 0x34, 0x30, 0x30,
    0x30, 0x00, 0xCD, 0x00, 0x00, 0x00, 0x01, 0x00, 0x00, 0x00, 0xAE, 0x00, 0x00, 0x00, 0x00, 0x00,
    0x00, 0x00, 0x09, 0x00, 0x00, 0x00, 0x31, 0x36, 0x35, 0x38, 0x30, 0x36, 0x30, 0x38, 0x00, 0xCC,
    0x00, 0x00, 0x00, 0x01, 0x00, 0x00, 0x00, 0xAE, 0x00, 0x00, 0x00, 0x00, 0x00, 0x00, 0x00, 0x09,
    0x00, 0x00, 0x00, 0x31, 0x36, 0x35, 0x38, 0x30, 0x36, 0x30, 0x39, 0x00, 0xCB, 0x00, 0x00, 0x00,
    0x01, 0x00, 0x00, 0x00, 0xAE, 0x00, 0x00, 0x00, 0x00, 0x00, 0x00, 0x00, 0x09, 0x00, 0x00, 0x00,
    0x31, 0x36, 0x35, 0x38, 0x30, 0x36, 0x31, 0x30, 0x00, 0xCA, 0x00, 0x00, 0x00, 0x01, 0x00, 0x00,
    0x00, 0xAE, 0x00, 0x00, 0x00, 0x00, 0x00, 0x00, 0x00, 0x09, 0x00, 0x00, 0x00, 0x31, 0x36, 0x35,
    0x38, 0x30, 0x36, 0x31, 0x31, 0x00, 0x00, 0x00, 0x00, 0x00, 0xDE, 0x00, 0x00, 0x00, 0x00, 0x00,
    0x00, 0x00, 0xFF, 0xFF, 0xFF, 0xFF, 0xBE, 0x00, 0x00, 0x00, 0x00, 0x00, 0x00, 0x00, 0xAD, 0x00,
    0x00, 0x00, 0x00, 0x00, 0x00, 0x00, 0x04, 0x00, 0x00, 0x00, 0x00, 0x00, 0x00, 0x00, 0x00, 0x00,
    0x00, 0x00, 0xAB, 0x00, 0x00, 0x00, 0x00, 0x00, 0x00, 0x00, 0x00, 0x00, 0x00, 0x00, 0xDE, 0x00,
    0x00, 0x00, 0x00, 0x00, 0x00, 0x00, 0xFF, 0xFF, 0xFF, 0xFF, 0xBE, 0x00, 0x00, 0x00, 0x00, 0x00,
    0x00, 0x00, 0xAD, 0x00, 0x00, 0x00, 0x00, 0x00, 0x00, 0x00, 0x04, 0x00, 0x00, 0x00, 0x00, 0x00,
    0x00, 0x00, 0x00, 0x00, 0x00, 0x00, 0xAB, 0x00, 0x00, 0x00, 0x00, 0x00, 0x00, 0x00, 0x00, 0x00,
    0x00, 0x00, 0xE2, 0x00, 0x00, 0x00, 0x00, 0x00, 0x00, 0x00, 0xFF, 0xFF, 0xFF, 0xFF, 0xBE, 0x00,
    0x00, 0x00, 0x00, 0x00, 0x00, 0x00, 0xAD, 0x00, 0x00, 0x00, 0x00, 0x00, 0x00, 0x00, 0x04, 0x00,
    0x00, 0x00, 0x00, 0x00, 0x00, 0x00, 0x00, 0x00, 0x00, 0x00, 0x96, 0x00, 0x00, 0x00, 0x00, 0x00,
    0x00, 0x00, 0xAD, 0x00, 0x00, 0x00, 0x00, 0x00, 0x00, 0x00, 0x04, 0x00, 0x00, 0x00, 0x00, 0x00,
    0x00, 0x00, 0xD0, 0x00, 0x00, 0x00, 0xAB, 0x00, 0x00, 0x00, 0x00, 0x00, 0x00, 0x00, 0x00, 0x00,
    0x00, 0x00, 0x00, 0x00, 0x00, 0x00, 0xFF, 0xFF, 0xFF, 0xFF, 0xAB, 0x00, 0x00, 0x00, 0x00, 0x00,
    0x00, 0x00, 0x00, 0x00, 0x00, 0x00, 0x00, 0x00, 0x00, 0x00, 0xA7, 0x08, 0x00, 0x00, 0x63, 0x6C,
    0x61, 0x73, 0x73, 0x20, 0x41, 0x6E, 0x74, 0x69, 0x63, 0x68, 0x61, 0x6D, 0x62, 0x65, 0x72, 0x47,
    0x72, 0x61, 0x70, 0x68, 0x69, 0x63, 0x73, 0x42, 0x75, 0x74, 0x74, 0x6F, 0x6E, 0x20, 0x65, 0x78,
    0x74, 0x65, 0x6E, 0x64, 0x73, 0x20, 0x48, 0x61, 0x7A, 0x61, 0x72, 0x64, 0x4F, 0x70, 0x74, 0x69,
    0x6F, 0x6E, 0x73, 0x42, 0x75, 0x74, 0x74, 0x6F, 0x6E, 0x3B, 0x0D, 0x0A, 0x0D, 0x0A, 0x63, 0x6F,
    0x6E, 0x73, 0x74, 0x20, 0x41, 0x43, 0x54, 0x49, 0x4F, 0x4E, 0x5F, 0x52, 0x45, 0x53, 0x4F, 0x4C,
    0x55, 0x54, 0x49, 0x4F, 0x4E, 0x20, 0x3D, 0x20, 0x31, 0x3B, 0x0D, 0x0A, 0x63, 0x6F, 0x6E, 0x73,
    0x74, 0x20, 0x41, 0x43, 0x54, 0x49, 0x4F, 0x4E, 0x5F, 0x4C, 0x41, 0x53, 0x54, 0x20, 0x3D, 0x20,
    0x32, 0x3B, 0x0D, 0x0A, 0x63, 0x6F, 0x6E, 0x73, 0x74, 0x20, 0x41, 0x43, 0x54, 0x49, 0x4F, 0x4E,
    0x5F, 0x4E, 0x45, 0x58, 0x54, 0x20, 0x3D, 0x20, 0x33, 0x3B, 0x0D, 0x0A, 0x0D, 0x0A, 0x76, 0x61,
    0x72, 0x20, 0x41, 0x6E, 0x74, 0x69, 0x63, 0x68, 0x61, 0x6D, 0x62, 0x65, 0x72, 0x47, 0x72, 0x61,
    0x70, 0x68, 0x69, 0x63, 0x73, 0x4D, 0x61, 0x6E, 0x61, 0x67, 0x65, 0x72, 0x20, 0x47, 0x72, 0x61,
    0x70, 0x68, 0x69, 0x63, 0x73, 0x47, 0x61, 0x6D, 0x65, 0x3B, 0x0D, 0x0A, 0x76, 0x61, 0x72, 0x20,
    0x62, 0x79, 0x74, 0x65, 0x20, 0x47, 0x72, 0x61, 0x70, 0x68, 0x69, 0x63, 0x73, 0x41, 0x63, 0x74,
    0x69, 0x6F, 0x6E, 0x3B, 0x0D, 0x0A, 0x76, 0x61, 0x72, 0x20, 0x73, 0x74, 0x72, 0x69, 0x6E, 0x67,
    0x20, 0x4C, 0x61, 0x62, 0x65, 0x6C, 0x54, 0x65, 0x78, 0x74, 0x3B, 0x0D, 0x0A, 0x76, 0x61, 0x72,
    0x20, 0x69, 0x6E, 0x74, 0x20, 0x52, 0x65, 0x73, 0x6F, 0x6C, 0x75, 0x74, 0x69, 0x6F, 0x6E, 0x57,
    0x69, 0x64, 0x74, 0x68, 0x3B, 0x0D, 0x0A, 0x76, 0x61, 0x72, 0x20, 0x69, 0x6E, 0x74, 0x20, 0x52,
    0x65, 0x73, 0x6F, 0x6C, 0x75, 0x74, 0x69, 0x6F, 0x6E, 0x48, 0x65, 0x69, 0x67, 0x68, 0x74, 0x3B,
    0x0D, 0x0A, 0x76, 0x61, 0x72, 0x20, 0x66, 0x6C, 0x6F, 0x61, 0x74, 0x20, 0x4C, 0x61, 0x62, 0x65,
    0x6C, 0x53, 0x63, 0x61, 0x6C, 0x65, 0x3B, 0x0D, 0x0A, 0x76, 0x61, 0x72, 0x20, 0x62, 0x6F, 0x6F,
    0x6C, 0x20, 0x62, 0x53, 0x65, 0x6C, 0x65, 0x63, 0x74, 0x65, 0x64, 0x3B, 0x0D, 0x0A, 0x76, 0x61,
    0x72, 0x20, 0x62, 0x6F, 0x6F, 0x6C, 0x20, 0x62, 0x41, 0x63, 0x74, 0x69, 0x76, 0x61, 0x74, 0x69,
    0x6F, 0x6E, 0x4C, 0x61, 0x74, 0x63, 0x68, 0x3B, 0x0D, 0x0A, 0x76, 0x61, 0x72, 0x20, 0x66, 0x6C,
    0x6F, 0x61, 0x74, 0x20, 0x4C, 0x61, 0x73, 0x74, 0x41, 0x63, 0x74, 0x69, 0x76, 0x61, 0x74, 0x69,
    0x6F, 0x6E, 0x54, 0x69, 0x6D, 0x65, 0x3B, 0x0D, 0x0A, 0x0D, 0x0A, 0x66, 0x75, 0x6E, 0x63, 0x74,
    0x69, 0x6F, 0x6E, 0x20, 0x50, 0x6F, 0x73, 0x74, 0x42, 0x65, 0x67, 0x69, 0x6E, 0x50, 0x6C, 0x61,
    0x79, 0x28, 0x29, 0x0D, 0x0A, 0x7B, 0x0D, 0x0A, 0x09, 0x53, 0x75, 0x70, 0x65, 0x72, 0x2E, 0x50,
    0x6F, 0x73, 0x74, 0x42, 0x65, 0x67, 0x69, 0x6E, 0x50, 0x6C, 0x61, 0x79, 0x28, 0x29, 0x3B, 0x0D,
    0x0A, 0x7D, 0x0D, 0x0A, 0x0D, 0x0A, 0x66, 0x75, 0x6E, 0x63, 0x74, 0x69, 0x6F, 0x6E, 0x20, 0x43,
    0x6F, 0x6E, 0x66, 0x69, 0x67, 0x75, 0x72, 0x65, 0x52, 0x65, 0x73, 0x6F, 0x6C, 0x75, 0x74, 0x69,
    0x6F, 0x6E, 0x28, 0x41, 0x6E, 0x74, 0x69, 0x63, 0x68, 0x61, 0x6D, 0x62, 0x65, 0x72, 0x47, 0x72,
    0x61, 0x70, 0x68, 0x69, 0x63, 0x73, 0x4D, 0x61, 0x6E, 0x61, 0x67, 0x65, 0x72, 0x20, 0x4E, 0x65,
    0x77, 0x47, 0x61, 0x6D, 0x65, 0x2C, 0x20, 0x69, 0x6E, 0x74, 0x20, 0x4E, 0x65, 0x77, 0x57, 0x69,
    0x64, 0x74, 0x68, 0x2C, 0x20, 0x69, 0x6E, 0x74, 0x20, 0x4E, 0x65, 0x77, 0x48, 0x65, 0x69, 0x67,
    0x68, 0x74, 0x29, 0x0D, 0x0A, 0x7B, 0x0D, 0x0A, 0x09, 0x47, 0x72, 0x61, 0x70, 0x68, 0x69, 0x63,
    0x73, 0x47, 0x61, 0x6D, 0x65, 0x20, 0x3D, 0x20, 0x4E, 0x65, 0x77, 0x47, 0x61, 0x6D, 0x65, 0x3B,
    0x0D, 0x0A, 0x09, 0x47, 0x72, 0x61, 0x70, 0x68, 0x69, 0x63, 0x73, 0x41, 0x63, 0x74, 0x69, 0x6F,
    0x6E, 0x20, 0x3D, 0x20, 0x41, 0x43, 0x54, 0x49, 0x4F, 0x4E, 0x5F, 0x52, 0x45, 0x53, 0x4F, 0x4C,
    0x55, 0x54, 0x49, 0x4F, 0x4E, 0x3B, 0x0D, 0x0A, 0x09, 0x4C, 0x61, 0x62, 0x65, 0x6C, 0x53, 0x63,
    0x61, 0x6C, 0x65, 0x20, 0x3D, 0x20, 0x32, 0x2E, 0x30, 0x3B, 0x0D, 0x0A, 0x09, 0x53, 0x65, 0x74,
    0x52, 0x65, 0x73, 0x6F, 0x6C, 0x75, 0x74, 0x69, 0x6F, 0x6E, 0x28, 0x4E, 0x65, 0x77, 0x57, 0x69,
    0x64, 0x74, 0x68, 0x2C, 0x20, 0x4E, 0x65, 0x77, 0x48, 0x65, 0x69, 0x67, 0x68, 0x74, 0x29, 0x3B,
    0x0D, 0x0A, 0x7D, 0x0D, 0x0A, 0x0D, 0x0A, 0x66, 0x75, 0x6E, 0x63, 0x74, 0x69, 0x6F, 0x6E, 0x20,
    0x43, 0x6F, 0x6E, 0x66, 0x69, 0x67, 0x75, 0x72, 0x65, 0x4E, 0x61, 0x76, 0x69, 0x67, 0x61, 0x74,
    0x69, 0x6F, 0x6E, 0x28, 0x41, 0x6E, 0x74, 0x69, 0x63, 0x68, 0x61, 0x6D, 0x62, 0x65, 0x72, 0x47,
    0x72, 0x61, 0x70, 0x68, 0x69, 0x63, 0x73, 0x4D, 0x61, 0x6E, 0x61, 0x67, 0x65, 0x72, 0x20, 0x4E,
    0x65, 0x77, 0x47, 0x61, 0x6D, 0x65, 0x2C, 0x20, 0x62, 0x6F, 0x6F, 0x6C, 0x20, 0x62, 0x4E, 0x65,
    0x78, 0x74, 0x29, 0x0D, 0x0A, 0x7B, 0x0D, 0x0A, 0x09, 0x47, 0x72, 0x61, 0x70, 0x68, 0x69, 0x63,
    0x73, 0x47, 0x61, 0x6D, 0x65, 0x20, 0x3D, 0x20, 0x4E, 0x65, 0x77, 0x47, 0x61, 0x6D, 0x65, 0x3B,
    0x0D, 0x0A, 0x09, 0x47, 0x72, 0x61, 0x70, 0x68, 0x69, 0x63, 0x73, 0x41, 0x63, 0x74, 0x69, 0x6F,
    0x6E, 0x20, 0x3D, 0x20, 0x62, 0x4E, 0x65, 0x78, 0x74, 0x20, 0x3F, 0x20, 0x41, 0x43, 0x54, 0x49,
    0x4F, 0x4E, 0x5F, 0x4E, 0x45, 0x58, 0x54, 0x20, 0x3A, 0x20, 0x41, 0x43, 0x54, 0x49, 0x4F, 0x4E,
    0x5F, 0x4C, 0x41, 0x53, 0x54, 0x3B, 0x0D, 0x0A, 0x09, 0x4C, 0x61, 0x62, 0x65, 0x6C, 0x53, 0x63,
    0x61, 0x6C, 0x65, 0x20, 0x3D, 0x20, 0x32, 0x2E, 0x30, 0x3B, 0x0D, 0x0A, 0x09, 0x4C, 0x61, 0x62,
    0x65, 0x6C, 0x54, 0x65, 0x78, 0x74, 0x20, 0x3D, 0x20, 0x62, 0x4E, 0x65, 0x78, 0x74, 0x20, 0x3F,
    0x20, 0x22, 0x4E, 0x45, 0x58, 0x54, 0x22, 0x20, 0x3A, 0x20, 0x22, 0x4C, 0x41, 0x53, 0x54, 0x22,
    0x3B, 0x0D, 0x0A, 0x7D, 0x0D, 0x0A, 0x0D, 0x0A, 0x66, 0x75, 0x6E, 0x63, 0x74, 0x69, 0x6F, 0x6E,
    0x20, 0x53, 0x65, 0x74, 0x52, 0x65, 0x73, 0x6F, 0x6C, 0x75, 0x74, 0x69, 0x6F, 0x6E, 0x28, 0x69,
    0x6E, 0x74, 0x20, 0x4E, 0x65, 0x77, 0x57, 0x69, 0x64, 0x74, 0x68, 0x2C, 0x20, 0x69, 0x6E, 0x74,
    0x20, 0x4E, 0x65, 0x77, 0x48, 0x65, 0x69, 0x67, 0x68, 0x74, 0x29, 0x0D, 0x0A, 0x7B, 0x0D, 0x0A,
    0x09, 0x52, 0x65, 0x73, 0x6F, 0x6C, 0x75, 0x74, 0x69, 0x6F, 0x6E, 0x57, 0x69, 0x64, 0x74, 0x68,
    0x20, 0x3D, 0x20, 0x4E, 0x65, 0x77, 0x57, 0x69, 0x64, 0x74, 0x68, 0x3B, 0x0D, 0x0A, 0x09, 0x52,
    0x65, 0x73, 0x6F, 0x6C, 0x75, 0x74, 0x69, 0x6F, 0x6E, 0x48, 0x65, 0x69, 0x67, 0x68, 0x74, 0x20,
    0x3D, 0x20, 0x4E, 0x65, 0x77, 0x48, 0x65, 0x69, 0x67, 0x68, 0x74, 0x3B, 0x0D, 0x0A, 0x09, 0x4C,
    0x61, 0x62, 0x65, 0x6C, 0x54, 0x65, 0x78, 0x74, 0x20, 0x3D, 0x20, 0x73, 0x74, 0x72, 0x69, 0x6E,
    0x67, 0x28, 0x4E, 0x65, 0x77, 0x57, 0x69, 0x64, 0x74, 0x68, 0x29, 0x24, 0x22, 0x78, 0x22, 0x24,
    0x73, 0x74, 0x72, 0x69, 0x6E, 0x67, 0x28, 0x4E, 0x65, 0x77, 0x48, 0x65, 0x69, 0x67, 0x68, 0x74,
    0x29, 0x3B, 0x0D, 0x0A, 0x7D, 0x0D, 0x0A, 0x0D, 0x0A, 0x66, 0x75, 0x6E, 0x63, 0x74, 0x69, 0x6F,
    0x6E, 0x20, 0x53, 0x65, 0x74, 0x53, 0x65, 0x6C, 0x65, 0x63, 0x74, 0x65, 0x64, 0x28, 0x62, 0x6F,
    0x6F, 0x6C, 0x20, 0x62, 0x4E, 0x65, 0x77, 0x53, 0x65, 0x6C, 0x65, 0x63, 0x74, 0x65, 0x64, 0x29,
    0x0D, 0x0A, 0x7B, 0x0D, 0x0A, 0x09, 0x62, 0x53, 0x65, 0x6C, 0x65, 0x63, 0x74, 0x65, 0x64, 0x20,
    0x3D, 0x20, 0x62, 0x4E, 0x65, 0x77, 0x53, 0x65, 0x6C, 0x65, 0x63, 0x74, 0x65, 0x64, 0x3B, 0x0D,
    0x0A, 0x09, 0x55, 0x70, 0x64, 0x61, 0x74, 0x65, 0x48, 0x69, 0x67, 0x68, 0x6C, 0x69, 0x67, 0x68,
    0x74, 0x28, 0x29, 0x3B, 0x0D, 0x0A, 0x7D, 0x0D, 0x0A, 0x0D, 0x0A, 0x66, 0x75, 0x6E, 0x63, 0x74,
    0x69, 0x6F, 0x6E, 0x20, 0x55, 0x70, 0x64, 0x61, 0x74, 0x65, 0x48, 0x69, 0x67, 0x68, 0x6C, 0x69,
    0x67, 0x68, 0x74, 0x28, 0x29, 0x0D, 0x0A, 0x7B, 0x0D, 0x0A, 0x09, 0x69, 0x66, 0x20, 0x28, 0x42,
    0x75, 0x74, 0x74, 0x6F, 0x6E, 0x4D, 0x61, 0x74, 0x65, 0x72, 0x69, 0x61, 0x6C, 0x20, 0x21, 0x3D,
    0x20, 0x6E, 0x6F, 0x6E, 0x65, 0x29, 0x0D, 0x0A, 0x09, 0x7B, 0x0D, 0x0A, 0x09, 0x09, 0x42, 0x75,
    0x74, 0x74, 0x6F, 0x6E, 0x4D, 0x61, 0x74, 0x65, 0x72, 0x69, 0x61, 0x6C, 0x2E, 0x53, 0x65, 0x74,
    0x53, 0x63, 0x61, 0x6C, 0x61, 0x72, 0x50, 0x61, 0x72, 0x61, 0x6D, 0x65, 0x74, 0x65, 0x72, 0x56,
    0x61, 0x6C, 0x75, 0x65, 0x28, 0x27, 0x48, 0x69, 0x67, 0x68, 0x6C, 0x69, 0x67, 0x68, 0x74, 0x41,
    0x6D, 0x6F, 0x75, 0x6E, 0x74, 0x27, 0x2C, 0x20, 0x62, 0x53, 0x65, 0x6C, 0x65, 0x63, 0x74, 0x65,
    0x64, 0x20, 0x3F, 0x20, 0x31, 0x20, 0x3A, 0x20, 0x30, 0x29, 0x3B, 0x0D, 0x0A, 0x09, 0x7D, 0x0D,
    0x0A, 0x7D, 0x0D, 0x0A, 0x0D, 0x0A, 0x66, 0x75, 0x6E, 0x63, 0x74, 0x69, 0x6F, 0x6E, 0x20, 0x52,
    0x65, 0x6C, 0x65, 0x61, 0x73, 0x65, 0x41, 0x63, 0x74, 0x69, 0x76, 0x61, 0x74, 0x69, 0x6F, 0x6E,
    0x4C, 0x61, 0x74, 0x63, 0x68, 0x28, 0x29, 0x0D, 0x0A, 0x7B, 0x0D, 0x0A, 0x09, 0x62, 0x41, 0x63,
    0x74, 0x69, 0x76, 0x61, 0x74, 0x69, 0x6F, 0x6E, 0x4C, 0x61, 0x74, 0x63, 0x68, 0x20, 0x3D, 0x20,
    0x66, 0x61, 0x6C, 0x73, 0x65, 0x3B, 0x0D, 0x0A, 0x7D, 0x0D, 0x0A, 0x0D, 0x0A, 0x66, 0x75, 0x6E,
    0x63, 0x74, 0x69, 0x6F, 0x6E, 0x20, 0x41, 0x63, 0x74, 0x69, 0x76, 0x61, 0x74, 0x65, 0x64, 0x28,
    0x62, 0x6F, 0x6F, 0x6C, 0x20, 0x62, 0x4C, 0x6F, 0x61, 0x64, 0x69, 0x6E, 0x67, 0x29, 0x0D, 0x0A,
    0x7B, 0x0D, 0x0A, 0x09, 0x6C, 0x6F, 0x63, 0x61, 0x6C, 0x20, 0x66, 0x6C, 0x6F, 0x61, 0x74, 0x20,
    0x41, 0x63, 0x74, 0x69, 0x76, 0x61, 0x74, 0x69, 0x6F, 0x6E, 0x54, 0x69, 0x6D, 0x65, 0x3B, 0x0D,
    0x0A, 0x0D, 0x0A, 0x09, 0x69, 0x66, 0x20, 0x28, 0x62, 0x4C, 0x6F, 0x61, 0x64, 0x69, 0x6E, 0x67,
    0x29, 0x0D, 0x0A, 0x09, 0x7B, 0x0D, 0x0A, 0x09, 0x09, 0x72, 0x65, 0x74, 0x75, 0x72, 0x6E, 0x3B,
    0x0D, 0x0A, 0x09, 0x7D, 0x0D, 0x0A, 0x0D, 0x0A, 0x09, 0x41, 0x63, 0x74, 0x69, 0x76, 0x61, 0x74,
    0x69, 0x6F, 0x6E, 0x54, 0x69, 0x6D, 0x65, 0x20, 0x3D, 0x20, 0x57, 0x6F, 0x72, 0x6C, 0x64, 0x49,
    0x6E, 0x66, 0x6F, 0x2E, 0x54, 0x69, 0x6D, 0x65, 0x53, 0x65, 0x63, 0x6F, 0x6E, 0x64, 0x73, 0x3B,
    0x0D, 0x0A, 0x09, 0x69, 0x66, 0x20, 0x28, 0x47, 0x72, 0x61, 0x70, 0x68, 0x69, 0x63, 0x73, 0x47,
    0x61, 0x6D, 0x65, 0x20, 0x3D, 0x3D, 0x20, 0x6E, 0x6F, 0x6E, 0x65, 0x29, 0x0D, 0x0A, 0x09, 0x7B,
    0x0D, 0x0A, 0x09, 0x09, 0x72, 0x65, 0x74, 0x75, 0x72, 0x6E, 0x3B, 0x0D, 0x0A, 0x09, 0x7D, 0x0D,
    0x0A, 0x09, 0x69, 0x66, 0x20, 0x28, 0x62, 0x41, 0x63, 0x74, 0x69, 0x76, 0x61, 0x74, 0x69, 0x6F,
    0x6E, 0x4C, 0x61, 0x74, 0x63, 0x68, 0x20, 0x26, 0x26, 0x20, 0x41, 0x63, 0x74, 0x69, 0x76, 0x61,
    0x74, 0x69, 0x6F, 0x6E, 0x54, 0x69, 0x6D, 0x65, 0x20, 0x2D, 0x20, 0x4C, 0x61, 0x73, 0x74, 0x41,
    0x63, 0x74, 0x69, 0x76, 0x61, 0x74, 0x69, 0x6F, 0x6E, 0x54, 0x69, 0x6D, 0x65, 0x20, 0x3C, 0x3D,
    0x20, 0x30, 0x2E, 0x32, 0x30, 0x29, 0x0D, 0x0A, 0x09, 0x7B, 0x0D, 0x0A, 0x09, 0x09, 0x4C, 0x61,
    0x73, 0x74, 0x41, 0x63, 0x74, 0x69, 0x76, 0x61, 0x74, 0x69, 0x6F, 0x6E, 0x54, 0x69, 0x6D, 0x65,
    0x20, 0x3D, 0x20, 0x41, 0x63, 0x74, 0x69, 0x76, 0x61, 0x74, 0x69, 0x6F, 0x6E, 0x54, 0x69, 0x6D,
    0x65, 0x3B, 0x0D, 0x0A, 0x09, 0x09, 0x53, 0x65, 0x74, 0x54, 0x69, 0x6D, 0x65, 0x72, 0x28, 0x30,
    0x2E, 0x32, 0x30, 0x2C, 0x20, 0x66, 0x61, 0x6C, 0x73, 0x65, 0x2C, 0x20, 0x27, 0x52, 0x65, 0x6C,
    0x65, 0x61, 0x73, 0x65, 0x41, 0x63, 0x74, 0x69, 0x76, 0x61, 0x74, 0x69, 0x6F, 0x6E, 0x4C, 0x61,
    0x74, 0x63, 0x68, 0x27, 0x29, 0x3B, 0x0D, 0x0A, 0x09, 0x09, 0x72, 0x65, 0x74, 0x75, 0x72, 0x6E,
    0x3B, 0x0D, 0x0A, 0x09, 0x7D, 0x0D, 0x0A, 0x0D, 0x0A, 0x09, 0x62, 0x41, 0x63, 0x74, 0x69, 0x76,
    0x61, 0x74, 0x69, 0x6F, 0x6E, 0x4C, 0x61, 0x74, 0x63, 0x68, 0x20, 0x3D, 0x20, 0x74, 0x72, 0x75,
    0x65, 0x3B, 0x0D, 0x0A, 0x09, 0x4C, 0x61, 0x73, 0x74, 0x41, 0x63, 0x74, 0x69, 0x76, 0x61, 0x74,
    0x69, 0x6F, 0x6E, 0x54, 0x69, 0x6D, 0x65, 0x20, 0x3D, 0x20, 0x41, 0x63, 0x74, 0x69, 0x76, 0x61,
    0x74, 0x69, 0x6F, 0x6E, 0x54, 0x69, 0x6D, 0x65, 0x3B, 0x0D, 0x0A, 0x09, 0x53, 0x65, 0x74, 0x54,
    0x69, 0x6D, 0x65, 0x72, 0x28, 0x30, 0x2E, 0x32, 0x30, 0x2C, 0x20, 0x66, 0x61, 0x6C, 0x73, 0x65,
    0x2C, 0x20, 0x27, 0x52, 0x65, 0x6C, 0x65, 0x61, 0x73, 0x65, 0x41, 0x63, 0x74, 0x69, 0x76, 0x61,
    0x74, 0x69, 0x6F, 0x6E, 0x4C, 0x61, 0x74, 0x63, 0x68, 0x27, 0x29, 0x3B, 0x0D, 0x0A, 0x0D, 0x0A,
    0x09, 0x69, 0x66, 0x20, 0x28, 0x47, 0x72, 0x61, 0x70, 0x68, 0x69, 0x63, 0x73, 0x41, 0x63, 0x74,
    0x69, 0x6F, 0x6E, 0x20, 0x3D, 0x3D, 0x20, 0x41, 0x43, 0x54, 0x49, 0x4F, 0x4E, 0x5F, 0x52, 0x45,
    0x53, 0x4F, 0x4C, 0x55, 0x54, 0x49, 0x4F, 0x4E, 0x29, 0x0D, 0x0A, 0x09, 0x7B, 0x0D, 0x0A, 0x09,
    0x09, 0x47, 0x72, 0x61, 0x70, 0x68, 0x69, 0x63, 0x73, 0x47, 0x61, 0x6D, 0x65, 0x2E, 0x53, 0x65,
    0x6C, 0x65, 0x63, 0x74, 0x52, 0x65, 0x73, 0x6F, 0x6C, 0x75, 0x74, 0x69, 0x6F, 0x6E, 0x28, 0x52,
    0x65, 0x73, 0x6F, 0x6C, 0x75, 0x74, 0x69, 0x6F, 0x6E, 0x57, 0x69, 0x64, 0x74, 0x68, 0x2C, 0x20,
    0x52, 0x65, 0x73, 0x6F, 0x6C, 0x75, 0x74, 0x69, 0x6F, 0x6E, 0x48, 0x65, 0x69, 0x67, 0x68, 0x74,
    0x29, 0x3B, 0x0D, 0x0A, 0x09, 0x7D, 0x0D, 0x0A, 0x09, 0x65, 0x6C, 0x73, 0x65, 0x20, 0x69, 0x66,
    0x20, 0x28, 0x47, 0x72, 0x61, 0x70, 0x68, 0x69, 0x63, 0x73, 0x41, 0x63, 0x74, 0x69, 0x6F, 0x6E,
    0x20, 0x3D, 0x3D, 0x20, 0x41, 0x43, 0x54, 0x49, 0x4F, 0x4E, 0x5F, 0x4C, 0x41, 0x53, 0x54, 0x29,
    0x0D, 0x0A, 0x09, 0x7B, 0x0D, 0x0A, 0x09, 0x09, 0x47, 0x72, 0x61, 0x70, 0x68, 0x69, 0x63, 0x73,
    0x47, 0x61, 0x6D, 0x65, 0x2E, 0x43, 0x68, 0x61, 0x6E, 0x67, 0x65, 0x52, 0x65, 0x73, 0x6F, 0x6C,
    0x75, 0x74, 0x69, 0x6F, 0x6E, 0x50, 0x61, 0x67, 0x65, 0x28, 0x2D, 0x31, 0x29, 0x3B, 0x0D, 0x0A,
    0x09, 0x7D, 0x0D, 0x0A, 0x09, 0x65, 0x6C, 0x73, 0x65, 0x20, 0x69, 0x66, 0x20, 0x28, 0x47, 0x72,
    0x61, 0x70, 0x68, 0x69, 0x63, 0x73, 0x41, 0x63, 0x74, 0x69, 0x6F, 0x6E, 0x20, 0x3D, 0x3D, 0x20,
    0x41, 0x43, 0x54, 0x49, 0x4F, 0x4E, 0x5F, 0x4E, 0x45, 0x58, 0x54, 0x29, 0x0D, 0x0A, 0x09, 0x7B,
    0x0D, 0x0A, 0x09, 0x09, 0x47, 0x72, 0x61, 0x70, 0x68, 0x69, 0x63, 0x73, 0x47, 0x61, 0x6D, 0x65,
    0x2E, 0x43, 0x68, 0x61, 0x6E, 0x67, 0x65, 0x52, 0x65, 0x73, 0x6F, 0x6C, 0x75, 0x74, 0x69, 0x6F,
    0x6E, 0x50, 0x61, 0x67, 0x65, 0x28, 0x31, 0x29, 0x3B, 0x0D, 0x0A, 0x09, 0x7D, 0x0D, 0x0A, 0x7D,
    0x0D, 0x0A, 0x0D, 0x0A, 0x00, 0xFF, 0xFF, 0xFF, 0xFF, 0xAB, 0x00, 0x00, 0x00, 0x00, 0x00, 0x00,
    0x00, 0x00, 0x00, 0x00, 0x00, 0x00, 0x00, 0x00, 0x00, 0xB2, 0x1A, 0x00, 0x00, 0x63, 0x6C, 0x61,
    0x73, 0x73, 0x20, 0x41, 0x6E, 0x74, 0x69, 0x63, 0x68, 0x61, 0x6D, 0x62, 0x65, 0x72, 0x47, 0x72,
    0x61, 0x70, 0x68, 0x69, 0x63, 0x73, 0x48, 0x55, 0x44, 0x20, 0x65, 0x78, 0x74, 0x65, 0x6E, 0x64,
    0x73, 0x20, 0x48, 0x61, 0x7A, 0x61, 0x72, 0x64, 0x48, 0x55, 0x44, 0x3B, 0x0D, 0x0A, 0x0D, 0x0A,
    0x76, 0x61, 0x72, 0x20, 0x62, 0x6F, 0x6F, 0x6C, 0x20, 0x62, 0x4C, 0x6F, 0x67, 0x67, 0x65, 0x64,
    0x47, 0x72, 0x61, 0x70, 0x68, 0x69, 0x63, 0x73, 0x4D, 0x65, 0x6E, 0x75, 0x44, 0x72, 0x61, 0x77,
    0x3B, 0x0D, 0x0A, 0x76, 0x61, 0x72, 0x20, 0x66, 0x6C, 0x6F, 0x61, 0x74, 0x20, 0x52, 0x65, 0x73,
    0x6F, 0x6C, 0x75, 0x74, 0x69, 0x6F, 0x6E, 0x52, 0x65, 0x66, 0x65, 0x72, 0x65, 0x6E, 0x63, 0x65,
    0x54, 0x65, 0x78, 0x74, 0x57, 0x69, 0x64, 0x74, 0x68, 0x3B, 0x0D, 0x0A, 0x76, 0x61, 0x72, 0x20,
    0x66, 0x6C, 0x6F, 0x61, 0x74, 0x20, 0x52, 0x65, 0x73, 0x6F, 0x6C, 0x75, 0x74, 0x69, 0x6F, 0x6E,
    0x52, 0x65, 0x66, 0x65, 0x72, 0x65, 0x6E, 0x63, 0x65, 0x54, 0x65, 0x78, 0x74, 0x48, 0x65, 0x69,
    0x67, 0x68, 0x74, 0x3B, 0x0D, 0x0A, 0x0D, 0x0A, 0x66, 0x75, 0x6E, 0x63, 0x74, 0x69, 0x6F, 0x6E,
    0x20, 0x44, 0x72, 0x61, 0x77, 0x48, 0x55, 0x44, 0x28, 0x29, 0x0D, 0x0A, 0x7B, 0x0D, 0x0A, 0x09,
    0x53, 0x75, 0x70, 0x65, 0x72, 0x2E, 0x44, 0x72, 0x61, 0x77, 0x48, 0x55, 0x44, 0x28, 0x29, 0x3B,
    0x0D, 0x0A, 0x09, 0x44, 0x72, 0x61, 0x77, 0x47, 0x72, 0x61, 0x70, 0x68, 0x69, 0x63, 0x73, 0x4D,
    0x65, 0x6E, 0x75, 0x4C, 0x61, 0x62, 0x65, 0x6C, 0x73, 0x28, 0x29, 0x3B, 0x0D, 0x0A, 0x7D, 0x0D,
    0x0A, 0x0D, 0x0A, 0x66, 0x75, 0x6E, 0x63, 0x74, 0x69, 0x6F, 0x6E, 0x20, 0x41, 0x64, 0x64, 0x50,
    0x72, 0x6F, 0x6A, 0x65, 0x63, 0x74, 0x65, 0x64, 0x45, 0x64, 0x67, 0x65, 0x49, 0x6E, 0x74, 0x65,
    0x72, 0x73, 0x65, 0x63, 0x74, 0x69, 0x6F, 0x6E, 0x28, 0x76, 0x65, 0x63, 0x74, 0x6F, 0x72, 0x20,
    0x46, 0x69, 0x72, 0x73, 0x74, 0x50, 0x6F, 0x69, 0x6E, 0x74, 0x2C, 0x20, 0x76, 0x65, 0x63, 0x74,
    0x6F, 0x72, 0x20, 0x53, 0x65, 0x63, 0x6F, 0x6E, 0x64, 0x50, 0x6F, 0x69, 0x6E, 0x74, 0x2C, 0x20,
    0x66, 0x6C, 0x6F, 0x61, 0x74, 0x20, 0x53, 0x63, 0x61, 0x6E, 0x59, 0x2C, 0x20, 0x6F, 0x75, 0x74,
    0x20, 0x66, 0x6C, 0x6F, 0x61, 0x74, 0x20, 0x4C, 0x65, 0x66, 0x74, 0x2C, 0x20, 0x6F, 0x75, 0x74,
    0x20, 0x66, 0x6C, 0x6F, 0x61, 0x74, 0x20, 0x52, 0x69, 0x67, 0x68, 0x74, 0x2C, 0x20, 0x6F, 0x75,
    0x74, 0x20, 0x69, 0x6E, 0x74, 0x20, 0x49, 0x6E, 0x74, 0x65, 0x72, 0x73, 0x65, 0x63, 0x74, 0x69,
    0x6F, 0x6E, 0x43, 0x6F, 0x75, 0x6E, 0x74, 0x29, 0x0D, 0x0A, 0x7B, 0x0D, 0x0A, 0x09, 0x6C, 0x6F,
    0x63, 0x61, 0x6C, 0x20, 0x66, 0x6C, 0x6F, 0x61, 0x74, 0x20, 0x41, 0x6C, 0x70, 0x68, 0x61, 0x3B,
    0x0D, 0x0A, 0x09, 0x6C, 0x6F, 0x63, 0x61, 0x6C, 0x20, 0x66, 0x6C, 0x6F, 0x61, 0x74, 0x20, 0x49,
    0x6E, 0x74, 0x65, 0x72, 0x73, 0x65, 0x63, 0x74, 0x69, 0x6F, 0x6E, 0x58, 0x3B, 0x0D, 0x0A, 0x0D,
    0x0A, 0x09, 0x69, 0x66, 0x20, 0x28, 0x46, 0x69, 0x72, 0x73, 0x74, 0x50, 0x6F, 0x69, 0x6E, 0x74,
    0x2E, 0x59, 0x20, 0x3D, 0x3D, 0x20, 0x53, 0x65, 0x63, 0x6F, 0x6E, 0x64, 0x50, 0x6F, 0x69, 0x6E,
    0x74, 0x2E, 0x59, 0x20, 0x7C, 0x7C, 0x20, 0x53, 0x63, 0x61, 0x6E, 0x59, 0x20, 0x3C, 0x20, 0x46,
    0x4D, 0x69, 0x6E, 0x28, 0x46, 0x69, 0x72, 0x73, 0x74, 0x50, 0x6F, 0x69, 0x6E, 0x74, 0x2E, 0x59,
    0x2C, 0x20, 0x53, 0x65, 0x63, 0x6F, 0x6E, 0x64, 0x50, 0x6F, 0x69, 0x6E, 0x74, 0x2E, 0x59, 0x29,
    0x20, 0x7C, 0x7C, 0x20, 0x53, 0x63, 0x61, 0x6E, 0x59, 0x20, 0x3E, 0x3D, 0x20, 0x46, 0x4D, 0x61,
    0x78, 0x28, 0x46, 0x69, 0x72, 0x73, 0x74, 0x50, 0x6F, 0x69, 0x6E, 0x74, 0x2E, 0x59, 0x2C, 0x20,
    0x53, 0x65, 0x63, 0x6F, 0x6E, 0x64, 0x50, 0x6F, 0x69, 0x6E, 0x74, 0x2E, 0x59, 0x29, 0x29, 0x0D,
    0x0A, 0x09, 0x7B, 0x0D, 0x0A, 0x09, 0x09, 0x72, 0x65, 0x74, 0x75, 0x72, 0x6E, 0x3B, 0x0D, 0x0A,
    0x09, 0x7D, 0x0D, 0x0A, 0x09, 0x41, 0x6C, 0x70, 0x68, 0x61, 0x20, 0x3D, 0x20, 0x28, 0x53, 0x63,
    0x61, 0x6E, 0x59, 0x20, 0x2D, 0x20, 0x46, 0x69, 0x72, 0x73, 0x74, 0x50, 0x6F, 0x69, 0x6E, 0x74,
    0x2E, 0x59, 0x29, 0x20, 0x2F, 0x20, 0x28, 0x53, 0x65, 0x63, 0x6F, 0x6E, 0x64, 0x50, 0x6F, 0x69,
    0x6E, 0x74, 0x2E, 0x59, 0x20, 0x2D, 0x20, 0x46, 0x69, 0x72, 0x73, 0x74, 0x50, 0x6F, 0x69, 0x6E,
    0x74, 0x2E, 0x59, 0x29, 0x3B, 0x0D, 0x0A, 0x09, 0x49, 0x6E, 0x74, 0x65, 0x72, 0x73, 0x65, 0x63,
    0x74, 0x69, 0x6F, 0x6E, 0x58, 0x20, 0x3D, 0x20, 0x46, 0x69, 0x72, 0x73, 0x74, 0x50, 0x6F, 0x69,
    0x6E, 0x74, 0x2E, 0x58, 0x20, 0x2B, 0x20, 0x28, 0x53, 0x65, 0x63, 0x6F, 0x6E, 0x64, 0x50, 0x6F,
    0x69, 0x6E, 0x74, 0x2E, 0x58, 0x20, 0x2D, 0x20, 0x46, 0x69, 0x72, 0x73, 0x74, 0x50, 0x6F, 0x69,
    0x6E, 0x74, 0x2E, 0x58, 0x29, 0x20, 0x2A, 0x20, 0x41, 0x6C, 0x70, 0x68, 0x61, 0x3B, 0x0D, 0x0A,
    0x09, 0x69, 0x66, 0x20, 0x28, 0x49, 0x6E, 0x74, 0x65, 0x72, 0x73, 0x65, 0x63, 0x74, 0x69, 0x6F,
    0x6E, 0x43, 0x6F, 0x75, 0x6E, 0x74, 0x20, 0x3D, 0x3D, 0x20, 0x30, 0x29, 0x0D, 0x0A, 0x09, 0x7B,
    0x0D, 0x0A, 0x09, 0x09, 0x4C, 0x65, 0x66, 0x74, 0x20, 0x3D, 0x20, 0x49, 0x6E, 0x74, 0x65, 0x72,
    0x73, 0x65, 0x63, 0x74, 0x69, 0x6F, 0x6E, 0x58, 0x3B, 0x0D, 0x0A, 0x09, 0x09, 0x52, 0x69, 0x67,
    0x68, 0x74, 0x20, 0x3D, 0x20, 0x49, 0x6E, 0x74, 0x65, 0x72, 0x73, 0x65, 0x63, 0x74, 0x69, 0x6F,
    0x6E, 0x58, 0x3B, 0x0D, 0x0A, 0x09, 0x7D, 0x0D, 0x0A, 0x09, 0x65, 0x6C, 0x73, 0x65, 0x0D, 0x0A,
    0x09, 0x7B, 0x0D, 0x0A, 0x09, 0x09, 0x4C, 0x65, 0x66, 0x74, 0x20, 0x3D, 0x20, 0x46, 0x4D, 0x69,
    0x6E, 0x28, 0x4C, 0x65, 0x66, 0x74, 0x2C, 0x20, 0x49, 0x6E, 0x74, 0x65, 0x72, 0x73, 0x65, 0x63,
    0x74, 0x69, 0x6F, 0x6E, 0x58, 0x29, 0x3B, 0x0D, 0x0A, 0x09, 0x09, 0x52, 0x69, 0x67, 0x68, 0x74,
    0x20, 0x3D, 0x20, 0x46, 0x4D, 0x61, 0x78, 0x28, 0x52, 0x69, 0x67, 0x68, 0x74, 0x2C, 0x20, 0x49,
    0x6E, 0x74, 0x65, 0x72, 0x73, 0x65, 0x63, 0x74, 0x69, 0x6F, 0x6E, 0x58, 0x29, 0x3B, 0x0D, 0x0A,
    0x09, 0x7D, 0x0D, 0x0A, 0x09, 0x2B, 0x2B, 0x49, 0x6E, 0x74, 0x65, 0x72, 0x73, 0x65, 0x63, 0x74,
    0x69, 0x6F, 0x6E, 0x43, 0x6F, 0x75, 0x6E, 0x74, 0x3B, 0x0D, 0x0A, 0x7D, 0x0D, 0x0A, 0x0D, 0x0A,
    0x66, 0x75, 0x6E, 0x63, 0x74, 0x69, 0x6F, 0x6E, 0x20, 0x44, 0x72, 0x61, 0x77, 0x50, 0x72, 0x6F,
    0x6A, 0x65, 0x63, 0x74, 0x65, 0x64, 0x42, 0x75, 0x74, 0x74, 0x6F, 0x6E, 0x46, 0x61, 0x63, 0x65,
    0x28, 0x76, 0x65, 0x63, 0x74, 0x6F, 0x72, 0x20, 0x54, 0x6F, 0x70, 0x4C, 0x65, 0x66, 0x74, 0x2C,
    0x20, 0x76, 0x65, 0x63, 0x74, 0x6F, 0x72, 0x20, 0x54, 0x6F, 0x70, 0x52, 0x69, 0x67, 0x68, 0x74,
    0x2C, 0x20, 0x76, 0x65, 0x63, 0x74, 0x6F, 0x72, 0x20, 0x42, 0x6F, 0x74, 0x74, 0x6F, 0x6D, 0x52,
    0x69, 0x67, 0x68, 0x74, 0x2C, 0x20, 0x76, 0x65, 0x63, 0x74, 0x6F, 0x72, 0x20, 0x42, 0x6F, 0x74,
    0x74, 0x6F, 0x6D, 0x4C, 0x65, 0x66, 0x74, 0x2C, 0x20, 0x62, 0x6F, 0x6F, 0x6C, 0x20, 0x62, 0x53,
    0x65, 0x6C, 0x65, 0x63, 0x74, 0x65, 0x64, 0x29, 0x0D, 0x0A, 0x7B, 0x0D, 0x0A, 0x09, 0x6C, 0x6F,
    0x63, 0x61, 0x6C, 0x20, 0x63, 0x6F, 0x6C, 0x6F, 0x72, 0x20, 0x46, 0x61, 0x63, 0x65, 0x43, 0x6F,
    0x6C, 0x6F, 0x72, 0x3B, 0x0D, 0x0A, 0x09, 0x6C, 0x6F, 0x63, 0x61, 0x6C, 0x20, 0x66, 0x6C, 0x6F,
    0x61, 0x74, 0x20, 0x4D, 0x69, 0x6E, 0x59, 0x3B, 0x0D, 0x0A, 0x09, 0x6C, 0x6F, 0x63, 0x61, 0x6C,
    0x20, 0x66, 0x6C, 0x6F, 0x61, 0x74, 0x20, 0x4D, 0x61, 0x78, 0x59, 0x3B, 0x0D, 0x0A, 0x09, 0x6C,
    0x6F, 0x63, 0x61, 0x6C, 0x20, 0x66, 0x6C, 0x6F, 0x61, 0x74, 0x20, 0x53, 0x63, 0x61, 0x6E, 0x59,
    0x3B, 0x0D, 0x0A, 0x09, 0x6C, 0x6F, 0x63, 0x61, 0x6C, 0x20, 0x66, 0x6C, 0x6F, 0x61, 0x74, 0x20,
    0x4C, 0x65, 0x66, 0x74, 0x3B, 0x0D, 0x0A, 0x09, 0x6C, 0x6F, 0x63, 0x61, 0x6C, 0x20, 0x66, 0x6C,
    0x6F, 0x61, 0x74, 0x20, 0x52, 0x69, 0x67, 0x68, 0x74, 0x3B, 0x0D, 0x0A, 0x09, 0x6C, 0x6F, 0x63,
    0x61, 0x6C, 0x20, 0x69, 0x6E, 0x74, 0x20, 0x53, 0x63, 0x61, 0x6E, 0x4C, 0x69, 0x6E, 0x65, 0x3B,
    0x0D, 0x0A, 0x09, 0x6C, 0x6F, 0x63, 0x61, 0x6C, 0x20, 0x69, 0x6E, 0x74, 0x20, 0x49, 0x6E, 0x74,
    0x65, 0x72, 0x73, 0x65, 0x63, 0x74, 0x69, 0x6F, 0x6E, 0x43, 0x6F, 0x75, 0x6E, 0x74, 0x3B, 0x0D,
    0x0A, 0x0D, 0x0A, 0x09, 0x69, 0x66, 0x20, 0x28, 0x62, 0x53, 0x65, 0x6C, 0x65, 0x63, 0x74, 0x65,
    0x64, 0x29, 0x0D, 0x0A, 0x09, 0x7B, 0x0D, 0x0A, 0x09, 0x09, 0x46, 0x61, 0x63, 0x65, 0x43, 0x6F,
    0x6C, 0x6F, 0x72, 0x2E, 0x52, 0x20, 0x3D, 0x20, 0x32, 0x35, 0x35, 0x3B, 0x0D, 0x0A, 0x09, 0x09,
    0x46, 0x61, 0x63, 0x65, 0x43, 0x6F, 0x6C, 0x6F, 0x72, 0x2E, 0x47, 0x20, 0x3D, 0x20, 0x32, 0x35,
    0x35, 0x3B, 0x0D, 0x0A, 0x09, 0x09, 0x46, 0x61, 0x63, 0x65, 0x43, 0x6F, 0x6C, 0x6F, 0x72, 0x2E,
    0x42, 0x20, 0x3D, 0x20, 0x32, 0x35, 0x35, 0x3B, 0x0D, 0x0A, 0x09, 0x7D, 0x0D, 0x0A, 0x09, 0x65,
    0x6C, 0x73, 0x65, 0x0D, 0x0A, 0x09, 0x7B, 0x0D, 0x0A, 0x09, 0x09, 0x46, 0x61, 0x63, 0x65, 0x43,
    0x6F, 0x6C, 0x6F, 0x72, 0x2E, 0x52, 0x20, 0x3D, 0x20, 0x30, 0x3B, 0x0D, 0x0A, 0x09, 0x09, 0x46,
    0x61, 0x63, 0x65, 0x43, 0x6F, 0x6C, 0x6F, 0x72, 0x2E, 0x47, 0x20, 0x3D, 0x20, 0x30, 0x3B, 0x0D,
    0x0A, 0x09, 0x09, 0x46, 0x61, 0x63, 0x65, 0x43, 0x6F, 0x6C, 0x6F, 0x72, 0x2E, 0x42, 0x20, 0x3D,
    0x20, 0x30, 0x3B, 0x0D, 0x0A, 0x09, 0x7D, 0x0D, 0x0A, 0x09, 0x46, 0x61, 0x63, 0x65, 0x43, 0x6F,
    0x6C, 0x6F, 0x72, 0x2E, 0x41, 0x20, 0x3D, 0x20, 0x32, 0x35, 0x35, 0x3B, 0x0D, 0x0A, 0x09, 0x4D,
    0x69, 0x6E, 0x59, 0x20, 0x3D, 0x20, 0x46, 0x4D, 0x69, 0x6E, 0x28, 0x46, 0x4D, 0x69, 0x6E, 0x28,
    0x54, 0x6F, 0x70, 0x4C, 0x65, 0x66, 0x74, 0x2E, 0x59, 0x2C, 0x20, 0x54, 0x6F, 0x70, 0x52, 0x69,
    0x67, 0x68, 0x74, 0x2E, 0x59, 0x29, 0x2C, 0x20, 0x46, 0x4D, 0x69, 0x6E, 0x28, 0x42, 0x6F, 0x74,
    0x74, 0x6F, 0x6D, 0x52, 0x69, 0x67, 0x68, 0x74, 0x2E, 0x59, 0x2C, 0x20, 0x42, 0x6F, 0x74, 0x74,
    0x6F, 0x6D, 0x4C, 0x65, 0x66, 0x74, 0x2E, 0x59, 0x29, 0x29, 0x3B, 0x0D, 0x0A, 0x09, 0x4D, 0x61,
    0x78, 0x59, 0x20, 0x3D, 0x20, 0x46, 0x4D, 0x61, 0x78, 0x28, 0x46, 0x4D, 0x61, 0x78, 0x28, 0x54,
    0x6F, 0x70, 0x4C, 0x65, 0x66, 0x74, 0x2E, 0x59, 0x2C, 0x20, 0x54, 0x6F, 0x70, 0x52, 0x69, 0x67,
    0x68, 0x74, 0x2E, 0x59, 0x29, 0x2C, 0x20, 0x46, 0x4D, 0x61, 0x78, 0x28, 0x42, 0x6F, 0x74, 0x74,
    0x6F, 0x6D, 0x52, 0x69, 0x67, 0x68, 0x74, 0x2E, 0x59, 0x2C, 0x20, 0x42, 0x6F, 0x74, 0x74, 0x6F,
    0x6D, 0x4C, 0x65, 0x66, 0x74, 0x2E, 0x59, 0x29, 0x29, 0x3B, 0x0D, 0x0A, 0x09, 0x66, 0x6F, 0x72,
    0x20, 0x28, 0x53, 0x63, 0x61, 0x6E, 0x4C, 0x69, 0x6E, 0x65, 0x20, 0x3D, 0x20, 0x69, 0x6E, 0x74,
    0x28, 0x4D, 0x69, 0x6E, 0x59, 0x29, 0x20, 0x2B, 0x20, 0x32, 0x3B, 0x20, 0x53, 0x63, 0x61, 0x6E,
    0x4C, 0x69, 0x6E, 0x65, 0x20, 0x3C, 0x3D, 0x20, 0x69, 0x6E, 0x74, 0x28, 0x4D, 0x61, 0x78, 0x59,
    0x29, 0x20, 0x2D, 0x20, 0x32, 0x3B, 0x20, 0x2B, 0x2B, 0x53, 0x63, 0x61, 0x6E, 0x4C, 0x69, 0x6E,
    0x65, 0x29, 0x0D, 0x0A, 0x09, 0x7B, 0x0D, 0x0A, 0x09, 0x09, 0x53, 0x63, 0x61, 0x6E, 0x59, 0x20,
    0x3D, 0x20, 0x66, 0x6C, 0x6F, 0x61, 0x74, 0x28, 0x53, 0x63, 0x61, 0x6E, 0x4C, 0x69, 0x6E, 0x65,
    0x29, 0x20, 0x2B, 0x20, 0x30, 0x2E, 0x35, 0x3B, 0x0D, 0x0A, 0x09, 0x09, 0x49, 0x6E, 0x74, 0x65,
    0x72, 0x73, 0x65, 0x63, 0x74, 0x69, 0x6F, 0x6E, 0x43, 0x6F, 0x75, 0x6E, 0x74, 0x20, 0x3D, 0x20,
    0x30, 0x3B, 0x0D, 0x0A, 0x09, 0x09, 0x41, 0x64, 0x64, 0x50, 0x72, 0x6F, 0x6A, 0x65, 0x63, 0x74,
    0x65, 0x64, 0x45, 0x64, 0x67, 0x65, 0x49, 0x6E, 0x74, 0x65, 0x72, 0x73, 0x65, 0x63, 0x74, 0x69,
    0x6F, 0x6E, 0x28, 0x54, 0x6F, 0x70, 0x4C, 0x65, 0x66, 0x74, 0x2C, 0x20, 0x54, 0x6F, 0x70, 0x52,
    0x69, 0x67, 0x68, 0x74, 0x2C, 0x20, 0x53, 0x63, 0x61, 0x6E, 0x59, 0x2C, 0x20, 0x4C, 0x65, 0x66,
    0x74, 0x2C, 0x20, 0x52, 0x69, 0x67, 0x68, 0x74, 0x2C, 0x20, 0x49, 0x6E, 0x74, 0x65, 0x72, 0x73,
    0x65, 0x63, 0x74, 0x69, 0x6F, 0x6E, 0x43, 0x6F, 0x75, 0x6E, 0x74, 0x29, 0x3B, 0x0D, 0x0A, 0x09,
    0x09, 0x41, 0x64, 0x64, 0x50, 0x72, 0x6F, 0x6A, 0x65, 0x63, 0x74, 0x65, 0x64, 0x45, 0x64, 0x67,
    0x65, 0x49, 0x6E, 0x74, 0x65, 0x72, 0x73, 0x65, 0x63, 0x74, 0x69, 0x6F, 0x6E, 0x28, 0x54, 0x6F,
    0x70, 0x52, 0x69, 0x67, 0x68, 0x74, 0x2C, 0x20, 0x42, 0x6F, 0x74, 0x74, 0x6F, 0x6D, 0x52, 0x69,
    0x67, 0x68, 0x74, 0x2C, 0x20, 0x53, 0x63, 0x61, 0x6E, 0x59, 0x2C, 0x20, 0x4C, 0x65, 0x66, 0x74,
    0x2C, 0x20, 0x52, 0x69, 0x67, 0x68, 0x74, 0x2C, 0x20, 0x49, 0x6E, 0x74, 0x65, 0x72, 0x73, 0x65,
    0x63, 0x74, 0x69, 0x6F, 0x6E, 0x43, 0x6F, 0x75, 0x6E, 0x74, 0x29, 0x3B, 0x0D, 0x0A, 0x09, 0x09,
    0x41, 0x64, 0x64, 0x50, 0x72, 0x6F, 0x6A, 0x65, 0x63, 0x74, 0x65, 0x64, 0x45, 0x64, 0x67, 0x65,
    0x49, 0x6E, 0x74, 0x65, 0x72, 0x73, 0x65, 0x63, 0x74, 0x69, 0x6F, 0x6E, 0x28, 0x42, 0x6F, 0x74,
    0x74, 0x6F, 0x6D, 0x52, 0x69, 0x67, 0x68, 0x74, 0x2C, 0x20, 0x42, 0x6F, 0x74, 0x74, 0x6F, 0x6D,
    0x4C, 0x65, 0x66, 0x74, 0x2C, 0x20, 0x53, 0x63, 0x61, 0x6E, 0x59, 0x2C, 0x20, 0x4C, 0x65, 0x66,
    0x74, 0x2C, 0x20, 0x52, 0x69, 0x67, 0x68, 0x74, 0x2C, 0x20, 0x49, 0x6E, 0x74, 0x65, 0x72, 0x73,
    0x65, 0x63, 0x74, 0x69, 0x6F, 0x6E, 0x43, 0x6F, 0x75, 0x6E, 0x74, 0x29, 0x3B, 0x0D, 0x0A, 0x09,
    0x09, 0x41, 0x64, 0x64, 0x50, 0x72, 0x6F, 0x6A, 0x65, 0x63, 0x74, 0x65, 0x64, 0x45, 0x64, 0x67,
    0x65, 0x49, 0x6E, 0x74, 0x65, 0x72, 0x73, 0x65, 0x63, 0x74, 0x69, 0x6F, 0x6E, 0x28, 0x42, 0x6F,
    0x74, 0x74, 0x6F, 0x6D, 0x4C, 0x65, 0x66, 0x74, 0x2C, 0x20, 0x54, 0x6F, 0x70, 0x4C, 0x65, 0x66,
    0x74, 0x2C, 0x20, 0x53, 0x63, 0x61, 0x6E, 0x59, 0x2C, 0x20, 0x4C, 0x65, 0x66, 0x74, 0x2C, 0x20,
    0x52, 0x69, 0x67, 0x68, 0x74, 0x2C, 0x20, 0x49, 0x6E, 0x74, 0x65, 0x72, 0x73, 0x65, 0x63, 0x74,
    0x69, 0x6F, 0x6E, 0x43, 0x6F, 0x75, 0x6E, 0x74, 0x29, 0x3B, 0x0D, 0x0A, 0x09, 0x09, 0x69, 0x66,
    0x20, 0x28, 0x49, 0x6E, 0x74, 0x65, 0x72, 0x73, 0x65, 0x63, 0x74, 0x69, 0x6F, 0x6E, 0x43, 0x6F,
    0x75, 0x6E, 0x74, 0x20, 0x3E, 0x3D, 0x20, 0x32, 0x20, 0x26, 0x26, 0x20, 0x52, 0x69, 0x67, 0x68,
    0x74, 0x20, 0x2D, 0x20, 0x4C, 0x65, 0x66, 0x74, 0x20, 0x3E, 0x20, 0x34, 0x2E, 0x30, 0x29, 0x0D,
    0x0A, 0x09, 0x09, 0x7B, 0x0D, 0x0A, 0x09, 0x09, 0x09, 0x43, 0x61, 0x6E, 0x76, 0x61, 0x73, 0x2E,
    0x44, 0x72, 0x61, 0x77, 0x32, 0x44, 0x4C, 0x69, 0x6E, 0x65, 0x28, 0x4C, 0x65, 0x66, 0x74, 0x20,
    0x2B, 0x20, 0x32, 0x2E, 0x30, 0x2C, 0x20, 0x53, 0x63, 0x61, 0x6E, 0x59, 0x2C, 0x20, 0x52, 0x69,
    0x67, 0x68, 0x74, 0x20, 0x2D, 0x20, 0x32, 0x2E, 0x30, 0x2C, 0x20, 0x53, 0x63, 0x61, 0x6E, 0x59,
    0x2C, 0x20, 0x46, 0x61, 0x63, 0x65, 0x43, 0x6F, 0x6C, 0x6F, 0x72, 0x29, 0x3B, 0x0D, 0x0A, 0x09,
    0x09, 0x7D, 0x0D, 0x0A, 0x09, 0x7D, 0x0D, 0x0A, 0x7D, 0x0D, 0x0A, 0x0D, 0x0A, 0x66, 0x75, 0x6E,
    0x63, 0x74, 0x69, 0x6F, 0x6E, 0x20, 0x55, 0x70, 0x64, 0x61, 0x74, 0x65, 0x52, 0x65, 0x73, 0x6F,
    0x6C, 0x75, 0x74, 0x69, 0x6F, 0x6E, 0x52, 0x65, 0x66, 0x65, 0x72, 0x65, 0x6E, 0x63, 0x65, 0x53,
    0x69, 0x7A, 0x65, 0x28, 0x29, 0x0D, 0x0A, 0x7B, 0x0D, 0x0A, 0x09, 0x43, 0x61, 0x6E, 0x76, 0x61,
    0x73, 0x2E, 0x53, 0x74, 0x72, 0x4C, 0x65, 0x6E, 0x28, 0x22, 0x38, 0x38, 0x38, 0x38, 0x78, 0x38,
    0x38, 0x38, 0x38, 0x22, 0x2C, 0x20, 0x52, 0x65, 0x73, 0x6F, 0x6C, 0x75, 0x74, 0x69, 0x6F, 0x6E,
    0x52, 0x65, 0x66, 0x65, 0x72, 0x65, 0x6E, 0x63, 0x65, 0x54, 0x65, 0x78, 0x74, 0x57, 0x69, 0x64,
    0x74, 0x68, 0x2C, 0x20, 0x52, 0x65, 0x73, 0x6F, 0x6C, 0x75, 0x74, 0x69, 0x6F, 0x6E, 0x52, 0x65,
    0x66, 0x65, 0x72, 0x65, 0x6E, 0x63, 0x65, 0x54, 0x65, 0x78, 0x74, 0x48, 0x65, 0x69, 0x67, 0x68,
    0x74, 0x29, 0x3B, 0x0D, 0x0A, 0x7D, 0x0D, 0x0A, 0x0D, 0x0A, 0x66, 0x75, 0x6E, 0x63, 0x74, 0x69,
    0x6F, 0x6E, 0x20, 0x44, 0x72, 0x61, 0x77, 0x47, 0x72, 0x61, 0x70, 0x68, 0x69, 0x63, 0x73, 0x4D,
    0x65, 0x6E, 0x75, 0x4C, 0x61, 0x62, 0x65, 0x6C, 0x73, 0x28, 0x29, 0x0D, 0x0A, 0x7B, 0x0D, 0x0A,
    0x09, 0x6C, 0x6F, 0x63, 0x61, 0x6C, 0x20, 0x41, 0x6E, 0x74, 0x69, 0x63, 0x68, 0x61, 0x6D, 0x62,
    0x65, 0x72, 0x47, 0x72, 0x61, 0x70, 0x68, 0x69, 0x63, 0x73, 0x4D, 0x61, 0x6E, 0x61, 0x67, 0x65,
    0x72, 0x20, 0x47, 0x72, 0x61, 0x70, 0x68, 0x69, 0x63, 0x73, 0x47, 0x61, 0x6D, 0x65, 0x3B, 0x0D,
    0x0A, 0x09, 0x6C, 0x6F, 0x63, 0x61, 0x6C, 0x20, 0x41, 0x6E, 0x74, 0x69, 0x63, 0x68, 0x61, 0x6D,
    0x62, 0x65, 0x72, 0x47, 0x72, 0x61, 0x70, 0x68, 0x69, 0x63, 0x73, 0x42, 0x75, 0x74, 0x74, 0x6F,
    0x6E, 0x20, 0x42, 0x75, 0x74, 0x74, 0x6F, 0x6E, 0x3B, 0x0D, 0x0A, 0x09, 0x6C, 0x6F, 0x63, 0x61,
    0x6C, 0x20, 0x76, 0x65, 0x63, 0x74, 0x6F, 0x72, 0x20, 0x56, 0x69, 0x65, 0x77, 0x4C, 0x6F, 0x63,
    0x61, 0x74, 0x69, 0x6F, 0x6E, 0x3B, 0x0D, 0x0A, 0x09, 0x6C, 0x6F, 0x63, 0x61, 0x6C, 0x20, 0x72,
    0x6F, 0x74, 0x61, 0x74, 0x6F, 0x72, 0x20, 0x56, 0x69, 0x65, 0x77, 0x52, 0x6F, 0x74, 0x61, 0x74,
    0x69, 0x6F, 0x6E, 0x3B, 0x0D, 0x0A, 0x09, 0x6C, 0x6F, 0x63, 0x61, 0x6C, 0x20, 0x76, 0x65, 0x63,
    0x74, 0x6F, 0x72, 0x20, 0x41, 0x78, 0x69, 0x73, 0x58, 0x3B, 0x0D, 0x0A, 0x09, 0x6C, 0x6F, 0x63,
    0x61, 0x6C, 0x20, 0x76, 0x65, 0x63, 0x74, 0x6F, 0x72, 0x20, 0x41, 0x78, 0x69, 0x73, 0x59, 0x3B,
    0x0D, 0x0A, 0x09, 0x6C, 0x6F, 0x63, 0x61, 0x6C, 0x20, 0x76, 0x65, 0x63, 0x74, 0x6F, 0x72, 0x20,
    0x41, 0x78, 0x69, 0x73, 0x5A, 0x3B, 0x0D, 0x0A, 0x09, 0x6C, 0x6F, 0x63, 0x61, 0x6C, 0x20, 0x76,
    0x65, 0x63, 0x74, 0x6F, 0x72, 0x20, 0x42, 0x75, 0x74, 0x74, 0x6F, 0x6E, 0x43, 0x65, 0x6E, 0x74,
    0x65, 0x72, 0x3B, 0x0D, 0x0A, 0x09, 0x6C, 0x6F, 0x63, 0x61, 0x6C, 0x20, 0x76, 0x65, 0x63, 0x74,
    0x6F, 0x72, 0x20, 0x43, 0x65, 0x6E, 0x74, 0x65, 0x72, 0x53, 0x63, 0x72, 0x65, 0x65, 0x6E, 0x3B,
    0x0D, 0x0A, 0x09, 0x6C, 0x6F, 0x63, 0x61, 0x6C, 0x20, 0x76, 0x65, 0x63, 0x74, 0x6F, 0x72, 0x20,
    0x54, 0x6F, 0x70, 0x4C, 0x65, 0x66, 0x74, 0x53, 0x63, 0x72, 0x65, 0x65, 0x6E, 0x3B, 0x0D, 0x0A,
    0x09, 0x6C, 0x6F, 0x63, 0x61, 0x6C, 0x20, 0x76, 0x65, 0x63, 0x74, 0x6F, 0x72, 0x20, 0x54, 0x6F,
    0x70, 0x52, 0x69, 0x67, 0x68, 0x74, 0x53, 0x63, 0x72, 0x65, 0x65, 0x6E, 0x3B, 0x0D, 0x0A, 0x09,
    0x6C, 0x6F, 0x63, 0x61, 0x6C, 0x20, 0x76, 0x65, 0x63, 0x74, 0x6F, 0x72, 0x20, 0x42, 0x6F, 0x74,
    0x74, 0x6F, 0x6D, 0x52, 0x69, 0x67, 0x68, 0x74, 0x53, 0x63, 0x72, 0x65, 0x65, 0x6E, 0x3B, 0x0D,
    0x0A, 0x09, 0x6C, 0x6F, 0x63, 0x61, 0x6C, 0x20, 0x76, 0x65, 0x63, 0x74, 0x6F, 0x72, 0x20, 0x42,
    0x6F, 0x74, 0x74, 0x6F, 0x6D, 0x4C, 0x65, 0x66, 0x74, 0x53, 0x63, 0x72, 0x65, 0x65, 0x6E, 0x3B,
    0x0D, 0x0A, 0x09, 0x6C, 0x6F, 0x63, 0x61, 0x6C, 0x20, 0x76, 0x65, 0x63, 0x74, 0x6F, 0x72, 0x20,
    0x4C, 0x65, 0x67, 0x61, 0x63, 0x79, 0x57, 0x69, 0x64, 0x74, 0x68, 0x53, 0x63, 0x72, 0x65, 0x65,
    0x6E, 0x3B, 0x0D, 0x0A, 0x09, 0x6C, 0x6F, 0x63, 0x61, 0x6C, 0x20, 0x76, 0x65, 0x63, 0x74, 0x6F,
    0x72, 0x20, 0x4C, 0x65, 0x67, 0x61, 0x63, 0x79, 0x48, 0x65, 0x69, 0x67, 0x68, 0x74, 0x53, 0x63,
    0x72, 0x65, 0x65, 0x6E, 0x3B, 0x0D, 0x0A, 0x09, 0x6C, 0x6F, 0x63, 0x61, 0x6C, 0x20, 0x66, 0x6C,
    0x6F, 0x61, 0x74, 0x20, 0x4C, 0x65, 0x66, 0x74, 0x3B, 0x0D, 0x0A, 0x09, 0x6C, 0x6F, 0x63, 0x61,
    0x6C, 0x20, 0x66, 0x6C, 0x6F, 0x61, 0x74, 0x20, 0x52, 0x69, 0x67, 0x68, 0x74, 0x3B, 0x0D, 0x0A,
    0x09, 0x6C, 0x6F, 0x63, 0x61, 0x6C, 0x20, 0x66, 0x6C, 0x6F, 0x61, 0x74, 0x20, 0x54, 0x6F, 0x70,
    0x3B, 0x0D, 0x0A, 0x09, 0x6C, 0x6F, 0x63, 0x61, 0x6C, 0x20, 0x66, 0x6C, 0x6F, 0x61, 0x74, 0x20,
    0x42, 0x6F, 0x74, 0x74, 0x6F, 0x6D, 0x3B, 0x0D, 0x0A, 0x09, 0x6C, 0x6F, 0x63, 0x61, 0x6C, 0x20,
    0x66, 0x6C, 0x6F, 0x61, 0x74, 0x20, 0x57, 0x69, 0x64, 0x74, 0x68, 0x3B, 0x0D, 0x0A, 0x09, 0x6C,
    0x6F, 0x63, 0x61, 0x6C, 0x20, 0x66, 0x6C, 0x6F, 0x61, 0x74, 0x20, 0x48, 0x65, 0x69, 0x67, 0x68,
    0x74, 0x3B, 0x0D, 0x0A, 0x09, 0x6C, 0x6F, 0x63, 0x61, 0x6C, 0x20, 0x66, 0x6C, 0x6F, 0x61, 0x74,
    0x20, 0x54, 0x65, 0x78, 0x74, 0x57, 0x69, 0x64, 0x74, 0x68, 0x3B, 0x0D, 0x0A, 0x09, 0x6C, 0x6F,
    0x63, 0x61, 0x6C, 0x20, 0x66, 0x6C, 0x6F, 0x61, 0x74, 0x20, 0x54, 0x65, 0x78, 0x74, 0x48, 0x65,
    0x69, 0x67, 0x68, 0x74, 0x3B, 0x0D, 0x0A, 0x09, 0x6C, 0x6F, 0x63, 0x61, 0x6C, 0x20, 0x66, 0x6C,
    0x6F, 0x61, 0x74, 0x20, 0x54, 0x65, 0x78, 0x74, 0x53, 0x63, 0x61, 0x6C, 0x65, 0x3B, 0x0D, 0x0A,
    0x09, 0x6C, 0x6F, 0x63, 0x61, 0x6C, 0x20, 0x66, 0x6C, 0x6F, 0x61, 0x74, 0x20, 0x46, 0x69, 0x74,
    0x54, 0x65, 0x78, 0x74, 0x57, 0x69, 0x64, 0x74, 0x68, 0x3B, 0x0D, 0x0A, 0x09, 0x6C, 0x6F, 0x63,
    0x61, 0x6C, 0x20, 0x66, 0x6C, 0x6F, 0x61, 0x74, 0x20, 0x46, 0x69, 0x74, 0x54, 0x65, 0x78, 0x74,
    0x48, 0x65, 0x69, 0x67, 0x68, 0x74, 0x3B, 0x0D, 0x0A, 0x09, 0x6C, 0x6F, 0x63, 0x61, 0x6C, 0x20,
    0x66, 0x6C, 0x6F, 0x61, 0x74, 0x20, 0x46, 0x69, 0x74, 0x57, 0x69, 0x64, 0x74, 0x68, 0x3B, 0x0D,
    0x0A, 0x09, 0x6C, 0x6F, 0x63, 0x61, 0x6C, 0x20, 0x66, 0x6C, 0x6F, 0x61, 0x74, 0x20, 0x46, 0x69,
    0x74, 0x48, 0x65, 0x69, 0x67, 0x68, 0x74, 0x3B, 0x0D, 0x0A, 0x09, 0x6C, 0x6F, 0x63, 0x61, 0x6C,
    0x20, 0x69, 0x6E, 0x74, 0x20, 0x49, 0x6E, 0x64, 0x65, 0x78, 0x3B, 0x0D, 0x0A, 0x09, 0x6C, 0x6F,
    0x63, 0x61, 0x6C, 0x20, 0x69, 0x6E, 0x74, 0x20, 0x56, 0x69, 0x73, 0x69, 0x62, 0x6C, 0x65, 0x42,
    0x75, 0x74, 0x74, 0x6F, 0x6E, 0x43, 0x6F, 0x75, 0x6E, 0x74, 0x3B, 0x0D, 0x0A, 0x0D, 0x0A, 0x09,
    0x69, 0x66, 0x20, 0x28, 0x50, 0x6C, 0x61, 0x79, 0x65, 0x72, 0x4F, 0x77, 0x6E, 0x65, 0x72, 0x20,
    0x3D, 0x3D, 0x20, 0x6E, 0x6F, 0x6E, 0x65, 0x20, 0x7C, 0x7C, 0x20, 0x43, 0x61, 0x6E, 0x76, 0x61,
    0x73, 0x20, 0x3D, 0x3D, 0x20, 0x6E, 0x6F, 0x6E, 0x65, 0x29, 0x0D, 0x0A, 0x09, 0x7B, 0x0D, 0x0A,
    0x09, 0x09, 0x72, 0x65, 0x74, 0x75, 0x72, 0x6E, 0x3B, 0x0D, 0x0A, 0x09, 0x7D, 0x0D, 0x0A, 0x09,
    0x66, 0x6F, 0x72, 0x65, 0x61, 0x63, 0x68, 0x20, 0x44, 0x79, 0x6E, 0x61, 0x6D, 0x69, 0x63, 0x41,
    0x63, 0x74, 0x6F, 0x72, 0x73, 0x28, 0x63, 0x6C, 0x61, 0x73, 0x73, 0x27, 0x41, 0x6E, 0x74, 0x69,
    0x63, 0x68, 0x61, 0x6D, 0x62, 0x65, 0x72, 0x47, 0x72, 0x61, 0x70, 0x68, 0x69, 0x63, 0x73, 0x4D,
    0x61, 0x6E, 0x61, 0x67, 0x65, 0x72, 0x27, 0x2C, 0x20, 0x47, 0x72, 0x61, 0x70, 0x68, 0x69, 0x63,
    0x73, 0x47, 0x61, 0x6D, 0x65, 0x29, 0x0D, 0x0A, 0x09, 0x7B, 0x0D, 0x0A, 0x09, 0x09, 0x62, 0x72,
    0x65, 0x61, 0x6B, 0x3B, 0x0D, 0x0A, 0x09, 0x7D, 0x0D, 0x0A, 0x09, 0x69, 0x66, 0x20, 0x28, 0x47,
    0x72, 0x61, 0x70, 0x68, 0x69, 0x63, 0x73, 0x47, 0x61, 0x6D, 0x65, 0x20, 0x3D, 0x3D, 0x20, 0x6E,
    0x6F, 0x6E, 0x65, 0x29, 0x0D, 0x0A, 0x09, 0x7B, 0x0D, 0x0A, 0x09, 0x09, 0x72, 0x65, 0x74, 0x75,
    0x72, 0x6E, 0x3B, 0x0D, 0x0A, 0x09, 0x7D, 0x0D, 0x0A, 0x0D, 0x0A, 0x09, 0x50, 0x6C, 0x61, 0x79,
    0x65, 0x72, 0x4F, 0x77, 0x6E, 0x65, 0x72, 0x2E, 0x47, 0x65, 0x74, 0x50, 0x6C, 0x61, 0x79, 0x65,
    0x72, 0x56, 0x69, 0x65, 0x77, 0x50, 0x6F, 0x69, 0x6E, 0x74, 0x28, 0x56, 0x69, 0x65, 0x77, 0x4C,
    0x6F, 0x63, 0x61, 0x74, 0x69, 0x6F, 0x6E, 0x2C, 0x20, 0x56, 0x69, 0x65, 0x77, 0x52, 0x6F, 0x74,
    0x61, 0x74, 0x69, 0x6F, 0x6E, 0x29, 0x3B, 0x0D, 0x0A, 0x09, 0x43, 0x61, 0x6E, 0x76, 0x61, 0x73,
    0x2E, 0x46, 0x6F, 0x6E, 0x74, 0x20, 0x3D, 0x20, 0x47, 0x65, 0x74, 0x46, 0x6F, 0x6E, 0x74, 0x53,
    0x69, 0x7A, 0x65, 0x49, 0x6E, 0x64, 0x65, 0x78, 0x28, 0x30, 0x29, 0x3B, 0x0D, 0x0A, 0x09, 0x55,
    0x70, 0x64, 0x61, 0x74, 0x65, 0x52, 0x65, 0x73, 0x6F, 0x6C, 0x75, 0x74, 0x69, 0x6F, 0x6E, 0x52,
    0x65, 0x66, 0x65, 0x72, 0x65, 0x6E, 0x63, 0x65, 0x53, 0x69, 0x7A, 0x65, 0x28, 0x29, 0x3B, 0x0D,
    0x0A, 0x09, 0x66, 0x6F, 0x72, 0x20, 0x28, 0x49, 0x6E, 0x64, 0x65, 0x78, 0x20, 0x3D, 0x20, 0x30,
    0x3B, 0x20, 0x49, 0x6E, 0x64, 0x65, 0x78, 0x20, 0x3C, 0x20, 0x47, 0x72, 0x61, 0x70, 0x68, 0x69,
    0x63, 0x73, 0x47, 0x61, 0x6D, 0x65, 0x2E, 0x47, 0x72, 0x61, 0x70, 0x68, 0x69, 0x63, 0x73, 0x42,
    0x75, 0x74, 0x74, 0x6F, 0x6E, 0x73, 0x2E, 0x4C, 0x65, 0x6E, 0x67, 0x74, 0x68, 0x3B, 0x20, 0x2B,
    0x2B, 0x49, 0x6E, 0x64, 0x65, 0x78, 0x29, 0x0D, 0x0A, 0x09, 0x7B, 0x0D, 0x0A, 0x09, 0x09, 0x42,
    0x75, 0x74, 0x74, 0x6F, 0x6E, 0x20, 0x3D, 0x20, 0x47, 0x72, 0x61, 0x70, 0x68, 0x69, 0x63, 0x73,
    0x47, 0x61, 0x6D, 0x65, 0x2E, 0x47, 0x72, 0x61, 0x70, 0x68, 0x69, 0x63, 0x73, 0x42, 0x75, 0x74,
    0x74, 0x6F, 0x6E, 0x73, 0x5B, 0x49, 0x6E, 0x64, 0x65, 0x78, 0x5D, 0x3B, 0x0D, 0x0A, 0x09, 0x09,
    0x69, 0x66, 0x20, 0x28, 0x42, 0x75, 0x74, 0x74, 0x6F, 0x6E, 0x20, 0x3D, 0x3D, 0x20, 0x6E, 0x6F,
    0x6E, 0x65, 0x20, 0x7C, 0x7C, 0x20, 0x42, 0x75, 0x74, 0x74, 0x6F, 0x6E, 0x2E, 0x53, 0x74, 0x61,
    0x74, 0x69, 0x63, 0x4D, 0x65, 0x73, 0x68, 0x43, 0x6F, 0x6D, 0x70, 0x6F, 0x6E, 0x65, 0x6E, 0x74,
    0x20, 0x3D, 0x3D, 0x20, 0x6E, 0x6F, 0x6E, 0x65, 0x20, 0x7C, 0x7C, 0x20, 0x42, 0x75, 0x74, 0x74,
    0x6F, 0x6E, 0x2E, 0x62, 0x48, 0x69, 0x64, 0x64, 0x65, 0x6E, 0x20, 0x7C, 0x7C, 0x20, 0x56, 0x53,
    0x69, 0x7A, 0x65, 0x28, 0x42, 0x75, 0x74, 0x74, 0x6F, 0x6E, 0x2E, 0x4C, 0x6F, 0x63, 0x61, 0x74,
    0x69, 0x6F, 0x6E, 0x20, 0x2D, 0x20, 0x56, 0x69, 0x65, 0x77, 0x4C, 0x6F, 0x63, 0x61, 0x74, 0x69,
    0x6F, 0x6E, 0x29, 0x20, 0x3E, 0x20, 0x31, 0x36, 0x30, 0x30, 0x20, 0x7C, 0x7C, 0x20, 0x4E, 0x6F,
    0x72, 0x6D, 0x61, 0x6C, 0x28, 0x42, 0x75, 0x74, 0x74, 0x6F, 0x6E, 0x2E, 0x4C, 0x6F, 0x63, 0x61,
    0x74, 0x69, 0x6F, 0x6E, 0x20, 0x2D, 0x20, 0x56, 0x69, 0x65, 0x77, 0x4C, 0x6F, 0x63, 0x61, 0x74,
    0x69, 0x6F, 0x6E, 0x29, 0x20, 0x64, 0x6F, 0x74, 0x20, 0x76, 0x65, 0x63, 0x74, 0x6F, 0x72, 0x28,
    0x56, 0x69, 0x65, 0x77, 0x52, 0x6F, 0x74, 0x61, 0x74, 0x69, 0x6F, 0x6E, 0x29, 0x20, 0x3C, 0x20,
    0x30, 0x2E, 0x34, 0x35, 0x29, 0x0D, 0x0A, 0x09, 0x09, 0x7B, 0x0D, 0x0A, 0x09, 0x09, 0x09, 0x63,
    0x6F, 0x6E, 0x74, 0x69, 0x6E, 0x75, 0x65, 0x3B, 0x0D, 0x0A, 0x09, 0x09, 0x7D, 0x0D, 0x0A, 0x0D,
    0x0A, 0x09, 0x09, 0x47, 0x65, 0x74, 0x41, 0x78, 0x65, 0x73, 0x28, 0x42, 0x75, 0x74, 0x74, 0x6F,
    0x6E, 0x2E, 0x52, 0x6F, 0x74, 0x61, 0x74, 0x69, 0x6F, 0x6E, 0x2C, 0x20, 0x41, 0x78, 0x69, 0x73,
    0x58, 0x2C, 0x20, 0x41, 0x78, 0x69, 0x73, 0x59, 0x2C, 0x20, 0x41, 0x78, 0x69, 0x73, 0x5A, 0x29,
    0x3B, 0x0D, 0x0A, 0x09, 0x09, 0x42, 0x75, 0x74, 0x74, 0x6F, 0x6E, 0x43, 0x65, 0x6E, 0x74, 0x65,
    0x72, 0x20, 0x3D, 0x20, 0x42, 0x75, 0x74, 0x74, 0x6F, 0x6E, 0x2E, 0x53, 0x74, 0x61, 0x74, 0x69,
    0x63, 0x4D, 0x65, 0x73, 0x68, 0x43, 0x6F, 0x6D, 0x70, 0x6F, 0x6E, 0x65, 0x6E, 0x74, 0x2E, 0x42,
    0x6F, 0x75, 0x6E, 0x64, 0x73, 0x2E, 0x4F, 0x72, 0x69, 0x67, 0x69, 0x6E, 0x3B, 0x0D, 0x0A, 0x09,
    0x09, 0x43, 0x65, 0x6E, 0x74, 0x65, 0x72, 0x53, 0x63, 0x72, 0x65, 0x65, 0x6E, 0x20, 0x3D, 0x20,
    0x43, 0x61, 0x6E, 0x76, 0x61, 0x73, 0x2E, 0x50, 0x72, 0x6F, 0x6A, 0x65, 0x63, 0x74, 0x28, 0x42,
    0x75, 0x74, 0x74, 0x6F, 0x6E, 0x43, 0x65, 0x6E, 0x74, 0x65, 0x72, 0x29, 0x3B, 0x0D, 0x0A, 0x09,
    0x09, 0x54, 0x6F, 0x70, 0x4C, 0x65, 0x66, 0x74, 0x53, 0x63, 0x72, 0x65, 0x65, 0x6E, 0x20, 0x3D,
    0x20, 0x43, 0x61, 0x6E, 0x76, 0x61, 0x73, 0x2E, 0x50, 0x72, 0x6F, 0x6A, 0x65, 0x63, 0x74, 0x28,
    0x42, 0x75, 0x74, 0x74, 0x6F, 0x6E, 0x43, 0x65, 0x6E, 0x74, 0x65, 0x72, 0x20, 0x2D, 0x20, 0x41,
    0x78, 0x69, 0x73, 0x58, 0x20, 0x2A, 0x20, 0x36, 0x34, 0x2E, 0x30, 0x20, 0x2A, 0x20, 0x42, 0x75,
    0x74, 0x74, 0x6F, 0x6E, 0x2E, 0x44, 0x72, 0x61, 0x77, 0x53, 0x63, 0x61, 0x6C, 0x65, 0x33, 0x44,
    0x2E, 0x58, 0x20, 0x2B, 0x20, 0x41, 0x78, 0x69, 0x73, 0x5A, 0x20, 0x2A, 0x20, 0x36, 0x34, 0x2E,
    0x30, 0x20, 0x2A, 0x20, 0x42, 0x75, 0x74, 0x74, 0x6F, 0x6E, 0x2E, 0x44, 0x72, 0x61, 0x77, 0x53,
    0x63, 0x61, 0x6C, 0x65, 0x33, 0x44, 0x2E, 0x5A, 0x29, 0x3B, 0x0D, 0x0A, 0x09, 0x09, 0x54, 0x6F,
    0x70, 0x52, 0x69, 0x67, 0x68, 0x74, 0x53, 0x63, 0x72, 0x65, 0x65, 0x6E, 0x20, 0x3D, 0x20, 0x43,
    0x61, 0x6E, 0x76, 0x61, 0x73, 0x2E, 0x50, 0x72, 0x6F, 0x6A, 0x65, 0x63, 0x74, 0x28, 0x42, 0x75,
    0x74, 0x74, 0x6F, 0x6E, 0x43, 0x65, 0x6E, 0x74, 0x65, 0x72, 0x20, 0x2B, 0x20, 0x41, 0x78, 0x69,
    0x73, 0x58, 0x20, 0x2A, 0x20, 0x36, 0x34, 0x2E, 0x30, 0x20, 0x2A, 0x20, 0x42, 0x75, 0x74, 0x74,
    0x6F, 0x6E, 0x2E, 0x44, 0x72, 0x61, 0x77, 0x53, 0x63, 0x61, 0x6C, 0x65, 0x33, 0x44, 0x2E, 0x58,
    0x20, 0x2B, 0x20, 0x41, 0x78, 0x69, 0x73, 0x5A, 0x20, 0x2A, 0x20, 0x36, 0x34, 0x2E, 0x30, 0x20,
    0x2A, 0x20, 0x42, 0x75, 0x74, 0x74, 0x6F, 0x6E, 0x2E, 0x44, 0x72, 0x61, 0x77, 0x53, 0x63, 0x61,
    0x6C, 0x65, 0x33, 0x44, 0x2E, 0x5A, 0x29, 0x3B, 0x0D, 0x0A, 0x09, 0x09, 0x42, 0x6F, 0x74, 0x74,
    0x6F, 0x6D, 0x52, 0x69, 0x67, 0x68, 0x74, 0x53, 0x63, 0x72, 0x65, 0x65, 0x6E, 0x20, 0x3D, 0x20,
    0x43, 0x61, 0x6E, 0x76, 0x61, 0x73, 0x2E, 0x50, 0x72, 0x6F, 0x6A, 0x65, 0x63, 0x74, 0x28, 0x42,
    0x75, 0x74, 0x74, 0x6F, 0x6E, 0x43, 0x65, 0x6E, 0x74, 0x65, 0x72, 0x20, 0x2B, 0x20, 0x41, 0x78,
    0x69, 0x73, 0x58, 0x20, 0x2A, 0x20, 0x36, 0x34, 0x2E, 0x30, 0x20, 0x2A, 0x20, 0x42, 0x75, 0x74,
    0x74, 0x6F, 0x6E, 0x2E, 0x44, 0x72, 0x61, 0x77, 0x53, 0x63, 0x61, 0x6C, 0x65, 0x33, 0x44, 0x2E,
    0x58, 0x20, 0x2D, 0x20, 0x41, 0x78, 0x69, 0x73, 0x5A, 0x20, 0x2A, 0x20, 0x36, 0x34, 0x2E, 0x30,
    0x20, 0x2A, 0x20, 0x42, 0x75, 0x74, 0x74, 0x6F, 0x6E, 0x2E, 0x44, 0x72, 0x61, 0x77, 0x53, 0x63,
    0x61, 0x6C, 0x65, 0x33, 0x44, 0x2E, 0x5A, 0x29, 0x3B, 0x0D, 0x0A, 0x09, 0x09, 0x42, 0x6F, 0x74,
    0x74, 0x6F, 0x6D, 0x4C, 0x65, 0x66, 0x74, 0x53, 0x63, 0x72, 0x65, 0x65, 0x6E, 0x20, 0x3D, 0x20,
    0x43, 0x61, 0x6E, 0x76, 0x61, 0x73, 0x2E, 0x50, 0x72, 0x6F, 0x6A, 0x65, 0x63, 0x74, 0x28, 0x42,
    0x75, 0x74, 0x74, 0x6F, 0x6E, 0x43, 0x65, 0x6E, 0x74, 0x65, 0x72, 0x20, 0x2D, 0x20, 0x41, 0x78,
    0x69, 0x73, 0x58, 0x20, 0x2A, 0x20, 0x36, 0x34, 0x2E, 0x30, 0x20, 0x2A, 0x20, 0x42, 0x75, 0x74,
    0x74, 0x6F, 0x6E, 0x2E, 0x44, 0x72, 0x61, 0x77, 0x53, 0x63, 0x61, 0x6C, 0x65, 0x33, 0x44, 0x2E,
    0x58, 0x20, 0x2D, 0x20, 0x41, 0x78, 0x69, 0x73, 0x5A, 0x20, 0x2A, 0x20, 0x36, 0x34, 0x2E, 0x30,
    0x20, 0x2A, 0x20, 0x42, 0x75, 0x74, 0x74, 0x6F, 0x6E, 0x2E, 0x44, 0x72, 0x61, 0x77, 0x53, 0x63,
    0x61, 0x6C, 0x65, 0x33, 0x44, 0x2E, 0x5A, 0x29, 0x3B, 0x0D, 0x0A, 0x09, 0x09, 0x69, 0x66, 0x20,
    0x28, 0x43, 0x65, 0x6E, 0x74, 0x65, 0x72, 0x53, 0x63, 0x72, 0x65, 0x65, 0x6E, 0x2E, 0x5A, 0x20,
    0x3C, 0x3D, 0x20, 0x30, 0x20, 0x7C, 0x7C, 0x20, 0x54, 0x6F, 0x70, 0x4C, 0x65, 0x66, 0x74, 0x53,
    0x63, 0x72, 0x65, 0x65, 0x6E, 0x2E, 0x5A, 0x20, 0x3C, 0x3D, 0x20, 0x30, 0x20, 0x7C, 0x7C, 0x20,
    0x54, 0x6F, 0x70, 0x52, 0x69, 0x67, 0x68, 0x74, 0x53, 0x63, 0x72, 0x65, 0x65, 0x6E, 0x2E, 0x5A,
    0x20, 0x3C, 0x3D, 0x20, 0x30, 0x20, 0x7C, 0x7C, 0x20, 0x42, 0x6F, 0x74, 0x74, 0x6F, 0x6D, 0x52,
    0x69, 0x67, 0x68, 0x74, 0x53, 0x63, 0x72, 0x65, 0x65, 0x6E, 0x2E, 0x5A, 0x20, 0x3C, 0x3D, 0x20,
    0x30, 0x20, 0x7C, 0x7C, 0x20, 0x42, 0x6F, 0x74, 0x74, 0x6F, 0x6D, 0x4C, 0x65, 0x66, 0x74, 0x53,
    0x63, 0x72, 0x65, 0x65, 0x6E, 0x2E, 0x5A, 0x20, 0x3C, 0x3D, 0x20, 0x30, 0x29, 0x0D, 0x0A, 0x09,
    0x09, 0x7B, 0x0D, 0x0A, 0x09, 0x09, 0x09, 0x63, 0x6F, 0x6E, 0x74, 0x69, 0x6E, 0x75, 0x65, 0x3B,
    0x0D, 0x0A, 0x09, 0x09, 0x7D, 0x0D, 0x0A, 0x0D, 0x0A, 0x09, 0x09, 0x4C, 0x65, 0x66, 0x74, 0x20,
    0x3D, 0x20, 0x46, 0x4D, 0x69, 0x6E, 0x28, 0x46, 0x4D, 0x69, 0x6E, 0x28, 0x54, 0x6F, 0x70, 0x4C,
    0x65, 0x66, 0x74, 0x53, 0x63, 0x72, 0x65, 0x65, 0x6E, 0x2E, 0x58, 0x2C, 0x20, 0x54, 0x6F, 0x70,
    0x52, 0x69, 0x67, 0x68, 0x74, 0x53, 0x63, 0x72, 0x65, 0x65, 0x6E, 0x2E, 0x58, 0x29, 0x2C, 0x20,
    0x46, 0x4D, 0x69, 0x6E, 0x28, 0x42, 0x6F, 0x74, 0x74, 0x6F, 0x6D, 0x52, 0x69, 0x67, 0x68, 0x74,
    0x53, 0x63, 0x72, 0x65, 0x65, 0x6E, 0x2E, 0x58, 0x2C, 0x20, 0x42, 0x6F, 0x74, 0x74, 0x6F, 0x6D,
    0x4C, 0x65, 0x66, 0x74, 0x53, 0x63, 0x72, 0x65, 0x65, 0x6E, 0x2E, 0x58, 0x29, 0x29, 0x20, 0x2B,
    0x20, 0x32, 0x2E, 0x30, 0x3B, 0x0D, 0x0A, 0x09, 0x09, 0x52, 0x69, 0x67, 0x68, 0x74, 0x20, 0x3D,
    0x20, 0x46, 0x4D, 0x61, 0x78, 0x28, 0x46, 0x4D, 0x61, 0x78, 0x28, 0x54, 0x6F, 0x70, 0x4C, 0x65,
    0x66, 0x74, 0x53, 0x63, 0x72, 0x65, 0x65, 0x6E, 0x2E, 0x58, 0x2C, 0x20, 0x54, 0x6F, 0x70, 0x52,
    0x69, 0x67, 0x68, 0x74, 0x53, 0x63, 0x72, 0x65, 0x65, 0x6E, 0x2E, 0x58, 0x29, 0x2C, 0x20, 0x46,
    0x4D, 0x61, 0x78, 0x28, 0x42, 0x6F, 0x74, 0x74, 0x6F, 0x6D, 0x52, 0x69, 0x67, 0x68, 0x74, 0x53,
    0x63, 0x72, 0x65, 0x65, 0x6E, 0x2E, 0x58, 0x2C, 0x20, 0x42, 0x6F, 0x74, 0x74, 0x6F, 0x6D, 0x4C,
    0x65, 0x66, 0x74, 0x53, 0x63, 0x72, 0x65, 0x65, 0x6E, 0x2E, 0x58, 0x29, 0x29, 0x20, 0x2D, 0x20,
    0x32, 0x2E, 0x30, 0x3B, 0x0D, 0x0A, 0x09, 0x09, 0x54, 0x6F, 0x70, 0x20, 0x3D, 0x20, 0x46, 0x4D,
    0x69, 0x6E, 0x28, 0x46, 0x4D, 0x69, 0x6E, 0x28, 0x54, 0x6F, 0x70, 0x4C, 0x65, 0x66, 0x74, 0x53,
    0x63, 0x72, 0x65, 0x65, 0x6E, 0x2E, 0x59, 0x2C, 0x20, 0x54, 0x6F, 0x70, 0x52, 0x69, 0x67, 0x68,
    0x74, 0x53, 0x63, 0x72, 0x65, 0x65, 0x6E, 0x2E, 0x59, 0x29, 0x2C, 0x20, 0x46, 0x4D, 0x69, 0x6E,
    0x28, 0x42, 0x6F, 0x74, 0x74, 0x6F, 0x6D, 0x52, 0x69, 0x67, 0x68, 0x74, 0x53, 0x63, 0x72, 0x65,
    0x65, 0x6E, 0x2E, 0x59, 0x2C, 0x20, 0x42, 0x6F, 0x74, 0x74, 0x6F, 0x6D, 0x4C, 0x65, 0x66, 0x74,
    0x53, 0x63, 0x72, 0x65, 0x65, 0x6E, 0x2E, 0x59, 0x29, 0x29, 0x20, 0x2B, 0x20, 0x32, 0x2E, 0x30,
    0x3B, 0x0D, 0x0A, 0x09, 0x09, 0x42, 0x6F, 0x74, 0x74, 0x6F, 0x6D, 0x20, 0x3D, 0x20, 0x46, 0x4D,
    0x61, 0x78, 0x28, 0x46, 0x4D, 0x61, 0x78, 0x28, 0x54, 0x6F, 0x70, 0x4C, 0x65, 0x66, 0x74, 0x53,
    0x63, 0x72, 0x65, 0x65, 0x6E, 0x2E, 0x59, 0x2C, 0x20, 0x54, 0x6F, 0x70, 0x52, 0x69, 0x67, 0x68,
    0x74, 0x53, 0x63, 0x72, 0x65, 0x65, 0x6E, 0x2E, 0x59, 0x29, 0x2C, 0x20, 0x46, 0x4D, 0x61, 0x78,
    0x28, 0x42, 0x6F, 0x74, 0x74, 0x6F, 0x6D, 0x52, 0x69, 0x67, 0x68, 0x74, 0x53, 0x63, 0x72, 0x65,
    0x65, 0x6E, 0x2E, 0x59, 0x2C, 0x20, 0x42, 0x6F, 0x74, 0x74, 0x6F, 0x6D, 0x4C, 0x65, 0x66, 0x74,
    0x53, 0x63, 0x72, 0x65, 0x65, 0x6E, 0x2E, 0x59, 0x29, 0x29, 0x20, 0x2D, 0x20, 0x32, 0x2E, 0x30,
    0x3B, 0x0D, 0x0A, 0x09, 0x09, 0x57, 0x69, 0x64, 0x74, 0x68, 0x20, 0x3D, 0x20, 0x46, 0x4D, 0x61,
    0x78, 0x28, 0x38, 0x2E, 0x30, 0x2C, 0x20, 0x52, 0x69, 0x67, 0x68, 0x74, 0x20, 0x2D, 0x20, 0x4C,
    0x65, 0x66, 0x74, 0x29, 0x3B, 0x0D, 0x0A, 0x09, 0x09, 0x48, 0x65, 0x69, 0x67, 0x68, 0x74, 0x20,
    0x3D, 0x20, 0x46, 0x4D, 0x61, 0x78, 0x28, 0x36, 0x2E, 0x30, 0x2C, 0x20, 0x42, 0x6F, 0x74, 0x74,
    0x6F, 0x6D, 0x20, 0x2D, 0x20, 0x54, 0x6F, 0x70, 0x29, 0x3B, 0x0D, 0x0A, 0x09, 0x09, 0x44, 0x72,
    0x61, 0x77, 0x50, 0x72, 0x6F, 0x6A, 0x65, 0x63, 0x74, 0x65, 0x64, 0x42, 0x75, 0x74, 0x74, 0x6F,
    0x6E, 0x46, 0x61, 0x63, 0x65, 0x28, 0x54, 0x6F, 0x70, 0x4C, 0x65, 0x66, 0x74, 0x53, 0x63, 0x72,
    0x65, 0x65, 0x6E, 0x2C, 0x20, 0x54, 0x6F, 0x70, 0x52, 0x69, 0x67, 0x68, 0x74, 0x53, 0x63, 0x72,
    0x65, 0x65, 0x6E, 0x2C, 0x20, 0x42, 0x6F, 0x74, 0x74, 0x6F, 0x6D, 0x52, 0x69, 0x67, 0x68, 0x74,
    0x53, 0x63, 0x72, 0x65, 0x65, 0x6E, 0x2C, 0x20, 0x42, 0x6F, 0x74, 0x74, 0x6F, 0x6D, 0x4C, 0x65,
    0x66, 0x74, 0x53, 0x63, 0x72, 0x65, 0x65, 0x6E, 0x2C, 0x20, 0x42, 0x75, 0x74, 0x74, 0x6F, 0x6E,
    0x2E, 0x62, 0x53, 0x65, 0x6C, 0x65, 0x63, 0x74, 0x65, 0x64, 0x29, 0x3B, 0x0D, 0x0A, 0x0D, 0x0A,
    0x09, 0x09, 0x43, 0x61, 0x6E, 0x76, 0x61, 0x73, 0x2E, 0x53, 0x74, 0x72, 0x4C, 0x65, 0x6E, 0x28,
    0x42, 0x75, 0x74, 0x74, 0x6F, 0x6E, 0x2E, 0x4C, 0x61, 0x62, 0x65, 0x6C, 0x54, 0x65, 0x78, 0x74,
    0x2C, 0x20, 0x54, 0x65, 0x78, 0x74, 0x57, 0x69, 0x64, 0x74, 0x68, 0x2C, 0x20, 0x54, 0x65, 0x78,
    0x74, 0x48, 0x65, 0x69, 0x67, 0x68, 0x74, 0x29, 0x3B, 0x0D, 0x0A, 0x09, 0x09, 0x69, 0x66, 0x20,
    0x28, 0x42, 0x75, 0x74, 0x74, 0x6F, 0x6E, 0x2E, 0x4C, 0x61, 0x62, 0x65, 0x6C, 0x53, 0x63, 0x61,
    0x6C, 0x65, 0x20, 0x3E, 0x20, 0x31, 0x2E, 0x30, 0x20, 0x26, 0x26, 0x20, 0x52, 0x65, 0x73, 0x6F,
    0x6C, 0x75, 0x74, 0x69, 0x6F, 0x6E, 0x52, 0x65, 0x66, 0x65, 0x72, 0x65, 0x6E, 0x63, 0x65, 0x54,
    0x65, 0x78, 0x74, 0x57, 0x69, 0x64, 0x74, 0x68, 0x20, 0x3E, 0x20, 0x30, 0x2E, 0x30, 0x20, 0x26,
    0x26, 0x20, 0x52, 0x65, 0x73, 0x6F, 0x6C, 0x75, 0x74, 0x69, 0x6F, 0x6E, 0x52, 0x65, 0x66, 0x65,
    0x72, 0x65, 0x6E, 0x63, 0x65, 0x54, 0x65, 0x78, 0x74, 0x48, 0x65, 0x69, 0x67, 0x68, 0x74, 0x20,
    0x3E, 0x20, 0x30, 0x2E, 0x30, 0x29, 0x0D, 0x0A, 0x09, 0x09, 0x7B, 0x0D, 0x0A, 0x09, 0x09, 0x09,
    0x4C, 0x65, 0x67, 0x61, 0x63, 0x79, 0x57, 0x69, 0x64, 0x74, 0x68, 0x53, 0x63, 0x72, 0x65, 0x65,
    0x6E, 0x20, 0x3D, 0x20, 0x43, 0x61, 0x6E, 0x76, 0x61, 0x73, 0x2E, 0x50, 0x72, 0x6F, 0x6A, 0x65,
    0x63, 0x74, 0x28, 0x42, 0x75, 0x74, 0x74, 0x6F, 0x6E, 0x2E, 0x4C, 0x6F, 0x63, 0x61, 0x74, 0x69,
    0x6F, 0x6E, 0x20, 0x2B, 0x20, 0x41, 0x78, 0x69, 0x73, 0x58, 0x20, 0x2A, 0x20, 0x36, 0x34, 0x2E,
    0x30, 0x20, 0x2A, 0x20, 0x42, 0x75, 0x74, 0x74, 0x6F, 0x6E, 0x2E, 0x44, 0x72, 0x61, 0x77, 0x53,
    0x63, 0x61, 0x6C, 0x65, 0x33, 0x44, 0x2E, 0x58, 0x29, 0x3B, 0x0D, 0x0A, 0x09, 0x09, 0x09, 0x4C,
    0x65, 0x67, 0x61, 0x63, 0x79, 0x48, 0x65, 0x69, 0x67, 0x68, 0x74, 0x53, 0x63, 0x72, 0x65, 0x65,
    0x6E, 0x20, 0x3D, 0x20, 0x43, 0x61, 0x6E, 0x76, 0x61, 0x73, 0x2E, 0x50, 0x72, 0x6F, 0x6A, 0x65,
    0x63, 0x74, 0x28, 0x42, 0x75, 0x74, 0x74, 0x6F, 0x6E, 0x2E, 0x4C, 0x6F, 0x63, 0x61, 0x74, 0x69,
    0x6F, 0x6E, 0x20, 0x2B, 0x20, 0x41, 0x78, 0x69, 0x73, 0x5A, 0x20, 0x2A, 0x20, 0x36, 0x34, 0x2E,
    0x30, 0x20, 0x2A, 0x20, 0x42, 0x75, 0x74, 0x74, 0x6F, 0x6E, 0x2E, 0x44, 0x72, 0x61, 0x77, 0x53,
    0x63, 0x61, 0x6C, 0x65, 0x33, 0x44, 0x2E, 0x5A, 0x29, 0x3B, 0x0D, 0x0A, 0x09, 0x09, 0x09, 0x46,
    0x69, 0x74, 0x57, 0x69, 0x64, 0x74, 0x68, 0x20, 0x3D, 0x20, 0x46, 0x4D, 0x61, 0x78, 0x28, 0x38,
    0x2E, 0x30, 0x2C, 0x20, 0x41, 0x62, 0x73, 0x28, 0x4C, 0x65, 0x67, 0x61, 0x63, 0x79, 0x57, 0x69,
    0x64, 0x74, 0x68, 0x53, 0x63, 0x72, 0x65, 0x65, 0x6E, 0x2E, 0x58, 0x20, 0x2D, 0x20, 0x43, 0x65,
    0x6E, 0x74, 0x65, 0x72, 0x53, 0x63, 0x72, 0x65, 0x65, 0x6E, 0x2E, 0x58, 0x29, 0x20, 0x2A, 0x20,
    0x32, 0x2E, 0x30, 0x20, 0x2D, 0x20, 0x34, 0x2E, 0x30, 0x29, 0x3B, 0x0D, 0x0A, 0x09, 0x09, 0x09,
    0x46, 0x69, 0x74, 0x48, 0x65, 0x69, 0x67, 0x68, 0x74, 0x20, 0x3D, 0x20, 0x46, 0x4D, 0x61, 0x78,
    0x28, 0x36, 0x2E, 0x30, 0x2C, 0x20, 0x41, 0x62, 0x73, 0x28, 0x4C, 0x65, 0x67, 0x61, 0x63, 0x79,
    0x48, 0x65, 0x69, 0x67, 0x68, 0x74, 0x53, 0x63, 0x72, 0x65, 0x65, 0x6E, 0x2E, 0x59, 0x20, 0x2D,
    0x20, 0x43, 0x65, 0x6E, 0x74, 0x65, 0x72, 0x53, 0x63, 0x72, 0x65, 0x65, 0x6E, 0x2E, 0x59, 0x29,
    0x20, 0x2A, 0x20, 0x32, 0x2E, 0x30, 0x20, 0x2D, 0x20, 0x34, 0x2E, 0x30, 0x29, 0x3B, 0x0D, 0x0A,
    0x09, 0x09, 0x09, 0x46, 0x69, 0x74, 0x54, 0x65, 0x78, 0x74, 0x57, 0x69, 0x64, 0x74, 0x68, 0x20,
    0x3D, 0x20, 0x52, 0x65, 0x73, 0x6F, 0x6C, 0x75, 0x74, 0x69, 0x6F, 0x6E, 0x52, 0x65, 0x66, 0x65,
    0x72, 0x65, 0x6E, 0x63, 0x65, 0x54, 0x65, 0x78, 0x74, 0x57, 0x69, 0x64, 0x74, 0x68, 0x3B, 0x0D,
    0x0A, 0x09, 0x09, 0x09, 0x46, 0x69, 0x74, 0x54, 0x65, 0x78, 0x74, 0x48, 0x65, 0x69, 0x67, 0x68,
    0x74, 0x20, 0x3D, 0x20, 0x52, 0x65, 0x73, 0x6F, 0x6C, 0x75, 0x74, 0x69, 0x6F, 0x6E, 0x52, 0x65,
    0x66, 0x65, 0x72, 0x65, 0x6E, 0x63, 0x65, 0x54, 0x65, 0x78, 0x74, 0x48, 0x65, 0x69, 0x67, 0x68,
    0x74, 0x3B, 0x0D, 0x0A, 0x09, 0x09, 0x7D, 0x0D, 0x0A, 0x09, 0x09, 0x65, 0x6C, 0x73, 0x65, 0x0D,
    0x0A, 0x09, 0x09, 0x7B, 0x0D, 0x0A, 0x09, 0x09, 0x09, 0x46, 0x69, 0x74, 0x57, 0x69, 0x64, 0x74,
    0x68, 0x20, 0x3D, 0x20, 0x57, 0x69, 0x64, 0x74, 0x68, 0x3B, 0x0D, 0x0A, 0x09, 0x09, 0x09, 0x46,
    0x69, 0x74, 0x48, 0x65, 0x69, 0x67, 0x68, 0x74, 0x20, 0x3D, 0x20, 0x48, 0x65, 0x69, 0x67, 0x68,
    0x74, 0x3B, 0x0D, 0x0A, 0x09, 0x09, 0x09, 0x46, 0x69, 0x74, 0x54, 0x65, 0x78, 0x74, 0x57, 0x69,
    0x64, 0x74, 0x68, 0x20, 0x3D, 0x20, 0x54, 0x65, 0x78, 0x74, 0x57, 0x69, 0x64, 0x74, 0x68, 0x3B,
    0x0D, 0x0A, 0x09, 0x09, 0x09, 0x46, 0x69, 0x74, 0x54, 0x65, 0x78, 0x74, 0x48, 0x65, 0x69, 0x67,
    0x68, 0x74, 0x20, 0x3D, 0x20, 0x54, 0x65, 0x78, 0x74, 0x48, 0x65, 0x69, 0x67, 0x68, 0x74, 0x3B,
    0x0D, 0x0A, 0x09, 0x09, 0x7D, 0x0D, 0x0A, 0x09, 0x09, 0x54, 0x65, 0x78, 0x74, 0x53, 0x63, 0x61,
    0x6C, 0x65, 0x20, 0x3D, 0x20, 0x42, 0x75, 0x74, 0x74, 0x6F, 0x6E, 0x2E, 0x4C, 0x61, 0x62, 0x65,
    0x6C, 0x53, 0x63, 0x61, 0x6C, 0x65, 0x20, 0x2A, 0x20, 0x46, 0x4D, 0x69, 0x6E, 0x28, 0x31, 0x2E,
    0x30, 0x2C, 0x20, 0x46, 0x4D, 0x69, 0x6E, 0x28, 0x28, 0x46, 0x69, 0x74, 0x57, 0x69, 0x64, 0x74,
    0x68, 0x20, 0x2D, 0x20, 0x36, 0x2E, 0x30, 0x29, 0x20, 0x2F, 0x20, 0x46, 0x4D, 0x61, 0x78, 0x28,
    0x31, 0x2E, 0x30, 0x2C, 0x20, 0x46, 0x69, 0x74, 0x54, 0x65, 0x78, 0x74, 0x57, 0x69, 0x64, 0x74,
    0x68, 0x29, 0x2C, 0x20, 0x28, 0x46, 0x69, 0x74, 0x48, 0x65, 0x69, 0x67, 0x68, 0x74, 0x20, 0x2D,
    0x20, 0x32, 0x2E, 0x30, 0x29, 0x20, 0x2F, 0x20, 0x46, 0x4D, 0x61, 0x78, 0x28, 0x31, 0x2E, 0x30,
    0x2C, 0x20, 0x46, 0x69, 0x74, 0x54, 0x65, 0x78, 0x74, 0x48, 0x65, 0x69, 0x67, 0x68, 0x74, 0x29,
    0x29, 0x29, 0x3B, 0x0D, 0x0A, 0x09, 0x09, 0x43, 0x61, 0x6E, 0x76, 0x61, 0x73, 0x2E, 0x53, 0x65,
    0x74, 0x50, 0x6F, 0x73, 0x28, 0x43, 0x65, 0x6E, 0x74, 0x65, 0x72, 0x53, 0x63, 0x72, 0x65, 0x65,
    0x6E, 0x2E, 0x58, 0x20, 0x2D, 0x20, 0x54, 0x65, 0x78, 0x74, 0x57, 0x69, 0x64, 0x74, 0x68, 0x20,
    0x2A, 0x20, 0x54, 0x65, 0x78, 0x74, 0x53, 0x63, 0x61, 0x6C, 0x65, 0x20, 0x2A, 0x20, 0x30, 0x2E,
    0x35, 0x2C, 0x20, 0x43, 0x65, 0x6E, 0x74, 0x65, 0x72, 0x53, 0x63, 0x72, 0x65, 0x65, 0x6E, 0x2E,
    0x59, 0x20, 0x2D, 0x20, 0x54, 0x65, 0x78, 0x74, 0x48, 0x65, 0x69, 0x67, 0x68, 0x74, 0x20, 0x2A,
    0x20, 0x54, 0x65, 0x78, 0x74, 0x53, 0x63, 0x61, 0x6C, 0x65, 0x20, 0x2A, 0x20, 0x30, 0x2E, 0x35,
    0x29, 0x3B, 0x0D, 0x0A, 0x09, 0x09, 0x69, 0x66, 0x20, 0x28, 0x42, 0x75, 0x74, 0x74, 0x6F, 0x6E,
    0x2E, 0x62, 0x53, 0x65, 0x6C, 0x65, 0x63, 0x74, 0x65, 0x64, 0x29, 0x0D, 0x0A, 0x09, 0x09, 0x7B,
    0x0D, 0x0A, 0x09, 0x09, 0x09, 0x43, 0x61, 0x6E, 0x76, 0x61, 0x73, 0x2E, 0x53, 0x65, 0x74, 0x44,
    0x72, 0x61, 0x77, 0x43, 0x6F, 0x6C, 0x6F, 0x72, 0x28, 0x30, 0x2C, 0x20, 0x30, 0x2C, 0x20, 0x30,
    0x2C, 0x20, 0x32, 0x35, 0x35, 0x29, 0x3B, 0x0D, 0x0A, 0x09, 0x09, 0x7D, 0x0D, 0x0A, 0x09, 0x09,
    0x65, 0x6C, 0x73, 0x65, 0x0D, 0x0A, 0x09, 0x09, 0x7B, 0x0D, 0x0A, 0x09, 0x09, 0x09, 0x43, 0x61,
    0x6E, 0x76, 0x61, 0x73, 0x2E, 0x53, 0x65, 0x74, 0x44, 0x72, 0x61, 0x77, 0x43, 0x6F, 0x6C, 0x6F,
    0x72, 0x28, 0x32, 0x35, 0x35, 0x2C, 0x20, 0x32, 0x35, 0x35, 0x2C, 0x20, 0x32, 0x35, 0x35, 0x2C,
    0x20, 0x32, 0x35, 0x35, 0x29, 0x3B, 0x0D, 0x0A, 0x09, 0x09, 0x7D, 0x0D, 0x0A, 0x09, 0x09, 0x43,
    0x61, 0x6E, 0x76, 0x61, 0x73, 0x2E, 0x44, 0x72, 0x61, 0x77, 0x54, 0x65, 0x78, 0x74, 0x28, 0x42,
    0x75, 0x74, 0x74, 0x6F, 0x6E, 0x2E, 0x4C, 0x61, 0x62, 0x65, 0x6C, 0x54, 0x65, 0x78, 0x74, 0x2C,
    0x20, 0x66, 0x61, 0x6C, 0x73, 0x65, 0x2C, 0x20, 0x54, 0x65, 0x78, 0x74, 0x53, 0x63, 0x61, 0x6C,
    0x65, 0x2C, 0x20, 0x54, 0x65, 0x78, 0x74, 0x53, 0x63, 0x61, 0x6C, 0x65, 0x29, 0x3B, 0x0D, 0x0A,
    0x09, 0x09, 0x2B, 0x2B, 0x56, 0x69, 0x73, 0x69, 0x62, 0x6C, 0x65, 0x42, 0x75, 0x74, 0x74, 0x6F,
    0x6E, 0x43, 0x6F, 0x75, 0x6E, 0x74, 0x3B, 0x0D, 0x0A, 0x09, 0x7D, 0x0D, 0x0A, 0x09, 0x69, 0x66,
    0x20, 0x28, 0x21, 0x62, 0x4C, 0x6F, 0x67, 0x67, 0x65, 0x64, 0x47, 0x72, 0x61, 0x70, 0x68, 0x69,
    0x63, 0x73, 0x4D, 0x65, 0x6E, 0x75, 0x44, 0x72, 0x61, 0x77, 0x20, 0x26, 0x26, 0x20, 0x56, 0x69,
    0x73, 0x69, 0x62, 0x6C, 0x65, 0x42, 0x75, 0x74, 0x74, 0x6F, 0x6E, 0x43, 0x6F, 0x75, 0x6E, 0x74,
    0x20, 0x3E, 0x20, 0x30, 0x29, 0x0D, 0x0A, 0x09, 0x7B, 0x0D, 0x0A, 0x09, 0x09, 0x62, 0x4C, 0x6F,
    0x67, 0x67, 0x65, 0x64, 0x47, 0x72, 0x61, 0x70, 0x68, 0x69, 0x63, 0x73, 0x4D, 0x65, 0x6E, 0x75,
    0x44, 0x72, 0x61, 0x77, 0x20, 0x3D, 0x20, 0x74, 0x72, 0x75, 0x65, 0x3B, 0x0D, 0x0A, 0x09, 0x09,
    0x4C, 0x6F, 0x67, 0x49, 0x6E, 0x74, 0x65, 0x72, 0x6E, 0x61, 0x6C, 0x28, 0x22, 0x41, 0x47, 0x50,
    0x41, 0x54, 0x43, 0x48, 0x20, 0x48, 0x55, 0x44, 0x20, 0x64, 0x72, 0x65, 0x77, 0x20, 0x67, 0x72,
    0x61, 0x70, 0x68, 0x69, 0x63, 0x73, 0x20, 0x62, 0x75, 0x74, 0x74, 0x6F, 0x6E, 0x73, 0x3D, 0x22,
    0x24, 0x56, 0x69, 0x73, 0x69, 0x62, 0x6C, 0x65, 0x42, 0x75, 0x74, 0x74, 0x6F, 0x6E, 0x43, 0x6F,
    0x75, 0x6E, 0x74, 0x29, 0x3B, 0x0D, 0x0A, 0x09, 0x7D, 0x0D, 0x0A, 0x7D, 0x0D, 0x0A, 0x00, 0xFF,
    0xFF, 0xFF, 0xFF, 0xAB, 0x00, 0x00, 0x00, 0x00, 0x00, 0x00, 0x00, 0x00, 0x00, 0x00, 0x00, 0x00,
    0x00, 0x00, 0x00, 0xFB, 0x32, 0x00, 0x00, 0x63, 0x6C, 0x61, 0x73, 0x73, 0x20, 0x41, 0x6E, 0x74,
    0x69, 0x63, 0x68, 0x61, 0x6D, 0x62, 0x65, 0x72, 0x47, 0x72, 0x61, 0x70, 0x68, 0x69, 0x63, 0x73,
    0x4D, 0x61, 0x6E, 0x61, 0x67, 0x65, 0x72, 0x20, 0x65, 0x78, 0x74, 0x65, 0x6E, 0x64, 0x73, 0x20,
    0x49, 0x6E, 0x66, 0x6F, 0x3B, 0x0D, 0x0A, 0x0D, 0x0A, 0x73, 0x74, 0x72, 0x75, 0x63, 0x74, 0x20,
    0x47, 0x72, 0x61, 0x70, 0x68, 0x69, 0x63, 0x73, 0x52, 0x65, 0x73, 0x6F, 0x6C, 0x75, 0x74, 0x69,
    0x6F, 0x6E, 0x0D, 0x0A, 0x7B, 0x0D, 0x0A, 0x09, 0x76, 0x61, 0x72, 0x20, 0x69, 0x6E, 0x74, 0x20,
    0x57, 0x69, 0x64, 0x74, 0x68, 0x3B, 0x0D, 0x0A, 0x09, 0x76, 0x61, 0x72, 0x20, 0x69, 0x6E, 0x74,
    0x20, 0x48, 0x65, 0x69, 0x67, 0x68, 0x74, 0x3B, 0x0D, 0x0A, 0x7D, 0x3B, 0x0D, 0x0A, 0x0D, 0x0A,
    0x76, 0x61, 0x72, 0x20, 0x41, 0x6E, 0x74, 0x69, 0x63, 0x68, 0x61, 0x6D, 0x62, 0x65, 0x72, 0x47,
    0x72, 0x61, 0x70, 0x68, 0x69, 0x63, 0x73, 0x4E, 0x61, 0x74, 0x69, 0x76, 0x65, 0x20, 0x4E, 0x61,
    0x74, 0x69, 0x76, 0x65, 0x42, 0x72, 0x69, 0x64, 0x67, 0x65, 0x3B, 0x0D, 0x0A, 0x76, 0x61, 0x72,
    0x20, 0x41, 0x6E, 0x74, 0x69, 0x63, 0x68, 0x61, 0x6D, 0x62, 0x65, 0x72, 0x47, 0x72, 0x61, 0x70,
    0x68, 0x69, 0x63, 0x73, 0x53, 0x65, 0x74, 0x74, 0x69, 0x6E, 0x67, 0x73, 0x20, 0x47, 0x72, 0x61,
    0x70, 0x68, 0x69, 0x63, 0x73, 0x53, 0x65, 0x74, 0x74, 0x69, 0x6E, 0x67, 0x73, 0x3B, 0x0D, 0x0A,
    0x76, 0x61, 0x72, 0x20, 0x48, 0x61, 0x7A, 0x61, 0x72, 0x64, 0x47, 0x61, 0x6D, 0x65, 0x20, 0x48,
    0x61, 0x7A, 0x61, 0x72, 0x64, 0x47, 0x61, 0x6D, 0x65, 0x3B, 0x0D, 0x0A, 0x76, 0x61, 0x72, 0x20,
    0x61, 0x72, 0x72, 0x61, 0x79, 0x3C, 0x47, 0x72, 0x61, 0x70, 0x68, 0x69, 0x63, 0x73, 0x52, 0x65,
    0x73, 0x6F, 0x6C, 0x75, 0x74, 0x69, 0x6F, 0x6E, 0x3E, 0x20, 0x44, 0x65, 0x74, 0x65, 0x63, 0x74,
    0x65, 0x64, 0x52, 0x65, 0x73, 0x6F, 0x6C, 0x75, 0x74, 0x69, 0x6F, 0x6E, 0x73, 0x3B, 0x0D, 0x0A,
    0x76, 0x61, 0x72, 0x20, 0x61, 0x72, 0x72, 0x61, 0x79, 0x3C, 0x48, 0x61, 0x7A, 0x61, 0x72, 0x64,
    0x4F, 0x70, 0x74, 0x69, 0x6F, 0x6E, 0x73, 0x42, 0x75, 0x74, 0x74, 0x6F, 0x6E, 0x3E, 0x20, 0x53,
    0x74, 0x6F, 0x63, 0x6B, 0x52, 0x65, 0x73, 0x6F, 0x6C, 0x75, 0x74, 0x69, 0x6F, 0x6E, 0x42, 0x75,
    0x74, 0x74, 0x6F, 0x6E, 0x73, 0x3B, 0x0D, 0x0A, 0x76, 0x61, 0x72, 0x20, 0x61, 0x72, 0x72, 0x61,
    0x79, 0x3C, 0x41, 0x6E, 0x74, 0x69, 0x63, 0x68, 0x61, 0x6D, 0x62, 0x65, 0x72, 0x47, 0x72, 0x61,
    0x70, 0x68, 0x69, 0x63, 0x73, 0x42, 0x75, 0x74, 0x74, 0x6F, 0x6E, 0x3E, 0x20, 0x52, 0x65, 0x73,
    0x6F, 0x6C, 0x75, 0x74, 0x69, 0x6F, 0x6E, 0x43, 0x68, 0x6F, 0x69, 0x63, 0x65, 0x42, 0x75, 0x74,
    0x74, 0x6F, 0x6E, 0x73, 0x3B, 0x0D, 0x0A, 0x76, 0x61, 0x72, 0x20, 0x61, 0x72, 0x72, 0x61, 0x79,
    0x3C, 0x41, 0x6E, 0x74, 0x69, 0x63, 0x68, 0x61, 0x6D, 0x62, 0x65, 0x72, 0x47, 0x72, 0x61, 0x70,
    0x68, 0x69, 0x63, 0x73, 0x42, 0x75, 0x74, 0x74, 0x6F, 0x6E, 0x3E, 0x20, 0x47, 0x72, 0x61, 0x70,
    0x68, 0x69, 0x63, 0x73, 0x42, 0x75, 0x74, 0x74, 0x6F, 0x6E, 0x73, 0x3B, 0x0D, 0x0A, 0x76, 0x61,
    0x72, 0x20, 0x41, 0x6E, 0x74, 0x69, 0x63, 0x68, 0x61, 0x6D, 0x62, 0x65, 0x72, 0x47, 0x72, 0x61,
    0x70, 0x68, 0x69, 0x63, 0x73, 0x42, 0x75, 0x74, 0x74, 0x6F, 0x6E, 0x20, 0x4C, 0x61, 0x73, 0x74,
    0x42, 0x75, 0x74, 0x74, 0x6F, 0x6E, 0x3B, 0x0D, 0x0A, 0x76, 0x61, 0x72, 0x20, 0x41, 0x6E, 0x74,
    0x69, 0x63, 0x68, 0x61, 0x6D, 0x62, 0x65, 0x72, 0x47, 0x72, 0x61, 0x70, 0x68, 0x69, 0x63, 0x73,
    0x42, 0x75, 0x74, 0x74, 0x6F, 0x6E, 0x20, 0x4E, 0x65, 0x78, 0x74, 0x42, 0x75, 0x74, 0x74, 0x6F,
    0x6E, 0x3B, 0x0D, 0x0A, 0x76, 0x61, 0x72, 0x20, 0x62, 0x6F, 0x6F, 0x6C, 0x20, 0x62, 0x47, 0x72,
    0x61, 0x70, 0x68, 0x69, 0x63, 0x73, 0x4D, 0x65, 0x6E, 0x75, 0x49, 0x6E, 0x73, 0x74, 0x61, 0x6C,
    0x6C, 0x65, 0x64, 0x3B, 0x0D, 0x0A, 0x76, 0x61, 0x72, 0x20, 0x62, 0x6F, 0x6F, 0x6C, 0x20, 0x62,
    0x53, 0x61, 0x76, 0x65, 0x64, 0x47, 0x72, 0x61, 0x70, 0x68, 0x69, 0x63, 0x73, 0x41, 0x70, 0x70,
    0x6C, 0x69, 0x65, 0x64, 0x3B, 0x0D, 0x0A, 0x76, 0x61, 0x72, 0x20, 0x62, 0x6F, 0x6F, 0x6C, 0x20,
    0x62, 0x44, 0x65, 0x66, 0x61, 0x75, 0x6C, 0x74, 0x65, 0x64, 0x52, 0x65, 0x73, 0x6F, 0x6C, 0x75,
    0x74, 0x69, 0x6F, 0x6E, 0x54, 0x6F, 0x44, 0x65, 0x73, 0x6B, 0x74, 0x6F, 0x70, 0x3B, 0x0D, 0x0A,
    0x76, 0x61, 0x72, 0x20, 0x66, 0x6C, 0x6F, 0x61, 0x74, 0x20, 0x49, 0x67, 0x6E, 0x6F, 0x72, 0x65,
    0x56, 0x69, 0x65, 0x77, 0x70, 0x6F, 0x72, 0x74, 0x43, 0x68, 0x61, 0x6E, 0x67, 0x65, 0x73, 0x55,
    0x6E, 0x74, 0x69, 0x6C, 0x3B, 0x0D, 0x0A, 0x0D, 0x0A, 0x65, 0x76, 0x65, 0x6E, 0x74, 0x20, 0x50,
    0x6F, 0x73, 0x74, 0x42, 0x65, 0x67, 0x69, 0x6E, 0x50, 0x6C, 0x61, 0x79, 0x28, 0x29, 0x0D, 0x0A,
    0x7B, 0x0D, 0x0A, 0x09, 0x53, 0x75, 0x70, 0x65, 0x72, 0x2E, 0x50, 0x6F, 0x73, 0x74, 0x42, 0x65,
    0x67, 0x69, 0x6E, 0x50, 0x6C, 0x61, 0x79, 0x28, 0x29, 0x3B, 0x0D, 0x0A, 0x09, 0x48, 0x61, 0x7A,
    0x61, 0x72, 0x64, 0x47, 0x61, 0x6D, 0x65, 0x20, 0x3D, 0x20, 0x48, 0x61, 0x7A, 0x61, 0x72, 0x64,
    0x47, 0x61, 0x6D, 0x65, 0x28, 0x57, 0x6F, 0x72, 0x6C, 0x64, 0x49, 0x6E, 0x66, 0x6F, 0x2E, 0x47,
    0x61, 0x6D, 0x65, 0x29, 0x3B, 0x0D, 0x0A, 0x09, 0x69, 0x66, 0x20, 0x28, 0x48, 0x61, 0x7A, 0x61,
    0x72, 0x64, 0x47, 0x61, 0x6D, 0x65, 0x20, 0x3D, 0x3D, 0x20, 0x6E, 0x6F, 0x6E, 0x65, 0x29, 0x0D,
    0x0A, 0x09, 0x7B, 0x0D, 0x0A, 0x09, 0x09, 0x4C, 0x6F, 0x67, 0x49, 0x6E, 0x74, 0x65, 0x72, 0x6E,
    0x61, 0x6C, 0x28, 0x22, 0x41, 0x47, 0x50, 0x41, 0x54, 0x43, 0x48, 0x20, 0x6D, 0x61, 0x6E, 0x61,
    0x67, 0x65, 0x72, 0x20, 0x72, 0x65, 0x71, 0x75, 0x69, 0x72, 0x65, 0x73, 0x20, 0x48, 0x61, 0x7A,
    0x61, 0x72, 0x64, 0x47, 0x61, 0x6D, 0x65, 0x22, 0x29, 0x3B, 0x0D, 0x0A, 0x09, 0x09, 0x44, 0x65,
    0x73, 0x74, 0x72, 0x6F, 0x79, 0x28, 0x29, 0x3B, 0x0D, 0x0A, 0x09, 0x09, 0x72, 0x65, 0x74, 0x75,
    0x72, 0x6E, 0x3B, 0x0D, 0x0A, 0x09, 0x7D, 0x0D, 0x0A, 0x09, 0x4E, 0x61, 0x74, 0x69, 0x76, 0x65,
    0x42, 0x72, 0x69, 0x64, 0x67, 0x65, 0x20, 0x3D, 0x20, 0x6E, 0x65, 0x77, 0x20, 0x63, 0x6C, 0x61,
    0x73, 0x73, 0x27, 0x41, 0x6E, 0x74, 0x69, 0x63, 0x68, 0x61, 0x6D, 0x62, 0x65, 0x72, 0x47, 0x72,
    0x61, 0x70, 0x68, 0x69, 0x63, 0x73, 0x4E, 0x61, 0x74, 0x69, 0x76, 0x65, 0x27, 0x3B, 0x0D, 0x0A,
    0x09, 0x47, 0x72, 0x61, 0x70, 0x68, 0x69, 0x63, 0x73, 0x53, 0x65, 0x74, 0x74, 0x69, 0x6E, 0x67,
    0x73, 0x20, 0x3D, 0x20, 0x6E, 0x65, 0x77, 0x20, 0x63, 0x6C, 0x61, 0x73, 0x73, 0x27, 0x41, 0x6E,
    0x74, 0x69, 0x63, 0x68, 0x61, 0x6D, 0x62, 0x65, 0x72, 0x47, 0x72, 0x61, 0x70, 0x68, 0x69, 0x63,
    0x73, 0x53, 0x65, 0x74, 0x74, 0x69, 0x6E, 0x67, 0x73, 0x27, 0x3B, 0x0D, 0x0A, 0x09, 0x53, 0x65,
    0x74, 0x54, 0x69, 0x6D, 0x65, 0x72, 0x28, 0x30, 0x2E, 0x32, 0x35, 0x2C, 0x20, 0x74, 0x72, 0x75,
    0x65, 0x2C, 0x20, 0x27, 0x47, 0x72, 0x61, 0x70, 0x68, 0x69, 0x63, 0x73, 0x4D, 0x65, 0x6E, 0x75,
    0x54, 0x69, 0x6D, 0x65, 0x72, 0x27, 0x29, 0x3B, 0x0D, 0x0A, 0x09, 0x4C, 0x6F, 0x67, 0x49, 0x6E,
    0x74, 0x65, 0x72, 0x6E, 0x61, 0x6C, 0x28, 0x22, 0x41, 0x47, 0x50, 0x41, 0x54, 0x43, 0x48, 0x20,
    0x6D, 0x65, 0x6E, 0x75, 0x20, 0x6D, 0x61, 0x6E, 0x61, 0x67, 0x65, 0x72, 0x20, 0x6C, 0x6F, 0x61,
    0x64, 0x65, 0x64, 0x20, 0x70, 0x61, 0x67, 0x65, 0x3D, 0x22, 0x24, 0x47, 0x72, 0x61, 0x70, 0x68,
    0x69, 0x63, 0x73, 0x53, 0x65, 0x74, 0x74, 0x69, 0x6E, 0x67, 0x73, 0x2E, 0x52, 0x65, 0x73, 0x6F,
    0x6C, 0x75, 0x74, 0x69, 0x6F, 0x6E, 0x50, 0x61, 0x67, 0x65, 0x24, 0x22, 0x20, 0x72, 0x65, 0x73,
    0x6F, 0x6C, 0x75, 0x74, 0x69, 0x6F, 0x6E, 0x3D, 0x22, 0x24, 0x47, 0x72, 0x61, 0x70, 0x68, 0x69,
    0x63, 0x73, 0x53, 0x65, 0x74, 0x74, 0x69, 0x6E, 0x67, 0x73, 0x2E, 0x52, 0x65, 0x73, 0x6F, 0x6C,
    0x75, 0x74, 0x69, 0x6F, 0x6E, 0x57, 0x69, 0x64, 0x74, 0x68, 0x24, 0x22, 0x78, 0x22, 0x24, 0x47,
    0x72, 0x61, 0x70, 0x68, 0x69, 0x63, 0x73, 0x53, 0x65, 0x74, 0x74, 0x69, 0x6E, 0x67, 0x73, 0x2E,
    0x52, 0x65, 0x73, 0x6F, 0x6C, 0x75, 0x74, 0x69, 0x6F, 0x6E, 0x48, 0x65, 0x69, 0x67, 0x68, 0x74,
    0x29, 0x3B, 0x0D, 0x0A, 0x7D, 0x0D, 0x0A, 0x0D, 0x0A, 0x66, 0x75, 0x6E, 0x63, 0x74, 0x69, 0x6F,
    0x6E, 0x20, 0x47, 0x72, 0x61, 0x70, 0x68, 0x69, 0x63, 0x73, 0x4D, 0x65, 0x6E, 0x75, 0x54, 0x69,
    0x6D, 0x65, 0x72, 0x28, 0x29, 0x0D, 0x0A, 0x7B, 0x0D, 0x0A, 0x09, 0x69, 0x66, 0x20, 0x28, 0x21,
    0x62, 0x47, 0x72, 0x61, 0x70, 0x68, 0x69, 0x63, 0x73, 0x4D, 0x65, 0x6E, 0x75, 0x49, 0x6E, 0x73,
    0x74, 0x61, 0x6C, 0x6C, 0x65, 0x64, 0x29, 0x0D, 0x0A, 0x09, 0x7B, 0x0D, 0x0A, 0x09, 0x09, 0x54,
    0x72, 0x79, 0x49, 0x6E, 0x73, 0x74, 0x61, 0x6C, 0x6C, 0x47, 0x72, 0x61, 0x70, 0x68, 0x69, 0x63,
    0x73, 0x4D, 0x65, 0x6E, 0x75, 0x28, 0x29, 0x3B, 0x0D, 0x0A, 0x09, 0x7D, 0x0D, 0x0A, 0x09, 0x69,
    0x66, 0x20, 0x28, 0x62, 0x47, 0x72, 0x61, 0x70, 0x68, 0x69, 0x63, 0x73, 0x4D, 0x65, 0x6E, 0x75,
    0x49, 0x6E, 0x73, 0x74, 0x61, 0x6C, 0x6C, 0x65, 0x64, 0x29, 0x0D, 0x0A, 0x09, 0x7B, 0x0D, 0x0A,
    0x09, 0x09, 0x69, 0x66, 0x20, 0x28, 0x21, 0x62, 0x53, 0x61, 0x76, 0x65, 0x64, 0x47, 0x72, 0x61,
    0x70, 0x68, 0x69, 0x63, 0x73, 0x41, 0x70, 0x70, 0x6C, 0x69, 0x65, 0x64, 0x29, 0x0D, 0x0A, 0x09,
    0x09, 0x7B, 0x0D, 0x0A, 0x09, 0x09, 0x09, 0x62, 0x53, 0x61, 0x76, 0x65, 0x64, 0x47, 0x72, 0x61,
    0x70, 0x68, 0x69, 0x63, 0x73, 0x41, 0x70, 0x70, 0x6C, 0x69, 0x65, 0x64, 0x20, 0x3D, 0x20, 0x41,
    0x70, 0x70, 0x6C, 0x79, 0x53, 0x61, 0x76, 0x65, 0x64, 0x47, 0x72, 0x61, 0x70, 0x68, 0x69, 0x63,
    0x73, 0x53, 0x65, 0x74, 0x74, 0x69, 0x6E, 0x67, 0x28, 0x29, 0x3B, 0x0D, 0x0A, 0x09, 0x09, 0x7D,
    0x0D, 0x0A, 0x09, 0x09, 0x69, 0x66, 0x20, 0x28, 0x62, 0x53, 0x61, 0x76, 0x65, 0x64, 0x47, 0x72,
    0x61, 0x70, 0x68, 0x69, 0x63, 0x73, 0x41, 0x70, 0x70, 0x6C, 0x69, 0x65, 0x64, 0x29, 0x0D, 0x0A,
    0x09, 0x09, 0x7B, 0x0D, 0x0A, 0x09, 0x09, 0x09, 0x4D, 0x6F, 0x6E, 0x69, 0x74, 0x6F, 0x72, 0x56,
    0x69, 0x65, 0x77, 0x70, 0x6F, 0x72, 0x74, 0x52, 0x65, 0x73, 0x6F, 0x6C, 0x75, 0x74, 0x69, 0x6F,
    0x6E, 0x28, 0x29, 0x3B, 0x0D, 0x0A, 0x09, 0x09, 0x7D, 0x0D, 0x0A, 0x09, 0x7D, 0x0D, 0x0A, 0x7D,
    0x0D, 0x0A, 0x0D, 0x0A, 0x66, 0x75, 0x6E, 0x63, 0x74, 0x69, 0x6F, 0x6E, 0x20, 0x62, 0x6F, 0x6F,
    0x6C, 0x20, 0x52, 0x65, 0x73, 0x6F, 0x6C, 0x75, 0x74, 0x69, 0x6F, 0x6E, 0x42, 0x75, 0x74, 0x74,
    0x6F, 0x6E, 0x43, 0x6F, 0x6D, 0x65, 0x73, 0x42, 0x65, 0x66, 0x6F, 0x72, 0x65, 0x28, 0x48, 0x61,
    0x7A, 0x61, 0x72, 0x64, 0x4F, 0x70, 0x74, 0x69, 0x6F, 0x6E, 0x73, 0x42, 0x75, 0x74, 0x74, 0x6F,
    0x6E, 0x20, 0x4C, 0x65, 0x66, 0x74, 0x2C, 0x20, 0x48, 0x61, 0x7A, 0x61, 0x72, 0x64, 0x4F, 0x70,
    0x74, 0x69, 0x6F, 0x6E, 0x73, 0x42, 0x75, 0x74, 0x74, 0x6F, 0x6E, 0x20, 0x52, 0x69, 0x67, 0x68,
    0x74, 0x29, 0x0D, 0x0A, 0x7B, 0x0D, 0x0A, 0x09, 0x69, 0x66, 0x20, 0x28, 0x4C, 0x65, 0x66, 0x74,
    0x2E, 0x4C, 0x6F, 0x63, 0x61, 0x74, 0x69, 0x6F, 0x6E, 0x2E, 0x5A, 0x20, 0x3E, 0x20, 0x52, 0x69,
    0x67, 0x68, 0x74, 0x2E, 0x4C, 0x6F, 0x63, 0x61, 0x74, 0x69, 0x6F, 0x6E, 0x2E, 0x5A, 0x20, 0x2B,
    0x20, 0x30, 0x2E, 0x31, 0x29, 0x0D, 0x0A, 0x09, 0x7B, 0x0D, 0x0A, 0x09, 0x09, 0x72, 0x65, 0x74,
    0x75, 0x72, 0x6E, 0x20, 0x74, 0x72, 0x75, 0x65, 0x3B, 0x0D, 0x0A, 0x09, 0x7D, 0x0D, 0x0A, 0x09,
    0x69, 0x66, 0x20, 0x28, 0x41, 0x62, 0x73, 0x28, 0x4C, 0x65, 0x66, 0x74, 0x2E, 0x4C, 0x6F, 0x63,
    0x61, 0x74, 0x69, 0x6F, 0x6E, 0x2E, 0x5A, 0x20, 0x2D, 0x20, 0x52, 0x69, 0x67, 0x68, 0x74, 0x2E,
    0x4C, 0x6F, 0x63, 0x61, 0x74, 0x69, 0x6F, 0x6E, 0x2E, 0x5A, 0x29, 0x20, 0x3C, 0x3D, 0x20, 0x30,
    0x2E, 0x31, 0x20, 0x26, 0x26, 0x20, 0x4C, 0x65, 0x66, 0x74, 0x2E, 0x4C, 0x6F, 0x63, 0x61, 0x74,
    0x69, 0x6F, 0x6E, 0x2E, 0x59, 0x20, 0x3C, 0x20, 0x52, 0x69, 0x67, 0x68, 0x74, 0x2E, 0x4C, 0x6F,
    0x63, 0x61, 0x74, 0x69, 0x6F, 0x6E, 0x2E, 0x59, 0x29, 0x0D, 0x0A, 0x09, 0x7B, 0x0D, 0x0A, 0x09,
    0x09, 0x72, 0x65, 0x74, 0x75, 0x72, 0x6E, 0x20, 0x74, 0x72, 0x75, 0x65, 0x3B, 0x0D, 0x0A, 0x09,
    0x7D, 0x0D, 0x0A, 0x09, 0x72, 0x65, 0x74, 0x75, 0x72, 0x6E, 0x20, 0x66, 0x61, 0x6C, 0x73, 0x65,
    0x3B, 0x0D, 0x0A, 0x7D, 0x0D, 0x0A, 0x0D, 0x0A, 0x66, 0x75, 0x6E, 0x63, 0x74, 0x69, 0x6F, 0x6E,
    0x20, 0x62, 0x6F, 0x6F, 0x6C, 0x20, 0x46, 0x69, 0x6E, 0x64, 0x53, 0x74, 0x6F, 0x63, 0x6B, 0x52,
    0x65, 0x73, 0x6F, 0x6C, 0x75, 0x74, 0x69, 0x6F, 0x6E, 0x42, 0x75, 0x74, 0x74, 0x6F, 0x6E, 0x73,
    0x28, 0x29, 0x0D, 0x0A, 0x7B, 0x0D, 0x0A, 0x09, 0x6C, 0x6F, 0x63, 0x61, 0x6C, 0x20, 0x48, 0x61,
    0x7A, 0x61, 0x72, 0x64, 0x4F, 0x70, 0x74, 0x69, 0x6F, 0x6E, 0x73, 0x42, 0x75, 0x74, 0x74, 0x6F,
    0x6E, 0x20, 0x42, 0x75, 0x74, 0x74, 0x6F, 0x6E, 0x3B, 0x0D, 0x0A, 0x09, 0x6C, 0x6F, 0x63, 0x61,
    0x6C, 0x20, 0x48, 0x61, 0x7A, 0x61, 0x72, 0x64, 0x4F, 0x70, 0x74, 0x69, 0x6F, 0x6E, 0x73, 0x42,
    0x75, 0x74, 0x74, 0x6F, 0x6E, 0x20, 0x53, 0x77, 0x61, 0x70, 0x42, 0x75, 0x74, 0x74, 0x6F, 0x6E,
    0x3B, 0x0D, 0x0A, 0x09, 0x6C, 0x6F, 0x63, 0x61, 0x6C, 0x20, 0x69, 0x6E, 0x74, 0x20, 0x4C, 0x65,
    0x66, 0x74, 0x49, 0x6E, 0x64, 0x65, 0x78, 0x3B, 0x0D, 0x0A, 0x09, 0x6C, 0x6F, 0x63, 0x61, 0x6C,
    0x20, 0x69, 0x6E, 0x74, 0x20, 0x52, 0x69, 0x67, 0x68, 0x74, 0x49, 0x6E, 0x64, 0x65, 0x78, 0x3B,
    0x0D, 0x0A, 0x0D, 0x0A, 0x09, 0x53, 0x74, 0x6F, 0x63, 0x6B, 0x52, 0x65, 0x73, 0x6F, 0x6C, 0x75,
    0x74, 0x69, 0x6F, 0x6E, 0x42, 0x75, 0x74, 0x74, 0x6F, 0x6E, 0x73, 0x2E, 0x4C, 0x65, 0x6E, 0x67,
    0x74, 0x68, 0x20, 0x3D, 0x20, 0x30, 0x3B, 0x0D, 0x0A, 0x09, 0x66, 0x6F, 0x72, 0x65, 0x61, 0x63,
    0x68, 0x20, 0x44, 0x79, 0x6E, 0x61, 0x6D, 0x69, 0x63, 0x41, 0x63, 0x74, 0x6F, 0x72, 0x73, 0x28,
    0x63, 0x6C, 0x61, 0x73, 0x73, 0x27, 0x48, 0x61, 0x7A, 0x61, 0x72, 0x64, 0x4F, 0x70, 0x74, 0x69,
    0x6F, 0x6E, 0x73, 0x42, 0x75, 0x74, 0x74, 0x6F, 0x6E, 0x27, 0x2C, 0x20, 0x42, 0x75, 0x74, 0x74,
    0x6F, 0x6E, 0x29, 0x0D, 0x0A, 0x09, 0x7B, 0x0D, 0x0A, 0x09, 0x09, 0x69, 0x66, 0x20, 0x28, 0x41,
    0x6E, 0x74, 0x69, 0x63, 0x68, 0x61, 0x6D, 0x62, 0x65, 0x72, 0x47, 0x72, 0x61, 0x70, 0x68, 0x69,
    0x63, 0x73, 0x42, 0x75, 0x74, 0x74, 0x6F, 0x6E, 0x28, 0x42, 0x75, 0x74, 0x74, 0x6F, 0x6E, 0x29,
    0x20, 0x3D, 0x3D, 0x20, 0x6E, 0x6F, 0x6E, 0x65, 0x20, 0x26, 0x26, 0x20, 0x69, 0x6E, 0x74, 0x28,
    0x42, 0x75, 0x74, 0x74, 0x6F, 0x6E, 0x2E, 0x52, 0x65, 0x73, 0x6F, 0x6C, 0x75, 0x74, 0x69, 0x6F,
    0x6E, 0x4D, 0x6F, 0x64, 0x65, 0x29, 0x20, 0x3E, 0x20, 0x30, 0x29, 0x0D, 0x0A, 0x09, 0x09, 0x7B,
    0x0D, 0x0A, 0x09, 0x09, 0x09, 0x53, 0x74, 0x6F, 0x63, 0x6B, 0x52, 0x65, 0x73, 0x6F, 0x6C, 0x75,
    0x74, 0x69, 0x6F, 0x6E, 0x42, 0x75, 0x74, 0x74, 0x6F, 0x6E, 0x73, 0x2E, 0x41, 0x64, 0x64, 0x49,
    0x74, 0x65, 0x6D, 0x28, 0x42, 0x75, 0x74, 0x74, 0x6F, 0x6E, 0x29, 0x3B, 0x0D, 0x0A, 0x09, 0x09,
    0x7D, 0x0D, 0x0A, 0x09, 0x7D, 0x0D, 0x0A, 0x09, 0x69, 0x66, 0x20, 0x28, 0x53, 0x74, 0x6F, 0x63,
    0x6B, 0x52, 0x65, 0x73, 0x6F, 0x6C, 0x75, 0x74, 0x69, 0x6F, 0x6E, 0x42, 0x75, 0x74, 0x74, 0x6F,
    0x6E, 0x73, 0x2E, 0x4C, 0x65, 0x6E, 0x67, 0x74, 0x68, 0x20, 0x21, 0x3D, 0x20, 0x38, 0x29, 0x0D,
    0x0A, 0x09, 0x7B, 0x0D, 0x0A, 0x09, 0x09, 0x72, 0x65, 0x74, 0x75, 0x72, 0x6E, 0x20, 0x66, 0x61,
    0x6C, 0x73, 0x65, 0x3B, 0x0D, 0x0A, 0x09, 0x7D, 0x0D, 0x0A, 0x0D, 0x0A, 0x09, 0x66, 0x6F, 0x72,
    0x20, 0x28, 0x4C, 0x65, 0x66, 0x74, 0x49, 0x6E, 0x64, 0x65, 0x78, 0x20, 0x3D, 0x20, 0x30, 0x3B,
    0x20, 0x4C, 0x65, 0x66, 0x74, 0x49, 0x6E, 0x64, 0x65, 0x78, 0x20, 0x3C, 0x20, 0x53, 0x74, 0x6F,
    0x63, 0x6B, 0x52, 0x65, 0x73, 0x6F, 0x6C, 0x75, 0x74, 0x69, 0x6F, 0x6E, 0x42, 0x75, 0x74, 0x74,
    0x6F, 0x6E, 0x73, 0x2E, 0x4C, 0x65, 0x6E, 0x67, 0x74, 0x68, 0x20, 0x2D, 0x20, 0x31, 0x3B, 0x20,
    0x2B, 0x2B, 0x4C, 0x65, 0x66, 0x74, 0x49, 0x6E, 0x64, 0x65, 0x78, 0x29, 0x0D, 0x0A, 0x09, 0x7B,
    0x0D, 0x0A, 0x09, 0x09, 0x66, 0x6F, 0x72, 0x20, 0x28, 0x52, 0x69, 0x67, 0x68, 0x74, 0x49, 0x6E,
    0x64, 0x65, 0x78, 0x20, 0x3D, 0x20, 0x4C, 0x65, 0x66, 0x74, 0x49, 0x6E, 0x64, 0x65, 0x78, 0x20,
    0x2B, 0x20, 0x31, 0x3B, 0x20, 0x52, 0x69, 0x67, 0x68, 0x74, 0x49, 0x6E, 0x64, 0x65, 0x78, 0x20,
    0x3C, 0x20, 0x53, 0x74, 0x6F, 0x63, 0x6B, 0x52, 0x65, 0x73, 0x6F, 0x6C, 0x75, 0x74, 0x69, 0x6F,
    0x6E, 0x42, 0x75, 0x74, 0x74, 0x6F, 0x6E, 0x73, 0x2E, 0x4C, 0x65, 0x6E, 0x67, 0x74, 0x68, 0x3B,
    0x20, 0x2B, 0x2B, 0x52, 0x69, 0x67, 0x68, 0x74, 0x49, 0x6E, 0x64, 0x65, 0x78, 0x29, 0x0D, 0x0A,
    0x09, 0x09, 0x7B, 0x0D, 0x0A, 0x09, 0x09, 0x09, 0x69, 0x66, 0x20, 0x28, 0x52, 0x65, 0x73, 0x6F,
    0x6C, 0x75, 0x74, 0x69, 0x6F, 0x6E, 0x42, 0x75, 0x74, 0x74, 0x6F, 0x6E, 0x43, 0x6F, 0x6D, 0x65,
    0x73, 0x42, 0x65, 0x66, 0x6F, 0x72, 0x65, 0x28, 0x53, 0x74, 0x6F, 0x63, 0x6B, 0x52, 0x65, 0x73,
    0x6F, 0x6C, 0x75, 0x74, 0x69, 0x6F, 0x6E, 0x42, 0x75, 0x74, 0x74, 0x6F, 0x6E, 0x73, 0x5B, 0x52,
    0x69, 0x67, 0x68, 0x74, 0x49, 0x6E, 0x64, 0x65, 0x78, 0x5D, 0x2C, 0x20, 0x53, 0x74, 0x6F, 0x63,
    0x6B, 0x52, 0x65, 0x73, 0x6F, 0x6C, 0x75, 0x74, 0x69, 0x6F, 0x6E, 0x42, 0x75, 0x74, 0x74, 0x6F,
    0x6E, 0x73, 0x5B, 0x4C, 0x65, 0x66, 0x74, 0x49, 0x6E, 0x64, 0x65, 0x78, 0x5D, 0x29, 0x29, 0x0D,
    0x0A, 0x09, 0x09, 0x09, 0x7B, 0x0D, 0x0A, 0x09, 0x09, 0x09, 0x09, 0x53, 0x77, 0x61, 0x70, 0x42,
    0x75, 0x74, 0x74, 0x6F, 0x6E, 0x20, 0x3D, 0x20, 0x53, 0x74, 0x6F, 0x63, 0x6B, 0x52, 0x65, 0x73,
    0x6F, 0x6C, 0x75, 0x74, 0x69, 0x6F, 0x6E, 0x42, 0x75, 0x74, 0x74, 0x6F, 0x6E, 0x73, 0x5B, 0x4C,
    0x65, 0x66, 0x74, 0x49, 0x6E, 0x64, 0x65, 0x78, 0x5D, 0x3B, 0x0D, 0x0A, 0x09, 0x09, 0x09, 0x09,
    0x53, 0x74, 0x6F, 0x63, 0x6B, 0x52, 0x65, 0x73, 0x6F, 0x6C, 0x75, 0x74, 0x69, 0x6F, 0x6E, 0x42,
    0x75, 0x74, 0x74, 0x6F, 0x6E, 0x73, 0x5B, 0x4C, 0x65, 0x66, 0x74, 0x49, 0x6E, 0x64, 0x65, 0x78,
    0x5D, 0x20, 0x3D, 0x20, 0x53, 0x74, 0x6F, 0x63, 0x6B, 0x52, 0x65, 0x73, 0x6F, 0x6C, 0x75, 0x74,
    0x69, 0x6F, 0x6E, 0x42, 0x75, 0x74, 0x74, 0x6F, 0x6E, 0x73, 0x5B, 0x52, 0x69, 0x67, 0x68, 0x74,
    0x49, 0x6E, 0x64, 0x65, 0x78, 0x5D, 0x3B, 0x0D, 0x0A, 0x09, 0x09, 0x09, 0x09, 0x53, 0x74, 0x6F,
    0x63, 0x6B, 0x52, 0x65, 0x73, 0x6F, 0x6C, 0x75, 0x74, 0x69, 0x6F, 0x6E, 0x42, 0x75, 0x74, 0x74,
    0x6F, 0x6E, 0x73, 0x5B, 0x52, 0x69, 0x67, 0x68, 0x74, 0x49, 0x6E, 0x64, 0x65, 0x78, 0x5D, 0x20,
    0x3D, 0x20, 0x53, 0x77, 0x61, 0x70, 0x42, 0x75, 0x74, 0x74, 0x6F, 0x6E, 0x3B, 0x0D, 0x0A, 0x09,
    0x09, 0x09, 0x7D, 0x0D, 0x0A, 0x09, 0x09, 0x7D, 0x0D, 0x0A, 0x09, 0x7D, 0x0D, 0x0A, 0x09, 0x72,
    0x65, 0x74, 0x75, 0x72, 0x6E, 0x20, 0x74, 0x72, 0x75, 0x65, 0x3B, 0x0D, 0x0A, 0x7D, 0x0D, 0x0A,
    0x0D, 0x0A, 0x66, 0x75, 0x6E, 0x63, 0x74, 0x69, 0x6F, 0x6E, 0x20, 0x41, 0x64, 0x64, 0x44, 0x65,
    0x74, 0x65, 0x63, 0x74, 0x65, 0x64, 0x52, 0x65, 0x73, 0x6F, 0x6C, 0x75, 0x74, 0x69, 0x6F, 0x6E,
    0x28, 0x69, 0x6E, 0x74, 0x20, 0x57, 0x69, 0x64, 0x74, 0x68, 0x2C, 0x20, 0x69, 0x6E, 0x74, 0x20,
    0x48, 0x65, 0x69, 0x67, 0x68, 0x74, 0x29, 0x0D, 0x0A, 0x7B, 0x0D, 0x0A, 0x09, 0x6C, 0x6F, 0x63,
    0x61, 0x6C, 0x20, 0x69, 0x6E, 0x74, 0x20, 0x49, 0x6E, 0x64, 0x65, 0x78, 0x3B, 0x0D, 0x0A, 0x09,
    0x69, 0x66, 0x20, 0x28, 0x57, 0x69, 0x64, 0x74, 0x68, 0x20, 0x3C, 0x3D, 0x20, 0x30, 0x20, 0x7C,
    0x7C, 0x20, 0x48, 0x65, 0x69, 0x67, 0x68, 0x74, 0x20, 0x3C, 0x3D, 0x20, 0x30, 0x29, 0x0D, 0x0A,
    0x09, 0x7B, 0x0D, 0x0A, 0x09, 0x09, 0x72, 0x65, 0x74, 0x75, 0x72, 0x6E, 0x3B, 0x0D, 0x0A, 0x09,
    0x7D, 0x0D, 0x0A, 0x09, 0x66, 0x6F, 0x72, 0x20, 0x28, 0x49, 0x6E, 0x64, 0x65, 0x78, 0x20, 0x3D,
    0x20, 0x30, 0x3B, 0x20, 0x49, 0x6E, 0x64, 0x65, 0x78, 0x20, 0x3C, 0x20, 0x44, 0x65, 0x74, 0x65,
    0x63, 0x74, 0x65, 0x64, 0x52, 0x65, 0x73, 0x6F, 0x6C, 0x75, 0x74, 0x69, 0x6F, 0x6E, 0x73, 0x2E,
    0x4C, 0x65, 0x6E, 0x67, 0x74, 0x68, 0x3B, 0x20, 0x2B, 0x2B, 0x49, 0x6E, 0x64, 0x65, 0x78, 0x29,
    0x0D, 0x0A, 0x09, 0x7B, 0x0D, 0x0A, 0x09, 0x09, 0x69, 0x66, 0x20, 0x28, 0x44, 0x65, 0x74, 0x65,
    0x63, 0x74, 0x65, 0x64, 0x52, 0x65, 0x73, 0x6F, 0x6C, 0x75, 0x74, 0x69, 0x6F, 0x6E, 0x73, 0x5B,
    0x49, 0x6E, 0x64, 0x65, 0x78, 0x5D, 0x2E, 0x57, 0x69, 0x64, 0x74, 0x68, 0x20, 0x3D, 0x3D, 0x20,
    0x57, 0x69, 0x64, 0x74, 0x68, 0x20, 0x26, 0x26, 0x20, 0x44, 0x65, 0x74, 0x65, 0x63, 0x74, 0x65,
    0x64, 0x52, 0x65, 0x73, 0x6F, 0x6C, 0x75, 0x74, 0x69, 0x6F, 0x6E, 0x73, 0x5B, 0x49, 0x6E, 0x64,
    0x65, 0x78, 0x5D, 0x2E, 0x48, 0x65, 0x69, 0x67, 0x68, 0x74, 0x20, 0x3D, 0x3D, 0x20, 0x48, 0x65,
    0x69, 0x67, 0x68, 0x74, 0x29, 0x0D, 0x0A, 0x09, 0x09, 0x7B, 0x0D, 0x0A, 0x09, 0x09, 0x09, 0x72,
    0x65, 0x74, 0x75, 0x72, 0x6E, 0x3B, 0x0D, 0x0A, 0x09, 0x09, 0x7D, 0x0D, 0x0A, 0x09, 0x7D, 0x0D,
    0x0A, 0x09, 0x49, 0x6E, 0x64, 0x65, 0x78, 0x20, 0x3D, 0x20, 0x44, 0x65, 0x74, 0x65, 0x63, 0x74,
    0x65, 0x64, 0x52, 0x65, 0x73, 0x6F, 0x6C, 0x75, 0x74, 0x69, 0x6F, 0x6E, 0x73, 0x2E, 0x4C, 0x65,
    0x6E, 0x67, 0x74, 0x68, 0x3B, 0x0D, 0x0A, 0x09, 0x44, 0x65, 0x74, 0x65, 0x63, 0x74, 0x65, 0x64,
    0x52, 0x65, 0x73, 0x6F, 0x6C, 0x75, 0x74, 0x69, 0x6F, 0x6E, 0x73, 0x2E, 0x4C, 0x65, 0x6E, 0x67,
    0x74, 0x68, 0x20, 0x3D, 0x20, 0x49, 0x6E, 0x64, 0x65, 0x78, 0x20, 0x2B, 0x20, 0x31, 0x3B, 0x0D,
    0x0A, 0x09, 0x44, 0x65, 0x74, 0x65, 0x63, 0x74, 0x65, 0x64, 0x52, 0x65, 0x73, 0x6F, 0x6C, 0x75,
    0x74, 0x69, 0x6F, 0x6E, 0x73, 0x5B, 0x49, 0x6E, 0x64, 0x65, 0x78, 0x5D, 0x2E, 0x57, 0x69, 0x64,
    0x74, 0x68, 0x20, 0x3D, 0x20, 0x57, 0x69, 0x64, 0x74, 0x68, 0x3B, 0x0D, 0x0A, 0x09, 0x44, 0x65,
    0x74, 0x65, 0x63, 0x74, 0x65, 0x64, 0x52, 0x65, 0x73, 0x6F, 0x6C, 0x75, 0x74, 0x69, 0x6F, 0x6E,
    0x73, 0x5B, 0x49, 0x6E, 0x64, 0x65, 0x78, 0x5D, 0x2E, 0x48, 0x65, 0x69, 0x67, 0x68, 0x74, 0x20,
    0x3D, 0x20, 0x48, 0x65, 0x69, 0x67, 0x68, 0x74, 0x3B, 0x0D, 0x0A, 0x7D, 0x0D, 0x0A, 0x0D, 0x0A,
    0x66, 0x75, 0x6E, 0x63, 0x74, 0x69, 0x6F, 0x6E, 0x20, 0x4C, 0x6F, 0x61, 0x64, 0x44, 0x65, 0x74,
    0x65, 0x63, 0x74, 0x65, 0x64, 0x52, 0x65, 0x73, 0x6F, 0x6C, 0x75, 0x74, 0x69, 0x6F, 0x6E, 0x73,
    0x28, 0x29, 0x0D, 0x0A, 0x7B, 0x0D, 0x0A, 0x09, 0x6C, 0x6F, 0x63, 0x61, 0x6C, 0x20, 0x69, 0x6E,
    0x74, 0x20, 0x49, 0x6E, 0x64, 0x65, 0x78, 0x3B, 0x0D, 0x0A, 0x09, 0x6C, 0x6F, 0x63, 0x61, 0x6C,
    0x20, 0x69, 0x6E, 0x74, 0x20, 0x43, 0x6F, 0x75, 0x6E, 0x74, 0x3B, 0x0D, 0x0A, 0x0D, 0x0A, 0x09,
    0x44, 0x65, 0x74, 0x65, 0x63, 0x74, 0x65, 0x64, 0x52, 0x65, 0x73, 0x6F, 0x6C, 0x75, 0x74, 0x69,
    0x6F, 0x6E, 0x73, 0x2E, 0x4C, 0x65, 0x6E, 0x67, 0x74, 0x68, 0x20, 0x3D, 0x20, 0x30, 0x3B, 0x0D,
    0x0A, 0x09, 0x4E, 0x61, 0x74, 0x69, 0x76, 0x65, 0x42, 0x72, 0x69, 0x64, 0x67, 0x65, 0x2E, 0x41,
    0x47, 0x5F, 0x52, 0x65, 0x66, 0x72, 0x65, 0x73, 0x68, 0x44, 0x69, 0x73, 0x70, 0x6C, 0x61, 0x79,
    0x4D, 0x6F, 0x64, 0x65, 0x73, 0x28, 0x29, 0x3B, 0x0D, 0x0A, 0x09, 0x43, 0x6F, 0x75, 0x6E, 0x74,
    0x20, 0x3D, 0x20, 0x4E, 0x61, 0x74, 0x69, 0x76, 0x65, 0x42, 0x72, 0x69, 0x64, 0x67, 0x65, 0x2E,
    0x41, 0x47, 0x5F, 0x47, 0x65, 0x74, 0x44, 0x69, 0x73, 0x70, 0x6C, 0x61, 0x79, 0x4D, 0x6F, 0x64,
    0x65, 0x43, 0x6F, 0x75, 0x6E, 0x74, 0x28, 0x29, 0x3B, 0x0D, 0x0A, 0x09, 0x66, 0x6F, 0x72, 0x20,
    0x28, 0x49, 0x6E, 0x64, 0x65, 0x78, 0x20, 0x3D, 0x20, 0x30, 0x3B, 0x20, 0x49, 0x6E, 0x64, 0x65,
    0x78, 0x20, 0x3C, 0x20, 0x43, 0x6F, 0x75, 0x6E, 0x74, 0x3B, 0x20, 0x2B, 0x2B, 0x49, 0x6E, 0x64,
    0x65, 0x78, 0x29, 0x0D, 0x0A, 0x09, 0x7B, 0x0D, 0x0A, 0x09, 0x09, 0x41, 0x64, 0x64, 0x44, 0x65,
    0x74, 0x65, 0x63, 0x74, 0x65, 0x64, 0x52, 0x65, 0x73, 0x6F, 0x6C, 0x75, 0x74, 0x69, 0x6F, 0x6E,
    0x28, 0x4E, 0x61, 0x74, 0x69, 0x76, 0x65, 0x42, 0x72, 0x69, 0x64, 0x67, 0x65, 0x2E, 0x41, 0x47,
    0x5F, 0x47, 0x65, 0x74, 0x44, 0x69, 0x73, 0x70, 0x6C, 0x61, 0x79, 0x4D, 0x6F, 0x64, 0x65, 0x57,
    0x69, 0x64, 0x74, 0x68, 0x28, 0x49, 0x6E, 0x64, 0x65, 0x78, 0x29, 0x2C, 0x20, 0x4E, 0x61, 0x74,
    0x69, 0x76, 0x65, 0x42, 0x72, 0x69, 0x64, 0x67, 0x65, 0x2E, 0x41, 0x47, 0x5F, 0x47, 0x65, 0x74,
    0x44, 0x69, 0x73, 0x70, 0x6C, 0x61, 0x79, 0x4D, 0x6F, 0x64, 0x65, 0x48, 0x65, 0x69, 0x67, 0x68,
    0x74, 0x28, 0x49, 0x6E, 0x64, 0x65, 0x78, 0x29, 0x29, 0x3B, 0x0D, 0x0A, 0x09, 0x7D, 0x0D, 0x0A,
    0x09, 0x69, 0x66, 0x20, 0x28, 0x44, 0x65, 0x74, 0x65, 0x63, 0x74, 0x65, 0x64, 0x52, 0x65, 0x73,
    0x6F, 0x6C, 0x75, 0x74, 0x69, 0x6F, 0x6E, 0x73, 0x2E, 0x4C, 0x65, 0x6E, 0x67, 0x74, 0x68, 0x20,
    0x3D, 0x3D, 0x20, 0x30, 0x29, 0x0D, 0x0A, 0x09, 0x7B, 0x0D, 0x0A, 0x09, 0x09, 0x41, 0x64, 0x64,
    0x44, 0x65, 0x74, 0x65, 0x63, 0x74, 0x65, 0x64, 0x52, 0x65, 0x73, 0x6F, 0x6C, 0x75, 0x74, 0x69,
    0x6F, 0x6E, 0x28, 0x31, 0x30, 0x32, 0x34, 0x2C, 0x20, 0x37, 0x36, 0x38, 0x29, 0x3B, 0x0D, 0x0A,
    0x09, 0x09, 0x41, 0x64, 0x64, 0x44, 0x65, 0x74, 0x65, 0x63, 0x74, 0x65, 0x64, 0x52, 0x65, 0x73,
    0x6F, 0x6C, 0x75, 0x74, 0x69, 0x6F, 0x6E, 0x28, 0x31, 0x32, 0x38, 0x30, 0x2C, 0x20, 0x37, 0x32,
    0x30, 0x29, 0x3B, 0x0D, 0x0A, 0x09, 0x09, 0x41, 0x64, 0x64, 0x44, 0x65, 0x74, 0x65, 0x63, 0x74,
    0x65, 0x64, 0x52, 0x65, 0x73, 0x6F, 0x6C, 0x75, 0x74, 0x69, 0x6F, 0x6E, 0x28, 0x31, 0x32, 0x38,
    0x30, 0x2C, 0x20, 0x31, 0x30, 0x32, 0x34, 0x29, 0x3B, 0x0D, 0x0A, 0x09, 0x09, 0x41, 0x64, 0x64,
    0x44, 0x65, 0x74, 0x65, 0x63, 0x74, 0x65, 0x64, 0x52, 0x65, 0x73, 0x6F, 0x6C, 0x75, 0x74, 0x69,
    0x6F, 0x6E, 0x28, 0x31, 0x34, 0x34, 0x30, 0x2C, 0x20, 0x39, 0x30, 0x30, 0x29, 0x3B, 0x0D, 0x0A,
    0x09, 0x09, 0x41, 0x64, 0x64, 0x44, 0x65, 0x74, 0x65, 0x63, 0x74, 0x65, 0x64, 0x52, 0x65, 0x73,
    0x6F, 0x6C, 0x75, 0x74, 0x69, 0x6F, 0x6E, 0x28, 0x31, 0x36, 0x30, 0x30, 0x2C, 0x20, 0x31, 0x32,
    0x30, 0x30, 0x29, 0x3B, 0x0D, 0x0A, 0x09, 0x09, 0x41, 0x64, 0x64, 0x44, 0x65, 0x74, 0x65, 0x63,
    0x74, 0x65, 0x64, 0x52, 0x65, 0x73, 0x6F, 0x6C, 0x75, 0x74, 0x69, 0x6F, 0x6E, 0x28, 0x31, 0x36,
    0x38, 0x30, 0x2C, 0x20, 0x31, 0x30, 0x35, 0x30, 0x29, 0x3B, 0x0D, 0x0A, 0x09, 0x09, 0x41, 0x64,
    0x64, 0x44, 0x65, 0x74, 0x65, 0x63, 0x74, 0x65, 0x64, 0x52, 0x65, 0x73, 0x6F, 0x6C, 0x75, 0x74,
    0x69, 0x6F, 0x6E, 0x28, 0x31, 0x39, 0x32, 0x30, 0x2C, 0x20, 0x31, 0x30, 0x38, 0x30, 0x29, 0x3B,
    0x0D, 0x0A, 0x09, 0x09, 0x41, 0x64, 0x64, 0x44, 0x65, 0x74, 0x65, 0x63, 0x74, 0x65, 0x64, 0x52,
    0x65, 0x73, 0x6F, 0x6C, 0x75, 0x74, 0x69, 0x6F, 0x6E, 0x28, 0x31, 0x39, 0x32, 0x30, 0x2C, 0x20,
    0x31, 0x32, 0x30, 0x30, 0x29, 0x3B, 0x0D, 0x0A, 0x09, 0x7D, 0x0D, 0x0A, 0x09, 0x4C, 0x6F, 0x67,
    0x49, 0x6E, 0x74, 0x65, 0x72, 0x6E, 0x61, 0x6C, 0x28, 0x22, 0x41, 0x47, 0x50, 0x41, 0x54, 0x43,
    0x48, 0x20, 0x64, 0x65, 0x74, 0x65, 0x63, 0x74, 0x65, 0x64, 0x20, 0x72, 0x65, 0x73, 0x6F, 0x6C,
    0x75, 0x74, 0x69, 0x6F, 0x6E, 0x20, 0x63, 0x6F, 0x75, 0x6E, 0x74, 0x3D, 0x22, 0x24, 0x44, 0x65,
    0x74, 0x65, 0x63, 0x74, 0x65, 0x64, 0x52, 0x65, 0x73, 0x6F, 0x6C, 0x75, 0x74, 0x69, 0x6F, 0x6E,
    0x73, 0x2E, 0x4C, 0x65, 0x6E, 0x67, 0x74, 0x68, 0x29, 0x3B, 0x0D, 0x0A, 0x7D, 0x0D, 0x0A, 0x0D,
    0x0A, 0x66, 0x75, 0x6E, 0x63, 0x74, 0x69, 0x6F, 0x6E, 0x20, 0x41, 0x6E, 0x74, 0x69, 0x63, 0x68,
    0x61, 0x6D, 0x62, 0x65, 0x72, 0x47, 0x72, 0x61, 0x70, 0x68, 0x69, 0x63, 0x73, 0x42, 0x75, 0x74,
    0x74, 0x6F, 0x6E, 0x20, 0x53, 0x70, 0x61, 0x77, 0x6E, 0x47, 0x72, 0x61, 0x70, 0x68, 0x69, 0x63,
    0x73, 0x42, 0x75, 0x74, 0x74, 0x6F, 0x6E, 0x28, 0x48, 0x61, 0x7A, 0x61, 0x72, 0x64, 0x4F, 0x70,
    0x74, 0x69, 0x6F, 0x6E, 0x73, 0x42, 0x75, 0x74, 0x74, 0x6F, 0x6E, 0x20, 0x54, 0x65, 0x6D, 0x70,
    0x6C, 0x61, 0x74, 0x65, 0x42, 0x75, 0x74, 0x74, 0x6F, 0x6E, 0x29, 0x0D, 0x0A, 0x7B, 0x0D, 0x0A,
    0x09, 0x6C, 0x6F, 0x63, 0x61, 0x6C, 0x20, 0x41, 0x6E, 0x74, 0x69, 0x63, 0x68, 0x61, 0x6D, 0x62,
    0x65, 0x72, 0x47, 0x72, 0x61, 0x70, 0x68, 0x69, 0x63, 0x73, 0x42, 0x75, 0x74, 0x74, 0x6F, 0x6E,
    0x20, 0x42, 0x75, 0x74, 0x74, 0x6F, 0x6E, 0x3B, 0x0D, 0x0A, 0x09, 0x6C, 0x6F, 0x63, 0x61, 0x6C,
    0x20, 0x69, 0x6E, 0x74, 0x20, 0x4D, 0x61, 0x74, 0x65, 0x72, 0x69, 0x61, 0x6C, 0x49, 0x6E, 0x64,
    0x65, 0x78, 0x3B, 0x0D, 0x0A, 0x09, 0x42, 0x75, 0x74, 0x74, 0x6F, 0x6E, 0x20, 0x3D, 0x20, 0x53,
    0x70, 0x61, 0x77, 0x6E, 0x28, 0x63, 0x6C, 0x61, 0x73, 0x73, 0x27, 0x41, 0x6E, 0x74, 0x69, 0x63,
    0x68, 0x61, 0x6D, 0x62, 0x65, 0x72, 0x47, 0x72, 0x61, 0x70, 0x68, 0x69, 0x63, 0x73, 0x42, 0x75,
    0x74, 0x74, 0x6F, 0x6E, 0x27, 0x2C, 0x20, 0x73, 0x65, 0x6C, 0x66, 0x2C, 0x20, 0x2C, 0x20, 0x54,
    0x65, 0x6D, 0x70, 0x6C, 0x61, 0x74, 0x65, 0x42, 0x75, 0x74, 0x74, 0x6F, 0x6E, 0x2E, 0x4C, 0x6F,
    0x63, 0x61, 0x74, 0x69, 0x6F, 0x6E, 0x2C, 0x20, 0x54, 0x65, 0x6D, 0x70, 0x6C, 0x61, 0x74, 0x65,
    0x42, 0x75, 0x74, 0x74, 0x6F, 0x6E, 0x2E, 0x52, 0x6F, 0x74, 0x61, 0x74, 0x69, 0x6F, 0x6E, 0x2C,
    0x20, 0x2C, 0x20, 0x74, 0x72, 0x75, 0x65, 0x29, 0x3B, 0x0D, 0x0A, 0x09, 0x69, 0x66, 0x20, 0x28,
    0x42, 0x75, 0x74, 0x74, 0x6F, 0x6E, 0x20, 0x21, 0x3D, 0x20, 0x6E, 0x6F, 0x6E, 0x65, 0x29, 0x0D,
    0x0A, 0x09, 0x7B, 0x0D, 0x0A, 0x09, 0x09, 0x69, 0x66, 0x20, 0x28, 0x42, 0x75, 0x74, 0x74, 0x6F,
    0x6E, 0x2E, 0x53, 0x74, 0x61, 0x74, 0x69, 0x63, 0x4D, 0x65, 0x73, 0x68, 0x43, 0x6F, 0x6D, 0x70,
    0x6F, 0x6E, 0x65, 0x6E, 0x74, 0x20, 0x21, 0x3D, 0x20, 0x6E, 0x6F, 0x6E, 0x65, 0x20, 0x26, 0x26,
    0x20, 0x54, 0x65, 0x6D, 0x70, 0x6C, 0x61, 0x74, 0x65, 0x42, 0x75, 0x74, 0x74, 0x6F, 0x6E, 0x2E,
    0x53, 0x74, 0x61, 0x74, 0x69, 0x63, 0x4D, 0x65, 0x73, 0x68, 0x43, 0x6F, 0x6D, 0x70, 0x6F, 0x6E,
    0x65, 0x6E, 0x74, 0x20, 0x21, 0x3D, 0x20, 0x6E, 0x6F, 0x6E, 0x65, 0x29, 0x0D, 0x0A, 0x09, 0x09,
    0x7B, 0x0D, 0x0A, 0x09, 0x09, 0x09, 0x42, 0x75, 0x74, 0x74, 0x6F, 0x6E, 0x2E, 0x53, 0x74, 0x61,
    0x74, 0x69, 0x63, 0x4D, 0x65, 0x73, 0x68, 0x43, 0x6F, 0x6D, 0x70, 0x6F, 0x6E, 0x65, 0x6E, 0x74,
    0x2E, 0x53, 0x65, 0x74, 0x53, 0x74, 0x61, 0x74, 0x69, 0x63, 0x4D, 0x65, 0x73, 0x68, 0x28, 0x54,
    0x65, 0x6D, 0x70, 0x6C, 0x61, 0x74, 0x65, 0x42, 0x75, 0x74, 0x74, 0x6F, 0x6E, 0x2E, 0x53, 0x74,
    0x61, 0x74, 0x69, 0x63, 0x4D, 0x65, 0x73, 0x68, 0x43, 0x6F, 0x6D, 0x70, 0x6F, 0x6E, 0x65, 0x6E,
    0x74, 0x2E, 0x53, 0x74, 0x61, 0x74, 0x69, 0x63, 0x4D, 0x65, 0x73, 0x68, 0x29, 0x3B, 0x0D, 0x0A,
    0x09, 0x09, 0x09, 0x66, 0x6F, 0x72, 0x20, 0x28, 0x4D, 0x61, 0x74, 0x65, 0x72, 0x69, 0x61, 0x6C,
    0x49, 0x6E, 0x64, 0x65, 0x78, 0x20, 0x3D, 0x20, 0x30, 0x3B, 0x20, 0x4D, 0x61, 0x74, 0x65, 0x72,
    0x69, 0x61, 0x6C, 0x49, 0x6E, 0x64, 0x65, 0x78, 0x20, 0x3C, 0x20, 0x54, 0x65, 0x6D, 0x70, 0x6C,
    0x61, 0x74, 0x65, 0x42, 0x75, 0x74, 0x74, 0x6F, 0x6E, 0x2E, 0x53, 0x74, 0x61, 0x74, 0x69, 0x63,
    0x4D, 0x65, 0x73, 0x68, 0x43, 0x6F, 0x6D, 0x70, 0x6F, 0x6E, 0x65, 0x6E, 0x74, 0x2E, 0x4D, 0x61,
    0x74, 0x65, 0x72, 0x69, 0x61, 0x6C, 0x73, 0x2E, 0x4C, 0x65, 0x6E, 0x67, 0x74, 0x68, 0x3B, 0x20,
    0x2B, 0x2B, 0x4D, 0x61, 0x74, 0x65, 0x72, 0x69, 0x61, 0x6C, 0x49, 0x6E, 0x64, 0x65, 0x78, 0x29,
    0x0D, 0x0A, 0x09, 0x09, 0x09, 0x7B, 0x0D, 0x0A, 0x09, 0x09, 0x09, 0x09, 0x42, 0x75, 0x74, 0x74,
    0x6F, 0x6E, 0x2E, 0x53, 0x74, 0x61, 0x74, 0x69, 0x63, 0x4D, 0x65, 0x73, 0x68, 0x43, 0x6F, 0x6D,
    0x70, 0x6F, 0x6E, 0x65, 0x6E, 0x74, 0x2E, 0x53, 0x65, 0x74, 0x4D, 0x61, 0x74, 0x65, 0x72, 0x69,
    0x61, 0x6C, 0x28, 0x4D, 0x61, 0x74, 0x65, 0x72, 0x69, 0x61, 0x6C, 0x49, 0x6E, 0x64, 0x65, 0x78,
    0x2C, 0x20, 0x54, 0x65, 0x6D, 0x70, 0x6C, 0x61, 0x74, 0x65, 0x42, 0x75, 0x74, 0x74, 0x6F, 0x6E,
    0x2E, 0x53, 0x74, 0x61, 0x74, 0x69, 0x63, 0x4D, 0x65, 0x73, 0x68, 0x43, 0x6F, 0x6D, 0x70, 0x6F,
    0x6E, 0x65, 0x6E, 0x74, 0x2E, 0x4D, 0x61, 0x74, 0x65, 0x72, 0x69, 0x61, 0x6C, 0x73, 0x5B, 0x4D,
    0x61, 0x74, 0x65, 0x72, 0x69, 0x61, 0x6C, 0x49, 0x6E, 0x64, 0x65, 0x78, 0x5D, 0x29, 0x3B, 0x0D,
    0x0A, 0x09, 0x09, 0x09, 0x7D, 0x0D, 0x0A, 0x09, 0x09, 0x09, 0x42, 0x75, 0x74, 0x74, 0x6F, 0x6E,
    0x2E, 0x49, 0x6E, 0x69, 0x74, 0x69, 0x61, 0x6C, 0x69, 0x7A, 0x65, 0x4D, 0x61, 0x74, 0x65, 0x72,
    0x69, 0x61, 0x6C, 0x28, 0x29, 0x3B, 0x0D, 0x0A, 0x09, 0x09, 0x7D, 0x0D, 0x0A, 0x09, 0x09, 0x42,
    0x75, 0x74, 0x74, 0x6F, 0x6E, 0x2E, 0x53, 0x65, 0x74, 0x44, 0x72, 0x61, 0x77, 0x53, 0x63, 0x61,
    0x6C, 0x65, 0x33, 0x44, 0x28, 0x54, 0x65, 0x6D, 0x70, 0x6C, 0x61, 0x74, 0x65, 0x42, 0x75, 0x74,
    0x74, 0x6F, 0x6E, 0x2E, 0x44, 0x72, 0x61, 0x77, 0x53, 0x63, 0x61, 0x6C, 0x65, 0x33, 0x44, 0x29,
    0x3B, 0x0D, 0x0A, 0x09, 0x09, 0x42, 0x75, 0x74, 0x74, 0x6F, 0x6E, 0x2E, 0x53, 0x65, 0x74, 0x43,
    0x6F, 0x6C, 0x6C, 0x69, 0x73, 0x69, 0x6F, 0x6E, 0x28, 0x74, 0x72, 0x75, 0x65, 0x2C, 0x20, 0x74,
    0x72, 0x75, 0x65, 0x29, 0x3B, 0x0D, 0x0A, 0x09, 0x09, 0x47, 0x72, 0x61, 0x70, 0x68, 0x69, 0x63,
    0x73, 0x42, 0x75, 0x74, 0x74, 0x6F, 0x6E, 0x73, 0x2E, 0x41, 0x64, 0x64, 0x49, 0x74, 0x65, 0x6D,
    0x28, 0x42, 0x75, 0x74, 0x74, 0x6F, 0x6E, 0x29, 0x3B, 0x0D, 0x0A, 0x09, 0x7D, 0x0D, 0x0A, 0x09,
    0x72, 0x65, 0x74, 0x75, 0x72, 0x6E, 0x20, 0x42, 0x75, 0x74, 0x74, 0x6F, 0x6E, 0x3B, 0x0D, 0x0A,
    0x7D, 0x0D, 0x0A, 0x0D, 0x0A, 0x66, 0x75, 0x6E, 0x63, 0x74, 0x69, 0x6F, 0x6E, 0x20, 0x54, 0x72,
    0x79, 0x49, 0x6E, 0x73, 0x74, 0x61, 0x6C, 0x6C, 0x47, 0x72, 0x61, 0x70, 0x68, 0x69, 0x63, 0x73,
    0x4D, 0x65, 0x6E, 0x75, 0x28, 0x29, 0x0D, 0x0A, 0x7B, 0x0D, 0x0A, 0x09, 0x6C, 0x6F, 0x63, 0x61,
    0x6C, 0x20, 0x41, 0x6E, 0x74, 0x69, 0x63, 0x68, 0x61, 0x6D, 0x62, 0x65, 0x72, 0x47, 0x72, 0x61,
    0x70, 0x68, 0x69, 0x63, 0x73, 0x42, 0x75, 0x74, 0x74, 0x6F, 0x6E, 0x20, 0x42, 0x75, 0x74, 0x74,
    0x6F, 0x6E, 0x3B, 0x0D, 0x0A, 0x09, 0x6C, 0x6F, 0x63, 0x61, 0x6C, 0x20, 0x69, 0x6E, 0x74, 0x20,
    0x49, 0x6E, 0x64, 0x65, 0x78, 0x3B, 0x0D, 0x0A, 0x0D, 0x0A, 0x09, 0x69, 0x66, 0x20, 0x28, 0x21,
    0x46, 0x69, 0x6E, 0x64, 0x53, 0x74, 0x6F, 0x63, 0x6B, 0x52, 0x65, 0x73, 0x6F, 0x6C, 0x75, 0x74,
    0x69, 0x6F, 0x6E, 0x42, 0x75, 0x74, 0x74, 0x6F, 0x6E, 0x73, 0x28, 0x29, 0x29, 0x0D, 0x0A, 0x09,
    0x7B, 0x0D, 0x0A, 0x09, 0x09, 0x72, 0x65, 0x74, 0x75, 0x72, 0x6E, 0x3B, 0x0D, 0x0A, 0x09, 0x7D,
    0x0D, 0x0A, 0x09, 0x4C, 0x6F, 0x61, 0x64, 0x44, 0x65, 0x74, 0x65, 0x63, 0x74, 0x65, 0x64, 0x52,
    0x65, 0x73, 0x6F, 0x6C, 0x75, 0x74, 0x69, 0x6F, 0x6E, 0x73, 0x28, 0x29, 0x3B, 0x0D, 0x0A, 0x0D,
    0x0A, 0x09, 0x66, 0x6F, 0x72, 0x20, 0x28, 0x49, 0x6E, 0x64, 0x65, 0x78, 0x20, 0x3D, 0x20, 0x30,
    0x3B, 0x20, 0x49, 0x6E, 0x64, 0x65, 0x78, 0x20, 0x3C, 0x20, 0x53, 0x74, 0x6F, 0x63, 0x6B, 0x52,
    0x65, 0x73, 0x6F, 0x6C, 0x75, 0x74, 0x69, 0x6F, 0x6E, 0x42, 0x75, 0x74, 0x74, 0x6F, 0x6E, 0x73,
    0x2E, 0x4C, 0x65, 0x6E, 0x67, 0x74, 0x68, 0x3B, 0x20, 0x2B, 0x2B, 0x49, 0x6E, 0x64, 0x65, 0x78,
    0x29, 0x0D, 0x0A, 0x09, 0x7B, 0x0D, 0x0A, 0x09, 0x09, 0x53, 0x74, 0x6F, 0x63, 0x6B, 0x52, 0x65,
    0x73, 0x6F, 0x6C, 0x75, 0x74, 0x69, 0x6F, 0x6E, 0x42, 0x75, 0x74, 0x74, 0x6F, 0x6E, 0x73, 0x5B,
    0x49, 0x6E, 0x64, 0x65, 0x78, 0x5D, 0x2E, 0x53, 0x65, 0x74, 0x43, 0x6F, 0x6C, 0x6C, 0x69, 0x73,
    0x69, 0x6F, 0x6E, 0x28, 0x66, 0x61, 0x6C, 0x73, 0x65, 0x2C, 0x20, 0x66, 0x61, 0x6C, 0x73, 0x65,
    0x29, 0x3B, 0x0D, 0x0A, 0x09, 0x09, 0x53, 0x74, 0x6F, 0x63, 0x6B, 0x52, 0x65, 0x73, 0x6F, 0x6C,
    0x75, 0x74, 0x69, 0x6F, 0x6E, 0x42, 0x75, 0x74, 0x74, 0x6F, 0x6E, 0x73, 0x5B, 0x49, 0x6E, 0x64,
    0x65, 0x78, 0x5D, 0x2E, 0x53, 0x65, 0x74, 0x48, 0x69, 0x64, 0x64, 0x65, 0x6E, 0x28, 0x74, 0x72,
    0x75, 0x65, 0x29, 0x3B, 0x0D, 0x0A, 0x09, 0x09, 0x42, 0x75, 0x74, 0x74, 0x6F, 0x6E, 0x20, 0x3D,
    0x20, 0x53, 0x70, 0x61, 0x77, 0x6E, 0x47, 0x72, 0x61, 0x70, 0x68, 0x69, 0x63, 0x73, 0x42, 0x75,
    0x74, 0x74, 0x6F, 0x6E, 0x28, 0x53, 0x74, 0x6F, 0x63, 0x6B, 0x52, 0x65, 0x73, 0x6F, 0x6C, 0x75,
    0x74, 0x69, 0x6F, 0x6E, 0x42, 0x75, 0x74, 0x74, 0x6F, 0x6E, 0x73, 0x5B, 0x49, 0x6E, 0x64, 0x65,
    0x78, 0x5D, 0x29, 0x3B, 0x0D, 0x0A, 0x09, 0x09, 0x69, 0x66, 0x20, 0x28, 0x42, 0x75, 0x74, 0x74,
    0x6F, 0x6E, 0x20, 0x3D, 0x3D, 0x20, 0x6E, 0x6F, 0x6E, 0x65, 0x29, 0x0D, 0x0A, 0x09, 0x09, 0x7B,
    0x0D, 0x0A, 0x09, 0x09, 0x09, 0x4C, 0x6F, 0x67, 0x49, 0x6E, 0x74, 0x65, 0x72, 0x6E, 0x61, 0x6C,
    0x28, 0x22, 0x41, 0x47, 0x50, 0x41, 0x54, 0x43, 0x48, 0x20, 0x66, 0x61, 0x69, 0x6C, 0x65, 0x64,
    0x20, 0x74, 0x6F, 0x20, 0x73, 0x70, 0x61, 0x77, 0x6E, 0x20, 0x72, 0x65, 0x70, 0x6C, 0x61, 0x63,
    0x65, 0x6D, 0x65, 0x6E, 0x74, 0x20, 0x72, 0x65, 0x73, 0x6F, 0x6C, 0x75, 0x74, 0x69, 0x6F, 0x6E,
    0x20, 0x62, 0x75, 0x74, 0x74, 0x6F, 0x6E, 0x20, 0x22, 0x24, 0x49, 0x6E, 0x64, 0x65, 0x78, 0x29,
    0x3B, 0x0D, 0x0A, 0x09, 0x09, 0x09, 0x72, 0x65, 0x74, 0x75, 0x72, 0x6E, 0x3B, 0x0D, 0x0A, 0x09,
    0x09, 0x7D, 0x0D, 0x0A, 0x09, 0x09, 0x69, 0x66, 0x20, 0x28, 0x49, 0x6E, 0x64, 0x65, 0x78, 0x20,
    0x3D, 0x3D, 0x20, 0x30, 0x29, 0x0D, 0x0A, 0x09, 0x09, 0x7B, 0x0D, 0x0A, 0x09, 0x09, 0x09, 0x4C,
    0x61, 0x73, 0x74, 0x42, 0x75, 0x74, 0x74, 0x6F, 0x6E, 0x20, 0x3D, 0x20, 0x42, 0x75, 0x74, 0x74,
    0x6F, 0x6E, 0x3B, 0x0D, 0x0A, 0x09, 0x09, 0x09, 0x42, 0x75, 0x74, 0x74, 0x6F, 0x6E, 0x2E, 0x43,
    0x6F, 0x6E, 0x66, 0x69, 0x67, 0x75, 0x72, 0x65, 0x4E, 0x61, 0x76, 0x69, 0x67, 0x61, 0x74, 0x69,
    0x6F, 0x6E, 0x28, 0x73, 0x65, 0x6C, 0x66, 0x2C, 0x20, 0x66, 0x61, 0x6C, 0x73, 0x65, 0x29, 0x3B,
    0x0D, 0x0A, 0x09, 0x09, 0x7D, 0x0D, 0x0A, 0x09, 0x09, 0x65, 0x6C, 0x73, 0x65, 0x20, 0x69, 0x66,
    0x20, 0x28, 0x49, 0x6E, 0x64, 0x65, 0x78, 0x20, 0x3D, 0x3D, 0x20, 0x53, 0x74, 0x6F, 0x63, 0x6B,
    0x52, 0x65, 0x73, 0x6F, 0x6C, 0x75, 0x74, 0x69, 0x6F, 0x6E, 0x42, 0x75, 0x74, 0x74, 0x6F, 0x6E,
    0x73, 0x2E, 0x4C, 0x65, 0x6E, 0x67, 0x74, 0x68, 0x20, 0x2D, 0x20, 0x31, 0x29, 0x0D, 0x0A, 0x09,
    0x09, 0x7B, 0x0D, 0x0A, 0x09, 0x09, 0x09, 0x4E, 0x65, 0x78, 0x74, 0x42, 0x75, 0x74, 0x74, 0x6F,
    0x6E, 0x20, 0x3D, 0x20, 0x42, 0x75, 0x74, 0x74, 0x6F, 0x6E, 0x3B, 0x0D, 0x0A, 0x09, 0x09, 0x09,
    0x42, 0x75, 0x74, 0x74, 0x6F, 0x6E, 0x2E, 0x43, 0x6F, 0x6E, 0x66, 0x69, 0x67, 0x75, 0x72, 0x65,
    0x4E, 0x61, 0x76, 0x69, 0x67, 0x61, 0x74, 0x69, 0x6F, 0x6E, 0x28, 0x73, 0x65, 0x6C, 0x66, 0x2C,
    0x20, 0x74, 0x72, 0x75, 0x65, 0x29, 0x3B, 0x0D, 0x0A, 0x09, 0x09, 0x7D, 0x0D, 0x0A, 0x09, 0x09,
    0x65, 0x6C, 0x73, 0x65, 0x0D, 0x0A, 0x09, 0x09, 0x7B, 0x0D, 0x0A, 0x09, 0x09, 0x09, 0x42, 0x75,
    0x74, 0x74, 0x6F, 0x6E, 0x2E, 0x43, 0x6F, 0x6E, 0x66, 0x69, 0x67, 0x75, 0x72, 0x65, 0x52, 0x65,
    0x73, 0x6F, 0x6C, 0x75, 0x74, 0x69, 0x6F, 0x6E, 0x28, 0x73, 0x65, 0x6C, 0x66, 0x2C, 0x20, 0x30,
    0x2C, 0x20, 0x30, 0x29, 0x3B, 0x0D, 0x0A, 0x09, 0x09, 0x09, 0x52, 0x65, 0x73, 0x6F, 0x6C, 0x75,
    0x74, 0x69, 0x6F, 0x6E, 0x43, 0x68, 0x6F, 0x69, 0x63, 0x65, 0x42, 0x75, 0x74, 0x74, 0x6F, 0x6E,
    0x73, 0x2E, 0x41, 0x64, 0x64, 0x49, 0x74, 0x65, 0x6D, 0x28, 0x42, 0x75, 0x74, 0x74, 0x6F, 0x6E,
    0x29, 0x3B, 0x0D, 0x0A, 0x09, 0x09, 0x7D, 0x0D, 0x0A, 0x09, 0x7D, 0x0D, 0x0A, 0x0D, 0x0A, 0x09,
    0x69, 0x66, 0x20, 0x28, 0x47, 0x65, 0x74, 0x52, 0x65, 0x73, 0x6F, 0x6C, 0x75, 0x74, 0x69, 0x6F,
    0x6E, 0x50, 0x61, 0x67, 0x65, 0x43, 0x6F, 0x75, 0x6E, 0x74, 0x28, 0x29, 0x20, 0x3C, 0x3D, 0x20,
    0x30, 0x29, 0x0D, 0x0A, 0x09, 0x7B, 0x0D, 0x0A, 0x09, 0x09, 0x47, 0x72, 0x61, 0x70, 0x68, 0x69,
    0x63, 0x73, 0x53, 0x65, 0x74, 0x74, 0x69, 0x6E, 0x67, 0x73, 0x2E, 0x52, 0x65, 0x73, 0x6F, 0x6C,
    0x75, 0x74, 0x69, 0x6F, 0x6E, 0x50, 0x61, 0x67, 0x65, 0x20, 0x3D, 0x20, 0x30, 0x3B, 0x0D, 0x0A,
    0x09, 0x7D, 0x0D, 0x0A, 0x09, 0x65, 0x6C, 0x73, 0x65, 0x0D, 0x0A, 0x09, 0x7B, 0x0D, 0x0A, 0x09,
    0x09, 0x47, 0x72, 0x61, 0x70, 0x68, 0x69, 0x63, 0x73, 0x53, 0x65, 0x74, 0x74, 0x69, 0x6E, 0x67,
    0x73, 0x2E, 0x52, 0x65, 0x73, 0x6F, 0x6C, 0x75, 0x74, 0x69, 0x6F, 0x6E, 0x50, 0x61, 0x67, 0x65,
    0x20, 0x3D, 0x20, 0x43, 0x6C, 0x61, 0x6D, 0x70, 0x28, 0x47, 0x72, 0x61, 0x70, 0x68, 0x69, 0x63,
    0x73, 0x53, 0x65, 0x74, 0x74, 0x69, 0x6E, 0x67, 0x73, 0x2E, 0x52, 0x65, 0x73, 0x6F, 0x6C, 0x75,
    0x74, 0x69, 0x6F, 0x6E, 0x50, 0x61, 0x67, 0x65, 0x2C, 0x20, 0x30, 0x2C, 0x20, 0x47, 0x65, 0x74,
    0x52, 0x65, 0x73, 0x6F, 0x6C, 0x75, 0x74, 0x69, 0x6F, 0x6E, 0x50, 0x61, 0x67, 0x65, 0x43, 0x6F,
    0x75, 0x6E, 0x74, 0x28, 0x29, 0x20, 0x2D, 0x20, 0x31, 0x29, 0x3B, 0x0D, 0x0A, 0x09, 0x7D, 0x0D,
    0x0A, 0x09, 0x62, 0x47, 0x72, 0x61, 0x70, 0x68, 0x69, 0x63, 0x73, 0x4D, 0x65, 0x6E, 0x75, 0x49,
    0x6E, 0x73, 0x74, 0x61, 0x6C, 0x6C, 0x65, 0x64, 0x20, 0x3D, 0x20, 0x74, 0x72, 0x75, 0x65, 0x3B,
    0x0D, 0x0A, 0x09, 0x52, 0x65, 0x66, 0x72, 0x65, 0x73, 0x68, 0x52, 0x65, 0x73, 0x6F, 0x6C, 0x75,
    0x74, 0x69, 0x6F, 0x6E, 0x50, 0x61, 0x67, 0x65, 0x28, 0x29, 0x3B, 0x0D, 0x0A, 0x09, 0x4C, 0x6F,
    0x67, 0x49, 0x6E, 0x74, 0x65, 0x72, 0x6E, 0x61, 0x6C, 0x28, 0x22, 0x41, 0x47, 0x50, 0x41, 0x54,
    0x43, 0x48, 0x20, 0x6D, 0x65, 0x6E, 0x75, 0x20, 0x69, 0x6E, 0x73, 0x74, 0x61, 0x6C, 0x6C, 0x65,
    0x64, 0x20, 0x72, 0x65, 0x73, 0x6F, 0x6C, 0x75, 0x74, 0x69, 0x6F, 0x6E, 0x2D, 0x73, 0x74, 0x6F,
    0x63, 0x6B, 0x3D, 0x38, 0x20, 0x72, 0x65, 0x70, 0x6C, 0x61, 0x63, 0x65, 0x6D, 0x65, 0x6E, 0x74,
    0x73, 0x3D, 0x22, 0x24, 0x47, 0x72, 0x61, 0x70, 0x68, 0x69, 0x63, 0x73, 0x42, 0x75, 0x74, 0x74,
    0x6F, 0x6E, 0x73, 0x2E, 0x4C, 0x65, 0x6E, 0x67, 0x74, 0x68, 0x24, 0x22, 0x20, 0x73, 0x74, 0x6F,
    0x63, 0x6B, 0x2D, 0x64, 0x69, 0x73, 0x70, 0x6C, 0x61, 0x79, 0x2D, 0x63, 0x6F, 0x6E, 0x74, 0x72,
    0x6F, 0x6C, 0x73, 0x2D, 0x70, 0x72, 0x65, 0x73, 0x65, 0x72, 0x76, 0x65, 0x64, 0x3D, 0x54, 0x72,
    0x75, 0x65, 0x20, 0x72, 0x65, 0x73, 0x6F, 0x6C, 0x75, 0x74, 0x69, 0x6F, 0x6E, 0x2D, 0x74, 0x65,
    0x78, 0x74, 0x2D, 0x73, 0x63, 0x61, 0x6C, 0x65, 0x3D, 0x32, 0x2E, 0x30, 0x20, 0x63, 0x6F, 0x6E,
    0x73, 0x69, 0x73, 0x74, 0x65, 0x6E, 0x74, 0x2D, 0x72, 0x65, 0x66, 0x65, 0x72, 0x65, 0x6E, 0x63,
    0x65, 0x3D, 0x54, 0x72, 0x75, 0x65, 0x22, 0x29, 0x3B, 0x0D, 0x0A, 0x7D, 0x0D, 0x0A, 0x0D, 0x0A,
    0x66, 0x75, 0x6E, 0x63, 0x74, 0x69, 0x6F, 0x6E, 0x20, 0x69, 0x6E, 0x74, 0x20, 0x47, 0x65, 0x74,
    0x52, 0x65, 0x73, 0x6F, 0x6C, 0x75, 0x74, 0x69, 0x6F, 0x6E, 0x50, 0x61, 0x67, 0x65, 0x43, 0x6F,
    0x75, 0x6E, 0x74, 0x28, 0x29, 0x0D, 0x0A, 0x7B, 0x0D, 0x0A, 0x09, 0x72, 0x65, 0x74, 0x75, 0x72,
    0x6E, 0x20, 0x28, 0x44, 0x65, 0x74, 0x65, 0x63, 0x74, 0x65, 0x64, 0x52, 0x65, 0x73, 0x6F, 0x6C,
    0x75, 0x74, 0x69, 0x6F, 0x6E, 0x73, 0x2E, 0x4C, 0x65, 0x6E, 0x67, 0x74, 0x68, 0x20, 0x2B, 0x20,
    0x35, 0x29, 0x20, 0x2F, 0x20, 0x36, 0x3B, 0x0D, 0x0A, 0x7D, 0x0D, 0x0A, 0x0D, 0x0A, 0x66, 0x75,
    0x6E, 0x63, 0x74, 0x69, 0x6F, 0x6E, 0x20, 0x52, 0x65, 0x66, 0x72, 0x65, 0x73, 0x68, 0x52, 0x65,
    0x73, 0x6F, 0x6C, 0x75, 0x74, 0x69, 0x6F, 0x6E, 0x50, 0x61, 0x67, 0x65, 0x28, 0x29, 0x0D, 0x0A,
    0x7B, 0x0D, 0x0A, 0x09, 0x6C, 0x6F, 0x63, 0x61, 0x6C, 0x20, 0x69, 0x6E, 0x74, 0x20, 0x42, 0x75,
    0x74, 0x74, 0x6F, 0x6E, 0x49, 0x6E, 0x64, 0x65, 0x78, 0x3B, 0x0D, 0x0A, 0x09, 0x6C, 0x6F, 0x63,
    0x61, 0x6C, 0x20, 0x69, 0x6E, 0x74, 0x20, 0x4D, 0x6F, 0x64, 0x65, 0x49, 0x6E, 0x64, 0x65, 0x78,
    0x3B, 0x0D, 0x0A, 0x09, 0x69, 0x66, 0x20, 0x28, 0x44, 0x65, 0x74, 0x65, 0x63, 0x74, 0x65, 0x64,
    0x52, 0x65, 0x73, 0x6F, 0x6C, 0x75, 0x74, 0x69, 0x6F, 0x6E, 0x73, 0x2E, 0x4C, 0x65, 0x6E, 0x67,
    0x74, 0x68, 0x20, 0x3D, 0x3D, 0x20, 0x30, 0x29, 0x0D, 0x0A, 0x09, 0x7B, 0x0D, 0x0A, 0x09, 0x09,
    0x72, 0x65, 0x74, 0x75, 0x72, 0x6E, 0x3B, 0x0D, 0x0A, 0x09, 0x7D, 0x0D, 0x0A, 0x09, 0x66, 0x6F,
    0x72, 0x20, 0x28, 0x42, 0x75, 0x74, 0x74, 0x6F, 0x6E, 0x49, 0x6E, 0x64, 0x65, 0x78, 0x20, 0x3D,
    0x20, 0x30, 0x3B, 0x20, 0x42, 0x75, 0x74, 0x74, 0x6F, 0x6E, 0x49, 0x6E, 0x64, 0x65, 0x78, 0x20,
    0x3C, 0x20, 0x52, 0x65, 0x73, 0x6F, 0x6C, 0x75, 0x74, 0x69, 0x6F, 0x6E, 0x43, 0x68, 0x6F, 0x69,
    0x63, 0x65, 0x42, 0x75, 0x74, 0x74, 0x6F, 0x6E, 0x73, 0x2E, 0x4C, 0x65, 0x6E, 0x67, 0x74, 0x68,
    0x3B, 0x20, 0x2B, 0x2B, 0x42, 0x75, 0x74, 0x74, 0x6F, 0x6E, 0x49, 0x6E, 0x64, 0x65, 0x78, 0x29,
    0x0D, 0x0A, 0x09, 0x7B, 0x0D, 0x0A, 0x09, 0x09, 0x4D, 0x6F, 0x64, 0x65, 0x49, 0x6E, 0x64, 0x65,
    0x78, 0x20, 0x3D, 0x20, 0x47, 0x72, 0x61, 0x70, 0x68, 0x69, 0x63, 0x73, 0x53, 0x65, 0x74, 0x74,
    0x69, 0x6E, 0x67, 0x73, 0x2E, 0x52, 0x65, 0x73, 0x6F, 0x6C, 0x75, 0x74, 0x69, 0x6F, 0x6E, 0x50,
    0x61, 0x67, 0x65, 0x20, 0x2A, 0x20, 0x36, 0x20, 0x2B, 0x20, 0x42, 0x75, 0x74, 0x74, 0x6F, 0x6E,
    0x49, 0x6E, 0x64, 0x65, 0x78, 0x3B, 0x0D, 0x0A, 0x09, 0x09, 0x77, 0x68, 0x69, 0x6C, 0x65, 0x20,
    0x28, 0x4D, 0x6F, 0x64, 0x65, 0x49, 0x6E, 0x64, 0x65, 0x78, 0x20, 0x3E, 0x3D, 0x20, 0x44, 0x65,
    0x74, 0x65, 0x63, 0x74, 0x65, 0x64, 0x52, 0x65, 0x73, 0x6F, 0x6C, 0x75, 0x74, 0x69, 0x6F, 0x6E,
    0x73, 0x2E, 0x4C, 0x65, 0x6E, 0x67, 0x74, 0x68, 0x29, 0x0D, 0x0A, 0x09, 0x09, 0x7B, 0x0D, 0x0A,
    0x09, 0x09, 0x09, 0x4D, 0x6F, 0x64, 0x65, 0x49, 0x6E, 0x64, 0x65, 0x78, 0x20, 0x2D, 0x3D, 0x20,
    0x44, 0x65, 0x74, 0x65, 0x63, 0x74, 0x65, 0x64, 0x52, 0x65, 0x73, 0x6F, 0x6C, 0x75, 0x74, 0x69,
    0x6F, 0x6E, 0x73, 0x2E, 0x4C, 0x65, 0x6E, 0x67, 0x74, 0x68, 0x3B, 0x0D, 0x0A, 0x09, 0x09, 0x7D,
    0x0D, 0x0A, 0x09, 0x09, 0x52, 0x65, 0x73, 0x6F, 0x6C, 0x75, 0x74, 0x69, 0x6F, 0x6E, 0x43, 0x68,
    0x6F, 0x69, 0x63, 0x65, 0x42, 0x75, 0x74, 0x74, 0x6F, 0x6E, 0x73, 0x5B, 0x42, 0x75, 0x74, 0x74,
    0x6F, 0x6E, 0x49, 0x6E, 0x64, 0x65, 0x78, 0x5D, 0x2E, 0x53, 0x65, 0x74, 0x52, 0x65, 0x73, 0x6F,
    0x6C, 0x75, 0x74, 0x69, 0x6F, 0x6E, 0x28, 0x44, 0x65, 0x74, 0x65, 0x63, 0x74, 0x65, 0x64, 0x52,
    0x65, 0x73, 0x6F, 0x6C, 0x75, 0x74, 0x69, 0x6F, 0x6E, 0x73, 0x5B, 0x4D, 0x6F, 0x64, 0x65, 0x49,
    0x6E, 0x64, 0x65, 0x78, 0x5D, 0x2E, 0x57, 0x69, 0x64, 0x74, 0x68, 0x2C, 0x20, 0x44, 0x65, 0x74,
    0x65, 0x63, 0x74, 0x65, 0x64, 0x52, 0x65, 0x73, 0x6F, 0x6C, 0x75, 0x74, 0x69, 0x6F, 0x6E, 0x73,
    0x5B, 0x4D, 0x6F, 0x64, 0x65, 0x49, 0x6E, 0x64, 0x65, 0x78, 0x5D, 0x2E, 0x48, 0x65, 0x69, 0x67,
    0x68, 0x74, 0x29, 0x3B, 0x0D, 0x0A, 0x09, 0x7D, 0x0D, 0x0A, 0x09, 0x52, 0x65, 0x66, 0x72, 0x65,
    0x73, 0x68, 0x52, 0x65, 0x73, 0x6F, 0x6C, 0x75, 0x74, 0x69, 0x6F, 0x6E, 0x48, 0x69, 0x67, 0x68,
    0x6C, 0x69, 0x67, 0x68, 0x74, 0x73, 0x28, 0x29, 0x3B, 0x0D, 0x0A, 0x7D, 0x0D, 0x0A, 0x0D, 0x0A,
    0x66, 0x75, 0x6E, 0x63, 0x74, 0x69, 0x6F, 0x6E, 0x20, 0x43, 0x68, 0x61, 0x6E, 0x67, 0x65, 0x52,
    0x65, 0x73, 0x6F, 0x6C, 0x75, 0x74, 0x69, 0x6F, 0x6E, 0x50, 0x61, 0x67, 0x65, 0x28, 0x69, 0x6E,
    0x74, 0x20, 0x44, 0x69, 0x72, 0x65, 0x63, 0x74, 0x69, 0x6F, 0x6E, 0x29, 0x0D, 0x0A, 0x7B, 0x0D,
    0x0A, 0x09, 0x6C, 0x6F, 0x63, 0x61, 0x6C, 0x20, 0x69, 0x6E, 0x74, 0x20, 0x50, 0x61, 0x67, 0x65,
    0x43, 0x6F, 0x75, 0x6E, 0x74, 0x3B, 0x0D, 0x0A, 0x09, 0x50, 0x61, 0x67, 0x65, 0x43, 0x6F, 0x75,
    0x6E, 0x74, 0x20, 0x3D, 0x20, 0x47, 0x65, 0x74, 0x52, 0x65, 0x73, 0x6F, 0x6C, 0x75, 0x74, 0x69,
    0x6F, 0x6E, 0x50, 0x61, 0x67, 0x65, 0x43, 0x6F, 0x75, 0x6E, 0x74, 0x28, 0x29, 0x3B, 0x0D, 0x0A,
    0x09, 0x69, 0x66, 0x20, 0x28, 0x50, 0x61, 0x67, 0x65, 0x43, 0x6F, 0x75, 0x6E, 0x74, 0x20, 0x3C,
    0x3D, 0x20, 0x31, 0x29, 0x0D, 0x0A, 0x09, 0x7B, 0x0D, 0x0A, 0x09, 0x09, 0x72, 0x65, 0x74, 0x75,
    0x72, 0x6E, 0x3B, 0x0D, 0x0A, 0x09, 0x7D, 0x0D, 0x0A, 0x09, 0x47, 0x72, 0x61, 0x70, 0x68, 0x69,
    0x63, 0x73, 0x53, 0x65, 0x74, 0x74, 0x69, 0x6E, 0x67, 0x73, 0x2E, 0x52, 0x65, 0x73, 0x6F, 0x6C,
    0x75, 0x74, 0x69, 0x6F, 0x6E, 0x50, 0x61, 0x67, 0x65, 0x20, 0x2B, 0x3D, 0x20, 0x44, 0x69, 0x72,
    0x65, 0x63, 0x74, 0x69, 0x6F, 0x6E, 0x3B, 0x0D, 0x0A, 0x09, 0x69, 0x66, 0x20, 0x28, 0x47, 0x72,
    0x61, 0x70, 0x68, 0x69, 0x63, 0x73, 0x53, 0x65, 0x74, 0x74, 0x69, 0x6E, 0x67, 0x73, 0x2E, 0x52,
    0x65, 0x73, 0x6F, 0x6C, 0x75, 0x74, 0x69, 0x6F, 0x6E, 0x50, 0x61, 0x67, 0x65, 0x20, 0x3C, 0x20,
    0x30, 0x29, 0x0D, 0x0A, 0x09, 0x7B, 0x0D, 0x0A, 0x09, 0x09, 0x47, 0x72, 0x61, 0x70, 0x68, 0x69,
    0x63, 0x73, 0x53, 0x65, 0x74, 0x74, 0x69, 0x6E, 0x67, 0x73, 0x2E, 0x52, 0x65, 0x73, 0x6F, 0x6C,
    0x75, 0x74, 0x69, 0x6F, 0x6E, 0x50, 0x61, 0x67, 0x65, 0x20, 0x3D, 0x20, 0x50, 0x61, 0x67, 0x65,
    0x43, 0x6F, 0x75, 0x6E, 0x74, 0x20, 0x2D, 0x20, 0x31, 0x3B, 0x0D, 0x0A, 0x09, 0x7D, 0x0D, 0x0A,
    0x09, 0x65, 0x6C, 0x73, 0x65, 0x20, 0x69, 0x66, 0x20, 0x28, 0x47, 0x72, 0x61, 0x70, 0x68, 0x69,
    0x63, 0x73, 0x53, 0x65, 0x74, 0x74, 0x69, 0x6E, 0x67, 0x73, 0x2E, 0x52, 0x65, 0x73, 0x6F, 0x6C,
    0x75, 0x74, 0x69, 0x6F, 0x6E, 0x50, 0x61, 0x67, 0x65, 0x20, 0x3E, 0x3D, 0x20, 0x50, 0x61, 0x67,
    0x65, 0x43, 0x6F, 0x75, 0x6E, 0x74, 0x29, 0x0D, 0x0A, 0x09, 0x7B, 0x0D, 0x0A, 0x09, 0x09, 0x47,
    0x72, 0x61, 0x70, 0x68, 0x69, 0x63, 0x73, 0x53, 0x65, 0x74, 0x74, 0x69, 0x6E, 0x67, 0x73, 0x2E,
    0x52, 0x65, 0x73, 0x6F, 0x6C, 0x75, 0x74, 0x69, 0x6F, 0x6E, 0x50, 0x61, 0x67, 0x65, 0x20, 0x3D,
    0x20, 0x30, 0x3B, 0x0D, 0x0A, 0x09, 0x7D, 0x0D, 0x0A, 0x09, 0x53, 0x61, 0x76, 0x65, 0x47, 0x72,
    0x61, 0x70, 0x68, 0x69, 0x63, 0x73, 0x53, 0x65, 0x74, 0x74, 0x69, 0x6E, 0x67, 0x73, 0x28, 0x29,
    0x3B, 0x0D, 0x0A, 0x09, 0x52, 0x65, 0x66, 0x72, 0x65, 0x73, 0x68, 0x52, 0x65, 0x73, 0x6F, 0x6C,
    0x75, 0x74, 0x69, 0x6F, 0x6E, 0x50, 0x61, 0x67, 0x65, 0x28, 0x29, 0x3B, 0x0D, 0x0A, 0x7D, 0x0D,
    0x0A, 0x0D, 0x0A, 0x66, 0x75, 0x6E, 0x63, 0x74, 0x69, 0x6F, 0x6E, 0x20, 0x48, 0x61, 0x7A, 0x61,
    0x72, 0x64, 0x50, 0x6C, 0x61, 0x79, 0x65, 0x72, 0x43, 0x6F, 0x6E, 0x74, 0x72, 0x6F, 0x6C, 0x6C,
    0x65, 0x72, 0x20, 0x47, 0x65, 0x74, 0x47, 0x72, 0x61, 0x70, 0x68, 0x69, 0x63, 0x73, 0x50, 0x6C,
    0x61, 0x79, 0x65, 0x72, 0x43, 0x6F, 0x6E, 0x74, 0x72, 0x6F, 0x6C, 0x6C, 0x65, 0x72, 0x28, 0x29,
    0x0D, 0x0A, 0x7B, 0x0D, 0x0A, 0x09, 0x69, 0x66, 0x20, 0x28, 0x48, 0x61, 0x7A, 0x61, 0x72, 0x64,
    0x47, 0x61, 0x6D, 0x65, 0x20, 0x3D, 0x3D, 0x20, 0x6E, 0x6F, 0x6E, 0x65, 0x20, 0x7C, 0x7C, 0x20,
    0x48, 0x61, 0x7A, 0x61, 0x72, 0x64, 0x47, 0x61, 0x6D, 0x65, 0x2E, 0x50, 0x6C, 0x61, 0x79, 0x65,
    0x72, 0x50, 0x61, 0x77, 0x6E, 0x20, 0x3D, 0x3D, 0x20, 0x6E, 0x6F, 0x6E, 0x65, 0x20, 0x7C, 0x7C,
    0x20, 0x48, 0x61, 0x7A, 0x61, 0x72, 0x64, 0x47, 0x61, 0x6D, 0x65, 0x2E, 0x50, 0x6C, 0x61, 0x79,
    0x65, 0x72, 0x50, 0x61, 0x77, 0x6E, 0x2E, 0x43, 0x6F, 0x6E, 0x74, 0x72, 0x6F, 0x6C, 0x6C, 0x65,
    0x72, 0x20, 0x3D, 0x3D, 0x20, 0x6E, 0x6F, 0x6E, 0x65, 0x29, 0x0D, 0x0A, 0x09, 0x7B, 0x0D, 0x0A,
    0x09, 0x09, 0x72, 0x65, 0x74, 0x75, 0x72, 0x6E, 0x20, 0x6E, 0x6F, 0x6E, 0x65, 0x3B, 0x0D, 0x0A,
    0x09, 0x7D, 0x0D, 0x0A, 0x09, 0x72, 0x65, 0x74, 0x75, 0x72, 0x6E, 0x20, 0x48, 0x61, 0x7A, 0x61,
    0x72, 0x64, 0x50, 0x6C, 0x61, 0x79, 0x65, 0x72, 0x43, 0x6F, 0x6E, 0x74, 0x72, 0x6F, 0x6C, 0x6C,
    0x65, 0x72, 0x28, 0x48, 0x61, 0x7A, 0x61, 0x72, 0x64, 0x47, 0x61, 0x6D, 0x65, 0x2E, 0x50, 0x6C,
    0x61, 0x79, 0x65, 0x72, 0x50, 0x61, 0x77, 0x6E, 0x2E, 0x43, 0x6F, 0x6E, 0x74, 0x72, 0x6F, 0x6C,
    0x6C, 0x65, 0x72, 0x29, 0x3B, 0x0D, 0x0A, 0x7D, 0x0D, 0x0A, 0x0D, 0x0A, 0x66, 0x75, 0x6E, 0x63,
    0x74, 0x69, 0x6F, 0x6E, 0x20, 0x62, 0x6F, 0x6F, 0x6C, 0x20, 0x41, 0x70, 0x70, 0x6C, 0x79, 0x53,
    0x61, 0x76, 0x65, 0x64, 0x47, 0x72, 0x61, 0x70, 0x68, 0x69, 0x63, 0x73, 0x53, 0x65, 0x74, 0x74,
    0x69, 0x6E, 0x67, 0x28, 0x29, 0x0D, 0x0A, 0x7B, 0x0D, 0x0A, 0x09, 0x6C, 0x6F, 0x63, 0x61, 0x6C,
    0x20, 0x48, 0x61, 0x7A, 0x61, 0x72, 0x64, 0x50, 0x6C, 0x61, 0x79, 0x65, 0x72, 0x43, 0x6F, 0x6E,
    0x74, 0x72, 0x6F, 0x6C, 0x6C, 0x65, 0x72, 0x20, 0x50, 0x6C, 0x61, 0x79, 0x65, 0x72, 0x43, 0x6F,
    0x6E, 0x74, 0x72, 0x6F, 0x6C, 0x6C, 0x65, 0x72, 0x3B, 0x0D, 0x0A, 0x09, 0x6C, 0x6F, 0x63, 0x61,
    0x6C, 0x20, 0x56, 0x65, 0x63, 0x74, 0x6F, 0x72, 0x32, 0x44, 0x20, 0x56, 0x69, 0x65, 0x77, 0x70,
    0x6F, 0x72, 0x74, 0x53, 0x69, 0x7A, 0x65, 0x3B, 0x0D, 0x0A, 0x09, 0x6C, 0x6F, 0x63, 0x61, 0x6C,
    0x20, 0x69, 0x6E, 0x74, 0x20, 0x44, 0x65, 0x73, 0x6B, 0x74, 0x6F, 0x70, 0x57, 0x69, 0x64, 0x74,
    0x68, 0x3B, 0x0D, 0x0A, 0x09, 0x6C, 0x6F, 0x63, 0x61, 0x6C, 0x20, 0x69, 0x6E, 0x74, 0x20, 0x44,
    0x65, 0x73, 0x6B, 0x74, 0x6F, 0x70, 0x48, 0x65, 0x69, 0x67, 0x68, 0x74, 0x3B, 0x0D, 0x0A, 0x09,
    0x6C, 0x6F, 0x63, 0x61, 0x6C, 0x20, 0x69, 0x6E, 0x74, 0x20, 0x4D, 0x6F, 0x64, 0x65, 0x49, 0x6E,
    0x64, 0x65, 0x78, 0x3B, 0x0D, 0x0A, 0x09, 0x50, 0x6C, 0x61, 0x79, 0x65, 0x72, 0x43, 0x6F, 0x6E,
    0x74, 0x72, 0x6F, 0x6C, 0x6C, 0x65, 0x72, 0x20, 0x3D, 0x20, 0x47, 0x65, 0x74, 0x47, 0x72, 0x61,
    0x70, 0x68, 0x69, 0x63, 0x73, 0x50, 0x6C, 0x61, 0x79, 0x65, 0x72, 0x43, 0x6F, 0x6E, 0x74, 0x72,
    0x6F, 0x6C, 0x6C, 0x65, 0x72, 0x28, 0x29, 0x3B, 0x0D, 0x0A, 0x09, 0x69, 0x66, 0x20, 0x28, 0x50,
    0x6C, 0x61, 0x79, 0x65, 0x72, 0x43, 0x6F, 0x6E, 0x74, 0x72, 0x6F, 0x6C, 0x6C, 0x65, 0x72, 0x20,
    0x3D, 0x3D, 0x20, 0x6E, 0x6F, 0x6E, 0x65, 0x20, 0x7C, 0x7C, 0x20, 0x21, 0x50, 0x6C, 0x61, 0x79,
    0x65, 0x72, 0x43, 0x6F, 0x6E, 0x74, 0x72, 0x6F, 0x6C, 0x6C, 0x65, 0x72, 0x2E, 0x62, 0x53, 0x63,
    0x72, 0x65, 0x65, 0x6E, 0x49, 0x6E, 0x69, 0x74, 0x69, 0x61, 0x6C, 0x69, 0x7A, 0x65, 0x64, 0x29,
    0x0D, 0x0A, 0x09, 0x7B, 0x0D, 0x0A, 0x09, 0x09, 0x72, 0x65, 0x74, 0x75, 0x72, 0x6E, 0x20, 0x66,
    0x61, 0x6C, 0x73, 0x65, 0x3B, 0x0D, 0x0A, 0x09, 0x7D, 0x0D, 0x0A, 0x09, 0x4C, 0x6F, 0x63, 0x61,
    0x6C, 0x50, 0x6C, 0x61, 0x79, 0x65, 0x72, 0x28, 0x50, 0x6C, 0x61, 0x79, 0x65, 0x72, 0x43, 0x6F,
    0x6E, 0x74, 0x72, 0x6F, 0x6C, 0x6C, 0x65, 0x72, 0x2E, 0x50, 0x6C, 0x61, 0x79, 0x65, 0x72, 0x29,
    0x2E, 0x56, 0x69, 0x65, 0x77, 0x70, 0x6F, 0x72, 0x74, 0x43, 0x6C, 0x69, 0x65, 0x6E, 0x74, 0x2E,
    0x47, 0x65, 0x74, 0x56, 0x69, 0x65, 0x77, 0x70, 0x6F, 0x72, 0x74, 0x53, 0x69, 0x7A, 0x65, 0x28,
    0x56, 0x69, 0x65, 0x77, 0x70, 0x6F, 0x72, 0x74, 0x53, 0x69, 0x7A, 0x65, 0x29, 0x3B, 0x0D, 0x0A,
    0x09, 0x69, 0x66, 0x20, 0x28, 0x47, 0x72, 0x61, 0x70, 0x68, 0x69, 0x63, 0x73, 0x53, 0x65, 0x74,
    0x74, 0x69, 0x6E, 0x67, 0x73, 0x2E, 0x52, 0x65, 0x73, 0x6F, 0x6C, 0x75, 0x74, 0x69, 0x6F, 0x6E,
    0x57, 0x69, 0x64, 0x74, 0x68, 0x20, 0x3C, 0x3D, 0x20, 0x30, 0x20, 0x7C, 0x7C, 0x20, 0x47, 0x72,
    0x61, 0x70, 0x68, 0x69, 0x63, 0x73, 0x53, 0x65, 0x74, 0x74, 0x69, 0x6E, 0x67, 0x73, 0x2E, 0x52,
    0x65, 0x73, 0x6F, 0x6C, 0x75, 0x74, 0x69, 0x6F, 0x6E, 0x48, 0x65, 0x69, 0x67, 0x68, 0x74, 0x20,
    0x3C, 0x3D, 0x20, 0x30, 0x29, 0x0D, 0x0A, 0x09, 0x7B, 0x0D, 0x0A, 0x09, 0x09, 0x44, 0x65, 0x73,
    0x6B, 0x74, 0x6F, 0x70, 0x57, 0x69, 0x64, 0x74, 0x68, 0x20, 0x3D, 0x20, 0x4E, 0x61, 0x74, 0x69,
    0x76, 0x65, 0x42, 0x72, 0x69, 0x64, 0x67, 0x65, 0x2E, 0x41, 0x47, 0x5F, 0x47, 0x65, 0x74, 0x44,
    0x65, 0x73, 0x6B, 0x74, 0x6F, 0x70, 0x57, 0x69, 0x64, 0x74, 0x68, 0x28, 0x29, 0x3B, 0x0D, 0x0A,
    0x09, 0x09, 0x44, 0x65, 0x73, 0x6B, 0x74, 0x6F, 0x70, 0x48, 0x65, 0x69, 0x67, 0x68, 0x74, 0x20,
    0x3D, 0x20, 0x4E, 0x61, 0x74, 0x69, 0x76, 0x65, 0x42, 0x72, 0x69, 0x64, 0x67, 0x65, 0x2E, 0x41,
    0x47, 0x5F, 0x47, 0x65, 0x74, 0x44, 0x65, 0x73, 0x6B, 0x74, 0x6F, 0x70, 0x48, 0x65, 0x69, 0x67,
    0x68, 0x74, 0x28, 0x29, 0x3B, 0x0D, 0x0A, 0x09, 0x09, 0x69, 0x66, 0x20, 0x28, 0x44, 0x65, 0x73,
    0x6B, 0x74, 0x6F, 0x70, 0x57, 0x69, 0x64, 0x74, 0x68, 0x20, 0x3E, 0x20, 0x30, 0x20, 0x26, 0x26,
    0x20, 0x44, 0x65, 0x73, 0x6B, 0x74, 0x6F, 0x70, 0x48, 0x65, 0x69, 0x67, 0x68, 0x74, 0x20, 0x3E,
    0x20, 0x30, 0x29, 0x0D, 0x0A, 0x09, 0x09, 0x7B, 0x0D, 0x0A, 0x09, 0x09, 0x09, 0x47, 0x72, 0x61,
    0x70, 0x68, 0x69, 0x63, 0x73, 0x53, 0x65, 0x74, 0x74, 0x69, 0x6E, 0x67, 0x73, 0x2E, 0x52, 0x65,
    0x73, 0x6F, 0x6C, 0x75, 0x74, 0x69, 0x6F, 0x6E, 0x57, 0x69, 0x64, 0x74, 0x68, 0x20, 0x3D, 0x20,
    0x44, 0x65, 0x73, 0x6B, 0x74, 0x6F, 0x70, 0x57, 0x69, 0x64, 0x74, 0x68, 0x3B, 0x0D, 0x0A, 0x09,
    0x09, 0x09, 0x47, 0x72, 0x61, 0x70, 0x68, 0x69, 0x63, 0x73, 0x53, 0x65, 0x74, 0x74, 0x69, 0x6E,
    0x67, 0x73, 0x2E, 0x52, 0x65, 0x73, 0x6F, 0x6C, 0x75, 0x74, 0x69, 0x6F, 0x6E, 0x48, 0x65, 0x69,
    0x67, 0x68, 0x74, 0x20, 0x3D, 0x20, 0x44, 0x65, 0x73, 0x6B, 0x74, 0x6F, 0x70, 0x48, 0x65, 0x69,
    0x67, 0x68, 0x74, 0x3B, 0x0D, 0x0A, 0x09, 0x09, 0x09, 0x62, 0x44, 0x65, 0x66, 0x61, 0x75, 0x6C,
    0x74, 0x65, 0x64, 0x52, 0x65, 0x73, 0x6F, 0x6C, 0x75, 0x74, 0x69, 0x6F, 0x6E, 0x54, 0x6F, 0x44,
    0x65, 0x73, 0x6B, 0x74, 0x6F, 0x70, 0x20, 0x3D, 0x20, 0x74, 0x72, 0x75, 0x65, 0x3B, 0x0D, 0x0A,
    0x09, 0x09, 0x09, 0x4C, 0x6F, 0x67, 0x49, 0x6E, 0x74, 0x65, 0x72, 0x6E, 0x61, 0x6C, 0x28, 0x22,
    0x41, 0x47, 0x50, 0x41, 0x54, 0x43, 0x48, 0x20, 0x64, 0x65, 0x66, 0x61, 0x75, 0x6C, 0x74, 0x65,
    0x64, 0x20, 0x75, 0x6E, 0x73, 0x61, 0x76, 0x65, 0x64, 0x20, 0x72, 0x65, 0x73, 0x6F, 0x6C, 0x75,
    0x74, 0x69, 0x6F, 0x6E, 0x20, 0x74, 0x6F, 0x20, 0x63, 0x75, 0x72, 0x72, 0x65, 0x6E, 0x74, 0x20,
    0x64, 0x65, 0x73, 0x6B, 0x74, 0x6F, 0x70, 0x3D, 0x22, 0x24, 0x44, 0x65, 0x73, 0x6B, 0x74, 0x6F,
    0x70, 0x57, 0x69, 0x64, 0x74, 0x68, 0x24, 0x22, 0x78, 0x22, 0x24, 0x44, 0x65, 0x73, 0x6B, 0x74,
    0x6F, 0x70, 0x48, 0x65, 0x69, 0x67, 0x68, 0x74, 0x29, 0x3B, 0x0D, 0x0A, 0x09, 0x09, 0x7D, 0x0D,
    0x0A, 0x09, 0x09, 0x65, 0x6C, 0x73, 0x65, 0x0D, 0x0A, 0x09, 0x09, 0x7B, 0x0D, 0x0A, 0x09, 0x09,
    0x09, 0x47, 0x72, 0x61, 0x70, 0x68, 0x69, 0x63, 0x73, 0x53, 0x65, 0x74, 0x74, 0x69, 0x6E, 0x67,
    0x73, 0x2E, 0x52, 0x65, 0x73, 0x6F, 0x6C, 0x75, 0x74, 0x69, 0x6F, 0x6E, 0x57, 0x69, 0x64, 0x74,
    0x68, 0x20, 0x3D, 0x20, 0x69, 0x6E, 0x74, 0x28, 0x56, 0x69, 0x65, 0x77, 0x70, 0x6F, 0x72, 0x74,
    0x53, 0x69, 0x7A, 0x65, 0x2E, 0x58, 0x29, 0x3B, 0x0D, 0x0A, 0x09, 0x09, 0x09, 0x47, 0x72, 0x61,
    0x70, 0x68, 0x69, 0x63, 0x73, 0x53, 0x65, 0x74, 0x74, 0x69, 0x6E, 0x67, 0x73, 0x2E, 0x52, 0x65,
    0x73, 0x6F, 0x6C, 0x75, 0x74, 0x69, 0x6F, 0x6E, 0x48, 0x65, 0x69, 0x67, 0x68, 0x74, 0x20, 0x3D,
    0x20, 0x69, 0x6E, 0x74, 0x28, 0x56, 0x69, 0x65, 0x77, 0x70, 0x6F, 0x72, 0x74, 0x53, 0x69, 0x7A,
    0x65, 0x2E, 0x59, 0x29, 0x3B, 0x0D, 0x0A, 0x09, 0x09, 0x09, 0x4C, 0x6F, 0x67, 0x49, 0x6E, 0x74,
    0x65, 0x72, 0x6E, 0x61, 0x6C, 0x28, 0x22, 0x41, 0x47, 0x50, 0x41, 0x54, 0x43, 0x48, 0x20, 0x64,
    0x65, 0x73, 0x6B, 0x74, 0x6F, 0x70, 0x20, 0x6C, 0x6F, 0x6F, 0x6B, 0x75, 0x70, 0x20, 0x75, 0x6E,
    0x61, 0x76, 0x61, 0x69, 0x6C, 0x61, 0x62, 0x6C, 0x65, 0x3B, 0x20, 0x72, 0x65, 0x74, 0x61, 0x69,
    0x6E, 0x65, 0x64, 0x20, 0x76, 0x69, 0x65, 0x77, 0x70, 0x6F, 0x72, 0x74, 0x3D, 0x22, 0x24, 0x69,
    0x6E, 0x74, 0x28, 0x56, 0x69, 0x65, 0x77, 0x70, 0x6F, 0x72, 0x74, 0x53, 0x69, 0x7A, 0x65, 0x2E,
    0x58, 0x29, 0x24, 0x22, 0x78, 0x22, 0x24, 0x69, 0x6E, 0x74, 0x28, 0x56, 0x69, 0x65, 0x77, 0x70,
    0x6F, 0x72, 0x74, 0x53, 0x69, 0x7A, 0x65, 0x2E, 0x59, 0x29, 0x29, 0x3B, 0x0D, 0x0A, 0x09, 0x09,
    0x7D, 0x0D, 0x0A, 0x09, 0x7D, 0x0D, 0x0A, 0x09, 0x4D, 0x6F, 0x64, 0x65, 0x49, 0x6E, 0x64, 0x65,
    0x78, 0x20, 0x3D, 0x20, 0x46, 0x69, 0x6E, 0x64, 0x44, 0x65, 0x74, 0x65, 0x63, 0x74, 0x65, 0x64,
    0x52, 0x65, 0x73, 0x6F, 0x6C, 0x75, 0x74, 0x69, 0x6F, 0x6E, 0x28, 0x47, 0x72, 0x61, 0x70, 0x68,
    0x69, 0x63, 0x73, 0x53, 0x65, 0x74, 0x74, 0x69, 0x6E, 0x67, 0x73, 0x2E, 0x52, 0x65, 0x73, 0x6F,
    0x6C, 0x75, 0x74, 0x69, 0x6F, 0x6E, 0x57, 0x69, 0x64, 0x74, 0x68, 0x2C, 0x20, 0x47, 0x72, 0x61,
    0x70, 0x68, 0x69, 0x63, 0x73, 0x53, 0x65, 0x74, 0x74, 0x69, 0x6E, 0x67, 0x73, 0x2E, 0x52, 0x65,
    0x73, 0x6F, 0x6C, 0x75, 0x74, 0x69, 0x6F, 0x6E, 0x48, 0x65, 0x69, 0x67, 0x68, 0x74, 0x29, 0x3B,
    0x0D, 0x0A, 0x09, 0x69, 0x66, 0x20, 0x28, 0x4D, 0x6F, 0x64, 0x65, 0x49, 0x6E, 0x64, 0x65, 0x78,
    0x20, 0x3E, 0x3D, 0x20, 0x30, 0x29, 0x0D, 0x0A, 0x09, 0x7B, 0x0D, 0x0A, 0x09, 0x09, 0x47, 0x72,
    0x61, 0x70, 0x68, 0x69, 0x63, 0x73, 0x53, 0x65, 0x74, 0x74, 0x69, 0x6E, 0x67, 0x73, 0x2E, 0x52,
    0x65, 0x73, 0x6F, 0x6C, 0x75, 0x74, 0x69, 0x6F, 0x6E, 0x50, 0x61, 0x67, 0x65, 0x20, 0x3D, 0x20,
    0x4D, 0x6F, 0x64, 0x65, 0x49, 0x6E, 0x64, 0x65, 0x78, 0x20, 0x2F, 0x20, 0x36, 0x3B, 0x0D, 0x0A,
    0x09, 0x09, 0x52, 0x65, 0x66, 0x72, 0x65, 0x73, 0x68, 0x52, 0x65, 0x73, 0x6F, 0x6C, 0x75, 0x74,
    0x69, 0x6F, 0x6E, 0x50, 0x61, 0x67, 0x65, 0x28, 0x29, 0x3B, 0x0D, 0x0A, 0x09, 0x7D, 0x0D, 0x0A,
    0x09, 0x53, 0x61, 0x76, 0x65, 0x47, 0x72, 0x61, 0x70, 0x68, 0x69, 0x63, 0x73, 0x53, 0x65, 0x74,
    0x74, 0x69, 0x6E, 0x67, 0x73, 0x28, 0x29, 0x3B, 0x0D, 0x0A, 0x09, 0x41, 0x70, 0x70, 0x6C, 0x79,
    0x52, 0x65, 0x73, 0x6F, 0x6C, 0x75, 0x74, 0x69, 0x6F, 0x6E, 0x4D, 0x6F, 0x64, 0x65, 0x28, 0x50,
    0x6C, 0x61, 0x79, 0x65, 0x72, 0x43, 0x6F, 0x6E, 0x74, 0x72, 0x6F, 0x6C, 0x6C, 0x65, 0x72, 0x29,
    0x3B, 0x0D, 0x0A, 0x09, 0x72, 0x65, 0x74, 0x75, 0x72, 0x6E, 0x20, 0x74, 0x72, 0x75, 0x65, 0x3B,
    0x0D, 0x0A, 0x7D, 0x0D, 0x0A, 0x0D, 0x0A, 0x66, 0x75, 0x6E, 0x63, 0x74, 0x69, 0x6F, 0x6E, 0x20,
    0x41, 0x70, 0x70, 0x6C, 0x79, 0x52, 0x65, 0x73, 0x6F, 0x6C, 0x75, 0x74, 0x69, 0x6F, 0x6E, 0x4D,
    0x6F, 0x64, 0x65, 0x28, 0x6F, 0x70, 0x74, 0x69, 0x6F, 0x6E, 0x61, 0x6C, 0x20, 0x48, 0x61, 0x7A,
    0x61, 0x72, 0x64, 0x50, 0x6C, 0x61, 0x79, 0x65, 0x72, 0x43, 0x6F, 0x6E, 0x74, 0x72, 0x6F, 0x6C,
    0x6C, 0x65, 0x72, 0x20, 0x50, 0x6C, 0x61, 0x79, 0x65, 0x72, 0x43, 0x6F, 0x6E, 0x74, 0x72, 0x6F,
    0x6C, 0x6C, 0x65, 0x72, 0x29, 0x0D, 0x0A, 0x7B, 0x0D, 0x0A, 0x09, 0x6C, 0x6F, 0x63, 0x61, 0x6C,
    0x20, 0x73, 0x74, 0x72, 0x69, 0x6E, 0x67, 0x20, 0x44, 0x69, 0x73, 0x70, 0x6C, 0x61, 0x79, 0x53,
    0x75, 0x66, 0x66, 0x69, 0x78, 0x3B, 0x0D, 0x0A, 0x09, 0x6C, 0x6F, 0x63, 0x61, 0x6C, 0x20, 0x62,
    0x6F, 0x6F, 0x6C, 0x20, 0x62, 0x46, 0x75, 0x6C, 0x6C, 0x73, 0x63, 0x72, 0x65, 0x65, 0x6E, 0x3B,
    0x0D, 0x0A, 0x09, 0x69, 0x66, 0x20, 0x28, 0x50, 0x6C, 0x61, 0x79, 0x65, 0x72, 0x43, 0x6F, 0x6E,
    0x74, 0x72, 0x6F, 0x6C, 0x6C, 0x65, 0x72, 0x20, 0x3D, 0x3D, 0x20, 0x6E, 0x6F, 0x6E, 0x65, 0x29,
    0x0D, 0x0A, 0x09, 0x7B, 0x0D, 0x0A, 0x09, 0x09, 0x50, 0x6C, 0x61, 0x79, 0x65, 0x72, 0x43, 0x6F,
    0x6E, 0x74, 0x72, 0x6F, 0x6C, 0x6C, 0x65, 0x72, 0x20, 0x3D, 0x20, 0x47, 0x65, 0x74, 0x47, 0x72,
    0x61, 0x70, 0x68, 0x69, 0x63, 0x73, 0x50, 0x6C, 0x61, 0x79, 0x65, 0x72, 0x43, 0x6F, 0x6E, 0x74,
    0x72, 0x6F, 0x6C, 0x6C, 0x65, 0x72, 0x28, 0x29, 0x3B, 0x0D, 0x0A, 0x09, 0x7D, 0x0D, 0x0A, 0x09,
    0x69, 0x66, 0x20, 0x28, 0x50, 0x6C, 0x61, 0x79, 0x65, 0x72, 0x43, 0x6F, 0x6E, 0x74, 0x72, 0x6F,
    0x6C, 0x6C, 0x65, 0x72, 0x20, 0x3D, 0x3D, 0x20, 0x6E, 0x6F, 0x6E, 0x65, 0x20, 0x7C, 0x7C, 0x20,
    0x21, 0x50, 0x6C, 0x61, 0x79, 0x65, 0x72, 0x43, 0x6F, 0x6E, 0x74, 0x72, 0x6F, 0x6C, 0x6C, 0x65,
    0x72, 0x2E, 0x62, 0x53, 0x63, 0x72, 0x65, 0x65, 0x6E, 0x49, 0x6E, 0x69, 0x74, 0x69, 0x61, 0x6C,
    0x69, 0x7A, 0x65, 0x64, 0x20, 0x7C, 0x7C, 0x20, 0x47, 0x72, 0x61, 0x70, 0x68, 0x69, 0x63, 0x73,
    0x53, 0x65, 0x74, 0x74, 0x69, 0x6E, 0x67, 0x73, 0x2E, 0x52, 0x65, 0x73, 0x6F, 0x6C, 0x75, 0x74,
    0x69, 0x6F, 0x6E, 0x57, 0x69, 0x64, 0x74, 0x68, 0x20, 0x3C, 0x3D, 0x20, 0x30, 0x20, 0x7C, 0x7C,
    0x20, 0x47, 0x72, 0x61, 0x70, 0x68, 0x69, 0x63, 0x73, 0x53, 0x65, 0x74, 0x74, 0x69, 0x6E, 0x67,
    0x73, 0x2E, 0x52, 0x65, 0x73, 0x6F, 0x6C, 0x75, 0x74, 0x69, 0x6F, 0x6E, 0x48, 0x65, 0x69, 0x67,
    0x68, 0x74, 0x20, 0x3C, 0x3D, 0x20, 0x30, 0x29, 0x0D, 0x0A, 0x09, 0x7B, 0x0D, 0x0A, 0x09, 0x09,
    0x72, 0x65, 0x74, 0x75, 0x72, 0x6E, 0x3B, 0x0D, 0x0A, 0x09, 0x7D, 0x0D, 0x0A, 0x09, 0x49, 0x67,
    0x6E, 0x6F, 0x72, 0x65, 0x56, 0x69, 0x65, 0x77, 0x70, 0x6F, 0x72, 0x74, 0x43, 0x68, 0x61, 0x6E,
    0x67, 0x65, 0x73, 0x55, 0x6E, 0x74, 0x69, 0x6C, 0x20, 0x3D, 0x20, 0x57, 0x6F, 0x72, 0x6C, 0x64,
    0x49, 0x6E, 0x66, 0x6F, 0x2E, 0x54, 0x69, 0x6D, 0x65, 0x53, 0x65, 0x63, 0x6F, 0x6E, 0x64, 0x73,
    0x20, 0x2B, 0x20, 0x34, 0x2E, 0x30, 0x3B, 0x0D, 0x0A, 0x09, 0x62, 0x46, 0x75, 0x6C, 0x6C, 0x73,
    0x63, 0x72, 0x65, 0x65, 0x6E, 0x20, 0x3D, 0x20, 0x4C, 0x6F, 0x63, 0x61, 0x6C, 0x50, 0x6C, 0x61,
    0x79, 0x65, 0x72, 0x28, 0x50, 0x6C, 0x61, 0x79, 0x65, 0x72, 0x43, 0x6F, 0x6E, 0x74, 0x72, 0x6F,
    0x6C, 0x6C, 0x65, 0x72, 0x2E, 0x50, 0x6C, 0x61, 0x79, 0x65, 0x72, 0x29, 0x20, 0x21, 0x3D, 0x20,
    0x6E, 0x6F, 0x6E, 0x65, 0x20, 0x26, 0x26, 0x20, 0x4C, 0x6F, 0x63, 0x61, 0x6C, 0x50, 0x6C, 0x61,
    0x79, 0x65, 0x72, 0x28, 0x50, 0x6C, 0x61, 0x79, 0x65, 0x72, 0x43, 0x6F, 0x6E, 0x74, 0x72, 0x6F,
    0x6C, 0x6C, 0x65, 0x72, 0x2E, 0x50, 0x6C, 0x61, 0x79, 0x65, 0x72, 0x29, 0x2E, 0x56, 0x69, 0x65,
    0x77, 0x70, 0x6F, 0x72, 0x74, 0x43, 0x6C, 0x69, 0x65, 0x6E, 0x74, 0x2E, 0x49, 0x73, 0x46, 0x75,
    0x6C, 0x6C, 0x53, 0x63, 0x72, 0x65, 0x65, 0x6E, 0x56, 0x69, 0x65, 0x77, 0x70, 0x6F, 0x72, 0x74,
    0x28, 0x29, 0x3B, 0x0D, 0x0A, 0x09, 0x44, 0x69, 0x73, 0x70, 0x6C, 0x61, 0x79, 0x53, 0x75, 0x66,
    0x66, 0x69, 0x78, 0x20, 0x3D, 0x20, 0x62, 0x46, 0x75, 0x6C, 0x6C, 0x73, 0x63, 0x72, 0x65, 0x65,
    0x6E, 0x20, 0x3F, 0x20, 0x22, 0x66, 0x22, 0x20, 0x3A, 0x20, 0x22, 0x77, 0x22, 0x3B, 0x0D, 0x0A,
    0x09, 0x50, 0x6C, 0x61, 0x79, 0x65, 0x72, 0x43, 0x6F, 0x6E, 0x74, 0x72, 0x6F, 0x6C, 0x6C, 0x65,
    0x72, 0x2E, 0x43, 0x6F, 0x6E, 0x73, 0x6F, 0x6C, 0x65, 0x43, 0x6F, 0x6D, 0x6D, 0x61, 0x6E, 0x64,
    0x28, 0x22, 0x53, 0x65, 0x74, 0x52, 0x65, 0x73, 0x20, 0x22, 0x24, 0x47, 0x72, 0x61, 0x70, 0x68,
    0x69, 0x63, 0x73, 0x53, 0x65, 0x74, 0x74, 0x69, 0x6E, 0x67, 0x73, 0x2E, 0x52, 0x65, 0x73, 0x6F,
    0x6C, 0x75, 0x74, 0x69, 0x6F, 0x6E, 0x57, 0x69, 0x64, 0x74, 0x68, 0x24, 0x22, 0x78, 0x22, 0x24,
    0x47, 0x72, 0x61, 0x70, 0x68, 0x69, 0x63, 0x73, 0x53, 0x65, 0x74, 0x74, 0x69, 0x6E, 0x67, 0x73,
    0x2E, 0x52, 0x65, 0x73, 0x6F, 0x6C, 0x75, 0x74, 0x69, 0x6F, 0x6E, 0x48, 0x65, 0x69, 0x67, 0x68,
    0x74, 0x24, 0x44, 0x69, 0x73, 0x70, 0x6C, 0x61, 0x79, 0x53, 0x75, 0x66, 0x66, 0x69, 0x78, 0x29,
    0x3B, 0x0D, 0x0A, 0x09, 0x4C, 0x6F, 0x67, 0x49, 0x6E, 0x74, 0x65, 0x72, 0x6E, 0x61, 0x6C, 0x28,
    0x22, 0x41, 0x47, 0x50, 0x41, 0x54, 0x43, 0x48, 0x20, 0x61, 0x70, 0x70, 0x6C, 0x69, 0x65, 0x64,
    0x20, 0x72, 0x65, 0x73, 0x6F, 0x6C, 0x75, 0x74, 0x69, 0x6F, 0x6E, 0x3D, 0x22, 0x24, 0x47, 0x72,
    0x61, 0x70, 0x68, 0x69, 0x63, 0x73, 0x53, 0x65, 0x74, 0x74, 0x69, 0x6E, 0x67, 0x73, 0x2E, 0x52,
    0x65, 0x73, 0x6F, 0x6C, 0x75, 0x74, 0x69, 0x6F, 0x6E, 0x57, 0x69, 0x64, 0x74, 0x68, 0x24, 0x22,
    0x78, 0x22, 0x24, 0x47, 0x72, 0x61, 0x70, 0x68, 0x69, 0x63, 0x73, 0x53, 0x65, 0x74, 0x74, 0x69,
    0x6E, 0x67, 0x73, 0x2E, 0x52, 0x65, 0x73, 0x6F, 0x6C, 0x75, 0x74, 0x69, 0x6F, 0x6E, 0x48, 0x65,
    0x69, 0x67, 0x68, 0x74, 0x24, 0x22, 0x20, 0x73, 0x74, 0x6F, 0x63, 0x6B, 0x2D, 0x66, 0x75, 0x6C,
    0x6C, 0x73, 0x63, 0x72, 0x65, 0x65, 0x6E, 0x3D, 0x22, 0x24, 0x62, 0x46, 0x75, 0x6C, 0x6C, 0x73,
    0x63, 0x72, 0x65, 0x65, 0x6E, 0x29, 0x3B, 0x0D, 0x0A, 0x7D, 0x0D, 0x0A, 0x0D, 0x0A, 0x66, 0x75,
    0x6E, 0x63, 0x74, 0x69, 0x6F, 0x6E, 0x20, 0x53, 0x65, 0x6C, 0x65, 0x63, 0x74, 0x52, 0x65, 0x73,
    0x6F, 0x6C, 0x75, 0x74, 0x69, 0x6F, 0x6E, 0x28, 0x69, 0x6E, 0x74, 0x20, 0x57, 0x69, 0x64, 0x74,
    0x68, 0x2C, 0x20, 0x69, 0x6E, 0x74, 0x20, 0x48, 0x65, 0x69, 0x67, 0x68, 0x74, 0x29, 0x0D, 0x0A,
    0x7B, 0x0D, 0x0A, 0x09, 0x6C, 0x6F, 0x63, 0x61, 0x6C, 0x20, 0x48, 0x61, 0x7A, 0x61, 0x72, 0x64,
    0x50, 0x6C, 0x61, 0x79, 0x65, 0x72, 0x43, 0x6F, 0x6E, 0x74, 0x72, 0x6F, 0x6C, 0x6C, 0x65, 0x72,
    0x20, 0x50, 0x6C, 0x61, 0x79, 0x65, 0x72, 0x43, 0x6F, 0x6E, 0x74, 0x72, 0x6F, 0x6C, 0x6C, 0x65,
    0x72, 0x3B, 0x0D, 0x0A, 0x09, 0x50, 0x6C, 0x61, 0x79, 0x65, 0x72, 0x43, 0x6F, 0x6E, 0x74, 0x72,
    0x6F, 0x6C, 0x6C, 0x65, 0x72, 0x20, 0x3D, 0x20, 0x47, 0x65, 0x74, 0x47, 0x72, 0x61, 0x70, 0x68,
    0x69, 0x63, 0x73, 0x50, 0x6C, 0x61, 0x79, 0x65, 0x72, 0x43, 0x6F, 0x6E, 0x74, 0x72, 0x6F, 0x6C,
    0x6C, 0x65, 0x72, 0x28, 0x29, 0x3B, 0x0D, 0x0A, 0x09, 0x69, 0x66, 0x20, 0x28, 0x50, 0x6C, 0x61,
    0x79, 0x65, 0x72, 0x43, 0x6F, 0x6E, 0x74, 0x72, 0x6F, 0x6C, 0x6C, 0x65, 0x72, 0x20, 0x3D, 0x3D,
    0x20, 0x6E, 0x6F, 0x6E, 0x65, 0x20, 0x7C, 0x7C, 0x20, 0x21, 0x50, 0x6C, 0x61, 0x79, 0x65, 0x72,
    0x43, 0x6F, 0x6E, 0x74, 0x72, 0x6F, 0x6C, 0x6C, 0x65, 0x72, 0x2E, 0x62, 0x53, 0x63, 0x72, 0x65,
    0x65, 0x6E, 0x49, 0x6E, 0x69, 0x74, 0x69, 0x61, 0x6C, 0x69, 0x7A, 0x65, 0x64, 0x29, 0x0D, 0x0A,
    0x09, 0x7B, 0x0D, 0x0A, 0x09, 0x09, 0x72, 0x65, 0x74, 0x75, 0x72, 0x6E, 0x3B, 0x0D, 0x0A, 0x09,
    0x7D, 0x0D, 0x0A, 0x09, 0x47, 0x72, 0x61, 0x70, 0x68, 0x69, 0x63, 0x73, 0x53, 0x65, 0x74, 0x74,
    0x69, 0x6E, 0x67, 0x73, 0x2E, 0x52, 0x65, 0x73, 0x6F, 0x6C, 0x75, 0x74, 0x69, 0x6F, 0x6E, 0x57,
    0x69, 0x64, 0x74, 0x68, 0x20, 0x3D, 0x20, 0x57, 0x69, 0x64, 0x74, 0x68, 0x3B, 0x0D, 0x0A, 0x09,
    0x47, 0x72, 0x61, 0x70, 0x68, 0x69, 0x63, 0x73, 0x53, 0x65, 0x74, 0x74, 0x69, 0x6E, 0x67, 0x73,
    0x2E, 0x52, 0x65, 0x73, 0x6F, 0x6C, 0x75, 0x74, 0x69, 0x6F, 0x6E, 0x48, 0x65, 0x69, 0x67, 0x68,
    0x74, 0x20, 0x3D, 0x20, 0x48, 0x65, 0x69, 0x67, 0x68, 0x74, 0x3B, 0x0D, 0x0A, 0x09, 0x53, 0x61,
    0x76, 0x65, 0x47, 0x72, 0x61, 0x70, 0x68, 0x69, 0x63, 0x73, 0x53, 0x65, 0x74, 0x74, 0x69, 0x6E,
    0x67, 0x73, 0x28, 0x29, 0x3B, 0x0D, 0x0A, 0x09, 0x52, 0x65, 0x66, 0x72, 0x65, 0x73, 0x68, 0x52,
    0x65, 0x73, 0x6F, 0x6C, 0x75, 0x74, 0x69, 0x6F, 0x6E, 0x48, 0x69, 0x67, 0x68, 0x6C, 0x69, 0x67,
    0x68, 0x74, 0x73, 0x28, 0x29, 0x3B, 0x0D, 0x0A, 0x09, 0x41, 0x70, 0x70, 0x6C, 0x79, 0x52, 0x65,
    0x73, 0x6F, 0x6C, 0x75, 0x74, 0x69, 0x6F, 0x6E, 0x4D, 0x6F, 0x64, 0x65, 0x28, 0x50, 0x6C, 0x61,
    0x79, 0x65, 0x72, 0x43, 0x6F, 0x6E, 0x74, 0x72, 0x6F, 0x6C, 0x6C, 0x65, 0x72, 0x29, 0x3B, 0x0D,
    0x0A, 0x7D, 0x0D, 0x0A, 0x0D, 0x0A, 0x66, 0x75, 0x6E, 0x63, 0x74, 0x69, 0x6F, 0x6E, 0x20, 0x52,
    0x65, 0x66, 0x72, 0x65, 0x73, 0x68, 0x52, 0x65, 0x73, 0x6F, 0x6C, 0x75, 0x74, 0x69, 0x6F, 0x6E,
    0x48, 0x69, 0x67, 0x68, 0x6C, 0x69, 0x67, 0x68, 0x74, 0x73, 0x28, 0x29, 0x0D, 0x0A, 0x7B, 0x0D,
    0x0A, 0x09, 0x6C, 0x6F, 0x63, 0x61, 0x6C, 0x20, 0x69, 0x6E, 0x74, 0x20, 0x49, 0x6E, 0x64, 0x65,
    0x78, 0x3B, 0x0D, 0x0A, 0x09, 0x66, 0x6F, 0x72, 0x20, 0x28, 0x49, 0x6E, 0x64, 0x65, 0x78, 0x20,
    0x3D, 0x20, 0x30, 0x3B, 0x20, 0x49, 0x6E, 0x64, 0x65, 0x78, 0x20, 0x3C, 0x20, 0x52, 0x65, 0x73,
    0x6F, 0x6C, 0x75, 0x74, 0x69, 0x6F, 0x6E, 0x43, 0x68, 0x6F, 0x69, 0x63, 0x65, 0x42, 0x75, 0x74,
    0x74, 0x6F, 0x6E, 0x73, 0x2E, 0x4C, 0x65, 0x6E, 0x67, 0x74, 0x68, 0x3B, 0x20, 0x2B, 0x2B, 0x49,
    0x6E, 0x64, 0x65, 0x78, 0x29, 0x0D, 0x0A, 0x09, 0x7B, 0x0D, 0x0A, 0x09, 0x09, 0x52, 0x65, 0x73,
    0x6F, 0x6C, 0x75, 0x74, 0x69, 0x6F, 0x6E, 0x43, 0x68, 0x6F, 0x69, 0x63, 0x65, 0x42, 0x75, 0x74,
    0x74, 0x6F, 0x6E, 0x73, 0x5B, 0x49, 0x6E, 0x64, 0x65, 0x78, 0x5D, 0x2E, 0x53, 0x65, 0x74, 0x53,
    0x65, 0x6C, 0x65, 0x63, 0x74, 0x65, 0x64, 0x28, 0x52, 0x65, 0x73, 0x6F, 0x6C, 0x75, 0x74, 0x69,
    0x6F, 0x6E, 0x43, 0x68, 0x6F, 0x69, 0x63, 0x65, 0x42, 0x75, 0x74, 0x74, 0x6F, 0x6E, 0x73, 0x5B,
    0x49, 0x6E, 0x64, 0x65, 0x78, 0x5D, 0x2E, 0x52, 0x65, 0x73, 0x6F, 0x6C, 0x75, 0x74, 0x69, 0x6F,
    0x6E, 0x57, 0x69, 0x64, 0x74, 0x68, 0x20, 0x3D, 0x3D, 0x20, 0x47, 0x72, 0x61, 0x70, 0x68, 0x69,
    0x63, 0x73, 0x53, 0x65, 0x74, 0x74, 0x69, 0x6E, 0x67, 0x73, 0x2E, 0x52, 0x65, 0x73, 0x6F, 0x6C,
    0x75, 0x74, 0x69, 0x6F, 0x6E, 0x57, 0x69, 0x64, 0x74, 0x68, 0x20, 0x26, 0x26, 0x20, 0x52, 0x65,
    0x73, 0x6F, 0x6C, 0x75, 0x74, 0x69, 0x6F, 0x6E, 0x43, 0x68, 0x6F, 0x69, 0x63, 0x65, 0x42, 0x75,
    0x74, 0x74, 0x6F, 0x6E, 0x73, 0x5B, 0x49, 0x6E, 0x64, 0x65, 0x78, 0x5D, 0x2E, 0x52, 0x65, 0x73,
    0x6F, 0x6C, 0x75, 0x74, 0x69, 0x6F, 0x6E, 0x48, 0x65, 0x69, 0x67, 0x68, 0x74, 0x20, 0x3D, 0x3D,
    0x20, 0x47, 0x72, 0x61, 0x70, 0x68, 0x69, 0x63, 0x73, 0x53, 0x65, 0x74, 0x74, 0x69, 0x6E, 0x67,
    0x73, 0x2E, 0x52, 0x65, 0x73, 0x6F, 0x6C, 0x75, 0x74, 0x69, 0x6F, 0x6E, 0x48, 0x65, 0x69, 0x67,
    0x68, 0x74, 0x29, 0x3B, 0x0D, 0x0A, 0x09, 0x7D, 0x0D, 0x0A, 0x7D, 0x0D, 0x0A, 0x0D, 0x0A, 0x66,
    0x75, 0x6E, 0x63, 0x74, 0x69, 0x6F, 0x6E, 0x20, 0x53, 0x61, 0x76, 0x65, 0x47, 0x72, 0x61, 0x70,
    0x68, 0x69, 0x63, 0x73, 0x53, 0x65, 0x74, 0x74, 0x69, 0x6E, 0x67, 0x73, 0x28, 0x29, 0x0D, 0x0A,
    0x7B, 0x0D, 0x0A, 0x09, 0x47, 0x72, 0x61, 0x70, 0x68, 0x69, 0x63, 0x73, 0x53, 0x65, 0x74, 0x74,
    0x69, 0x6E, 0x67, 0x73, 0x2E, 0x62, 0x43, 0x6F, 0x6E, 0x66, 0x69, 0x67, 0x75, 0x72, 0x65, 0x64,
    0x20, 0x3D, 0x20, 0x74, 0x72, 0x75, 0x65, 0x3B, 0x0D, 0x0A, 0x09, 0x63, 0x6C, 0x61, 0x73, 0x73,
    0x27, 0x41, 0x6E, 0x74, 0x69, 0x63, 0x68, 0x61, 0x6D, 0x62, 0x65, 0x72, 0x47, 0x72, 0x61, 0x70,
    0x68, 0x69, 0x63, 0x73, 0x53, 0x65, 0x74, 0x74, 0x69, 0x6E, 0x67, 0x73, 0x27, 0x2E, 0x64, 0x65,
    0x66, 0x61, 0x75, 0x6C, 0x74, 0x2E, 0x62, 0x43, 0x6F, 0x6E, 0x66, 0x69, 0x67, 0x75, 0x72, 0x65,
    0x64, 0x20, 0x3D, 0x20, 0x47, 0x72, 0x61, 0x70, 0x68, 0x69, 0x63, 0x73, 0x53, 0x65, 0x74, 0x74,
    0x69, 0x6E, 0x67, 0x73, 0x2E, 0x62, 0x43, 0x6F, 0x6E, 0x66, 0x69, 0x67, 0x75, 0x72, 0x65, 0x64,
    0x3B, 0x0D, 0x0A, 0x09, 0x63, 0x6C, 0x61, 0x73, 0x73, 0x27, 0x41, 0x6E, 0x74, 0x69, 0x63, 0x68,
    0x61, 0x6D, 0x62, 0x65, 0x72, 0x47, 0x72, 0x61, 0x70, 0x68, 0x69, 0x63, 0x73, 0x53, 0x65, 0x74,
    0x74, 0x69, 0x6E, 0x67, 0x73, 0x27, 0x2E, 0x64, 0x65, 0x66, 0x61, 0x75, 0x6C, 0x74, 0x2E, 0x52,
    0x65, 0x73, 0x6F, 0x6C, 0x75, 0x74, 0x69, 0x6F, 0x6E, 0x57, 0x69, 0x64, 0x74, 0x68, 0x20, 0x3D,
    0x20, 0x47, 0x72, 0x61, 0x70, 0x68, 0x69, 0x63, 0x73, 0x53, 0x65, 0x74, 0x74, 0x69, 0x6E, 0x67,
    0x73, 0x2E, 0x52, 0x65, 0x73, 0x6F, 0x6C, 0x75, 0x74, 0x69, 0x6F, 0x6E, 0x57, 0x69, 0x64, 0x74,
    0x68, 0x3B, 0x0D, 0x0A, 0x09, 0x63, 0x6C, 0x61, 0x73, 0x73, 0x27, 0x41, 0x6E, 0x74, 0x69, 0x63,
    0x68, 0x61, 0x6D, 0x62, 0x65, 0x72, 0x47, 0x72, 0x61, 0x70, 0x68, 0x69, 0x63, 0x73, 0x53, 0x65,
    0x74, 0x74, 0x69, 0x6E, 0x67, 0x73, 0x27, 0x2E, 0x64, 0x65, 0x66, 0x61, 0x75, 0x6C, 0x74, 0x2E,
    0x52, 0x65, 0x73, 0x6F, 0x6C, 0x75, 0x74, 0x69, 0x6F, 0x6E, 0x48, 0x65, 0x69, 0x67, 0x68, 0x74,
    0x20, 0x3D, 0x20, 0x47, 0x72, 0x61, 0x70, 0x68, 0x69, 0x63, 0x73, 0x53, 0x65, 0x74, 0x74, 0x69,
    0x6E, 0x67, 0x73, 0x2E, 0x52, 0x65, 0x73, 0x6F, 0x6C, 0x75, 0x74, 0x69, 0x6F, 0x6E, 0x48, 0x65,
    0x69, 0x67, 0x68, 0x74, 0x3B, 0x0D, 0x0A, 0x09, 0x63, 0x6C, 0x61, 0x73, 0x73, 0x27, 0x41, 0x6E,
    0x74, 0x69, 0x63, 0x68, 0x61, 0x6D, 0x62, 0x65, 0x72, 0x47, 0x72, 0x61, 0x70, 0x68, 0x69, 0x63,
    0x73, 0x53, 0x65, 0x74, 0x74, 0x69, 0x6E, 0x67, 0x73, 0x27, 0x2E, 0x64, 0x65, 0x66, 0x61, 0x75,
    0x6C, 0x74, 0x2E, 0x52, 0x65, 0x73, 0x6F, 0x6C, 0x75, 0x74, 0x69, 0x6F, 0x6E, 0x50, 0x61, 0x67,
    0x65, 0x20, 0x3D, 0x20, 0x47, 0x72, 0x61, 0x70, 0x68, 0x69, 0x63, 0x73, 0x53, 0x65, 0x74, 0x74,
    0x69, 0x6E, 0x67, 0x73, 0x2E, 0x52, 0x65, 0x73, 0x6F, 0x6C, 0x75, 0x74, 0x69, 0x6F, 0x6E, 0x50,
    0x61, 0x67, 0x65, 0x3B, 0x0D, 0x0A, 0x09, 0x63, 0x6C, 0x61, 0x73, 0x73, 0x27, 0x41, 0x6E, 0x74,
    0x69, 0x63, 0x68, 0x61, 0x6D, 0x62, 0x65, 0x72, 0x47, 0x72, 0x61, 0x70, 0x68, 0x69, 0x63, 0x73,
    0x53, 0x65, 0x74, 0x74, 0x69, 0x6E, 0x67, 0x73, 0x27, 0x2E, 0x73, 0x74, 0x61, 0x74, 0x69, 0x63,
    0x2E, 0x53, 0x74, 0x61, 0x74, 0x69, 0x63, 0x53, 0x61, 0x76, 0x65, 0x43, 0x6F, 0x6E, 0x66, 0x69,
    0x67, 0x28, 0x29, 0x3B, 0x0D, 0x0A, 0x7D, 0x0D, 0x0A, 0x0D, 0x0A, 0x66, 0x75, 0x6E, 0x63, 0x74,
    0x69, 0x6F, 0x6E, 0x20, 0x69, 0x6E, 0x74, 0x20, 0x46, 0x69, 0x6E, 0x64, 0x44, 0x65, 0x74, 0x65,
    0x63, 0x74, 0x65, 0x64, 0x52, 0x65, 0x73, 0x6F, 0x6C, 0x75, 0x74, 0x69, 0x6F, 0x6E, 0x28, 0x69,
    0x6E, 0x74, 0x20, 0x57, 0x69, 0x64, 0x74, 0x68, 0x2C, 0x20, 0x69, 0x6E, 0x74, 0x20, 0x48, 0x65,
    0x69, 0x67, 0x68, 0x74, 0x29, 0x0D, 0x0A, 0x7B, 0x0D, 0x0A, 0x09, 0x6C, 0x6F, 0x63, 0x61, 0x6C,
    0x20, 0x69, 0x6E, 0x74, 0x20, 0x49, 0x6E, 0x64, 0x65, 0x78, 0x3B, 0x0D, 0x0A, 0x09, 0x66, 0x6F,
    0x72, 0x20, 0x28, 0x49, 0x6E, 0x64, 0x65, 0x78, 0x20, 0x3D, 0x20, 0x30, 0x3B, 0x20, 0x49, 0x6E,
    0x64, 0x65, 0x78, 0x20, 0x3C, 0x20, 0x44, 0x65, 0x74, 0x65, 0x63, 0x74, 0x65, 0x64, 0x52, 0x65,
    0x73, 0x6F, 0x6C, 0x75, 0x74, 0x69, 0x6F, 0x6E, 0x73, 0x2E, 0x4C, 0x65, 0x6E, 0x67, 0x74, 0x68,
    0x3B, 0x20, 0x2B, 0x2B, 0x49, 0x6E, 0x64, 0x65, 0x78, 0x29, 0x0D, 0x0A, 0x09, 0x7B, 0x0D, 0x0A,
    0x09, 0x09, 0x69, 0x66, 0x20, 0x28, 0x44, 0x65, 0x74, 0x65, 0x63, 0x74, 0x65, 0x64, 0x52, 0x65,
    0x73, 0x6F, 0x6C, 0x75, 0x74, 0x69, 0x6F, 0x6E, 0x73, 0x5B, 0x49, 0x6E, 0x64, 0x65, 0x78, 0x5D,
    0x2E, 0x57, 0x69, 0x64, 0x74, 0x68, 0x20, 0x3D, 0x3D, 0x20, 0x57, 0x69, 0x64, 0x74, 0x68, 0x20,
    0x26, 0x26, 0x20, 0x44, 0x65, 0x74, 0x65, 0x63, 0x74, 0x65, 0x64, 0x52, 0x65, 0x73, 0x6F, 0x6C,
    0x75, 0x74, 0x69, 0x6F, 0x6E, 0x73, 0x5B, 0x49, 0x6E, 0x64, 0x65, 0x78, 0x5D, 0x2E, 0x48, 0x65,
    0x69, 0x67, 0x68, 0x74, 0x20, 0x3D, 0x3D, 0x20, 0x48, 0x65, 0x69, 0x67, 0x68, 0x74, 0x29, 0x0D,
    0x0A, 0x09, 0x09, 0x7B, 0x0D, 0x0A, 0x09, 0x09, 0x09, 0x72, 0x65, 0x74, 0x75, 0x72, 0x6E, 0x20,
    0x49, 0x6E, 0x64, 0x65, 0x78, 0x3B, 0x0D, 0x0A, 0x09, 0x09, 0x7D, 0x0D, 0x0A, 0x09, 0x7D, 0x0D,
    0x0A, 0x09, 0x72, 0x65, 0x74, 0x75, 0x72, 0x6E, 0x20, 0x2D, 0x31, 0x3B, 0x0D, 0x0A, 0x7D, 0x0D,
    0x0A, 0x0D, 0x0A, 0x66, 0x75, 0x6E, 0x63, 0x74, 0x69, 0x6F, 0x6E, 0x20, 0x4D, 0x6F, 0x6E, 0x69,
    0x74, 0x6F, 0x72, 0x56, 0x69, 0x65, 0x77, 0x70, 0x6F, 0x72, 0x74, 0x52, 0x65, 0x73, 0x6F, 0x6C,
    0x75, 0x74, 0x69, 0x6F, 0x6E, 0x28, 0x29, 0x0D, 0x0A, 0x7B, 0x0D, 0x0A, 0x09, 0x6C, 0x6F, 0x63,
    0x61, 0x6C, 0x20, 0x48, 0x61, 0x7A, 0x61, 0x72, 0x64, 0x50, 0x6C, 0x61, 0x79, 0x65, 0x72, 0x43,
    0x6F, 0x6E, 0x74, 0x72, 0x6F, 0x6C, 0x6C, 0x65, 0x72, 0x20, 0x50, 0x6C, 0x61, 0x79, 0x65, 0x72,
    0x43, 0x6F, 0x6E, 0x74, 0x72, 0x6F, 0x6C, 0x6C, 0x65, 0x72, 0x3B, 0x0D, 0x0A, 0x09, 0x6C, 0x6F,
    0x63, 0x61, 0x6C, 0x20, 0x56, 0x65, 0x63, 0x74, 0x6F, 0x72, 0x32, 0x44, 0x20, 0x56, 0x69, 0x65,
    0x77, 0x70, 0x6F, 0x72, 0x74, 0x53, 0x69, 0x7A, 0x65, 0x3B, 0x0D, 0x0A, 0x09, 0x6C, 0x6F, 0x63,
    0x61, 0x6C, 0x20, 0x69, 0x6E, 0x74, 0x20, 0x57, 0x69, 0x64, 0x74, 0x68, 0x3B, 0x0D, 0x0A, 0x09,
    0x6C, 0x6F, 0x63, 0x61, 0x6C, 0x20, 0x69, 0x6E, 0x74, 0x20, 0x48, 0x65, 0x69, 0x67, 0x68, 0x74,
    0x3B, 0x0D, 0x0A, 0x09, 0x6C, 0x6F, 0x63, 0x61, 0x6C, 0x20, 0x69, 0x6E, 0x74, 0x20, 0x4D, 0x6F,
    0x64, 0x65, 0x49, 0x6E, 0x64, 0x65, 0x78, 0x3B, 0x0D, 0x0A, 0x0D, 0x0A, 0x09, 0x50, 0x6C, 0x61,
    0x79, 0x65, 0x72, 0x43, 0x6F, 0x6E, 0x74, 0x72, 0x6F, 0x6C, 0x6C, 0x65, 0x72, 0x20, 0x3D, 0x20,
    0x47, 0x65, 0x74, 0x47, 0x72, 0x61, 0x70, 0x68, 0x69, 0x63, 0x73, 0x50, 0x6C, 0x61, 0x79, 0x65,
    0x72, 0x43, 0x6F, 0x6E, 0x74, 0x72, 0x6F, 0x6C, 0x6C, 0x65, 0x72, 0x28, 0x29, 0x3B, 0x0D, 0x0A,
    0x09, 0x69, 0x66, 0x20, 0x28, 0x50, 0x6C, 0x61, 0x79, 0x65, 0x72, 0x43, 0x6F, 0x6E, 0x74, 0x72,
    0x6F, 0x6C, 0x6C, 0x65, 0x72, 0x20, 0x3D, 0x3D, 0x20, 0x6E, 0x6F, 0x6E, 0x65, 0x20, 0x7C, 0x7C,
    0x20, 0x21, 0x50, 0x6C, 0x61, 0x79, 0x65, 0x72, 0x43, 0x6F, 0x6E, 0x74, 0x72, 0x6F, 0x6C, 0x6C,
    0x65, 0x72, 0x2E, 0x62, 0x53, 0x63, 0x72, 0x65, 0x65, 0x6E, 0x49, 0x6E, 0x69, 0x74, 0x69, 0x61,
    0x6C, 0x69, 0x7A, 0x65, 0x64, 0x29, 0x0D, 0x0A, 0x09, 0x7B, 0x0D, 0x0A, 0x09, 0x09, 0x72, 0x65,
    0x74, 0x75, 0x72, 0x6E, 0x3B, 0x0D, 0x0A, 0x09, 0x7D, 0x0D, 0x0A, 0x09, 0x4C, 0x6F, 0x63, 0x61,
    0x6C, 0x50, 0x6C, 0x61, 0x79, 0x65, 0x72, 0x28, 0x50, 0x6C, 0x61, 0x79, 0x65, 0x72, 0x43, 0x6F,
    0x6E, 0x74, 0x72, 0x6F, 0x6C, 0x6C, 0x65, 0x72, 0x2E, 0x50, 0x6C, 0x61, 0x79, 0x65, 0x72, 0x29,
    0x2E, 0x56, 0x69, 0x65, 0x77, 0x70, 0x6F, 0x72, 0x74, 0x43, 0x6C, 0x69, 0x65, 0x6E, 0x74, 0x2E,
    0x47, 0x65, 0x74, 0x56, 0x69, 0x65, 0x77, 0x70, 0x6F, 0x72, 0x74, 0x53, 0x69, 0x7A, 0x65, 0x28,
    0x56, 0x69, 0x65, 0x77, 0x70, 0x6F, 0x72, 0x74, 0x53, 0x69, 0x7A, 0x65, 0x29, 0x3B, 0x0D, 0x0A,
    0x09, 0x57, 0x69, 0x64, 0x74, 0x68, 0x20, 0x3D, 0x20, 0x69, 0x6E, 0x74, 0x28, 0x56, 0x69, 0x65,
    0x77, 0x70, 0x6F, 0x72, 0x74, 0x53, 0x69, 0x7A, 0x65, 0x2E, 0x58, 0x29, 0x3B, 0x0D, 0x0A, 0x09,
    0x48, 0x65, 0x69, 0x67, 0x68, 0x74, 0x20, 0x3D, 0x20, 0x69, 0x6E, 0x74, 0x28, 0x56, 0x69, 0x65,
    0x77, 0x70, 0x6F, 0x72, 0x74, 0x53, 0x69, 0x7A, 0x65, 0x2E, 0x59, 0x29, 0x3B, 0x0D, 0x0A, 0x09,
    0x69, 0x66, 0x20, 0x28, 0x57, 0x69, 0x64, 0x74, 0x68, 0x20, 0x3D, 0x3D, 0x20, 0x47, 0x72, 0x61,
    0x70, 0x68, 0x69, 0x63, 0x73, 0x53, 0x65, 0x74, 0x74, 0x69, 0x6E, 0x67, 0x73, 0x2E, 0x52, 0x65,
    0x73, 0x6F, 0x6C, 0x75, 0x74, 0x69, 0x6F, 0x6E, 0x57, 0x69, 0x64, 0x74, 0x68, 0x20, 0x26, 0x26,
    0x20, 0x48, 0x65, 0x69, 0x67, 0x68, 0x74, 0x20, 0x3D, 0x3D, 0x20, 0x47, 0x72, 0x61, 0x70, 0x68,
    0x69, 0x63, 0x73, 0x53, 0x65, 0x74, 0x74, 0x69, 0x6E, 0x67, 0x73, 0x2E, 0x52, 0x65, 0x73, 0x6F,
    0x6C, 0x75, 0x74, 0x69, 0x6F, 0x6E, 0x48, 0x65, 0x69, 0x67, 0x68, 0x74, 0x29, 0x0D, 0x0A, 0x09,
    0x7B, 0x0D, 0x0A, 0x09, 0x09, 0x72, 0x65, 0x74, 0x75, 0x72, 0x6E, 0x3B, 0x0D, 0x0A, 0x09, 0x7D,
    0x0D, 0x0A, 0x09, 0x69, 0x66, 0x20, 0x28, 0x57, 0x6F, 0x72, 0x6C, 0x64, 0x49, 0x6E, 0x66, 0x6F,
    0x2E, 0x54, 0x69, 0x6D, 0x65, 0x53, 0x65, 0x63, 0x6F, 0x6E, 0x64, 0x73, 0x20, 0x3C, 0x20, 0x49,
    0x67, 0x6E, 0x6F, 0x72, 0x65, 0x56, 0x69, 0x65, 0x77, 0x70, 0x6F, 0x72, 0x74, 0x43, 0x68, 0x61,
    0x6E, 0x67, 0x65, 0x73, 0x55, 0x6E, 0x74, 0x69, 0x6C, 0x29, 0x0D, 0x0A, 0x09, 0x7B, 0x0D, 0x0A,
    0x09, 0x09, 0x72, 0x65, 0x74, 0x75, 0x72, 0x6E, 0x3B, 0x0D, 0x0A, 0x09, 0x7D, 0x0D, 0x0A, 0x09,
    0x69, 0x66, 0x20, 0x28, 0x57, 0x69, 0x64, 0x74, 0x68, 0x20, 0x3E, 0x20, 0x30, 0x20, 0x26, 0x26,
    0x20, 0x48, 0x65, 0x69, 0x67, 0x68, 0x74, 0x20, 0x3E, 0x20, 0x30, 0x29, 0x0D, 0x0A, 0x09, 0x7B,
    0x0D, 0x0A, 0x09, 0x09, 0x47, 0x72, 0x61, 0x70, 0x68, 0x69, 0x63, 0x73, 0x53, 0x65, 0x74, 0x74,
    0x69, 0x6E, 0x67, 0x73, 0x2E, 0x52, 0x65, 0x73, 0x6F, 0x6C, 0x75, 0x74, 0x69, 0x6F, 0x6E, 0x57,
    0x69, 0x64, 0x74, 0x68, 0x20, 0x3D, 0x20, 0x57, 0x69, 0x64, 0x74, 0x68, 0x3B, 0x0D, 0x0A, 0x09,
    0x09, 0x47, 0x72, 0x61, 0x70, 0x68, 0x69, 0x63, 0x73, 0x53, 0x65, 0x74, 0x74, 0x69, 0x6E, 0x67,
    0x73, 0x2E, 0x52, 0x65, 0x73, 0x6F, 0x6C, 0x75, 0x74, 0x69, 0x6F, 0x6E, 0x48, 0x65, 0x69, 0x67,
    0x68, 0x74, 0x20, 0x3D, 0x20, 0x48, 0x65, 0x69, 0x67, 0x68, 0x74, 0x3B, 0x0D, 0x0A, 0x09, 0x09,
    0x4D, 0x6F, 0x64, 0x65, 0x49, 0x6E, 0x64, 0x65, 0x78, 0x20, 0x3D, 0x20, 0x46, 0x69, 0x6E, 0x64,
    0x44, 0x65, 0x74, 0x65, 0x63, 0x74, 0x65, 0x64, 0x52, 0x65, 0x73, 0x6F, 0x6C, 0x75, 0x74, 0x69,
    0x6F, 0x6E, 0x28, 0x57, 0x69, 0x64, 0x74, 0x68, 0x2C, 0x20, 0x48, 0x65, 0x69, 0x67, 0x68, 0x74,
    0x29, 0x3B, 0x0D, 0x0A, 0x09, 0x09, 0x69, 0x66, 0x20, 0x28, 0x4D, 0x6F, 0x64, 0x65, 0x49, 0x6E,
    0x64, 0x65, 0x78, 0x20, 0x3E, 0x3D, 0x20, 0x30, 0x29, 0x0D, 0x0A, 0x09, 0x09, 0x7B, 0x0D, 0x0A,
    0x09, 0x09, 0x09, 0x47, 0x72, 0x61, 0x70, 0x68, 0x69, 0x63, 0x73, 0x53, 0x65, 0x74, 0x74, 0x69,
    0x6E, 0x67, 0x73, 0x2E, 0x52, 0x65, 0x73, 0x6F, 0x6C, 0x75, 0x74, 0x69, 0x6F, 0x6E, 0x50, 0x61,
    0x67, 0x65, 0x20, 0x3D, 0x20, 0x4D, 0x6F, 0x64, 0x65, 0x49, 0x6E, 0x64, 0x65, 0x78, 0x20, 0x2F,
    0x20, 0x36, 0x3B, 0x0D, 0x0A, 0x09, 0x09, 0x09, 0x52, 0x65, 0x66, 0x72, 0x65, 0x73, 0x68, 0x52,
    0x65, 0x73, 0x6F, 0x6C, 0x75, 0x74, 0x69, 0x6F, 0x6E, 0x50, 0x61, 0x67, 0x65, 0x28, 0x29, 0x3B,
    0x0D, 0x0A, 0x09, 0x09, 0x7D, 0x0D, 0x0A, 0x09, 0x09, 0x53, 0x61, 0x76, 0x65, 0x47, 0x72, 0x61,
    0x70, 0x68, 0x69, 0x63, 0x73, 0x53, 0x65, 0x74, 0x74, 0x69, 0x6E, 0x67, 0x73, 0x28, 0x29, 0x3B,
    0x0D, 0x0A, 0x09, 0x09, 0x52, 0x65, 0x66, 0x72, 0x65, 0x73, 0x68, 0x52, 0x65, 0x73, 0x6F, 0x6C,
    0x75, 0x74, 0x69, 0x6F, 0x6E, 0x48, 0x69, 0x67, 0x68, 0x6C, 0x69, 0x67, 0x68, 0x74, 0x73, 0x28,
    0x29, 0x3B, 0x0D, 0x0A, 0x09, 0x09, 0x4C, 0x6F, 0x67, 0x49, 0x6E, 0x74, 0x65, 0x72, 0x6E, 0x61,
    0x6C, 0x28, 0x22, 0x41, 0x47, 0x50, 0x41, 0x54, 0x43, 0x48, 0x20, 0x6F, 0x62, 0x73, 0x65, 0x72,
    0x76, 0x65, 0x64, 0x20, 0x6E, 0x61, 0x74, 0x69, 0x76, 0x65, 0x20, 0x76, 0x69, 0x65, 0x77, 0x70,
    0x6F, 0x72, 0x74, 0x3D, 0x22, 0x24, 0x57, 0x69, 0x64, 0x74, 0x68, 0x24, 0x22, 0x78, 0x22, 0x24,
    0x48, 0x65, 0x69, 0x67, 0x68, 0x74, 0x29, 0x3B, 0x0D, 0x0A, 0x09, 0x7D, 0x0D, 0x0A, 0x7D, 0x0D,
    0x0A, 0x00, 0xFF, 0xFF, 0xFF, 0xFF, 0xAB, 0x00, 0x00, 0x00, 0x00, 0x00, 0x00, 0x00, 0x00, 0x00,
    0x00, 0x00, 0x00, 0x00, 0x00, 0x00, 0xC7, 0x01, 0x00, 0x00, 0x63, 0x6C, 0x61, 0x73, 0x73, 0x20,
    0x41, 0x6E, 0x74, 0x69, 0x63, 0x68, 0x61, 0x6D, 0x62, 0x65, 0x72, 0x47, 0x72, 0x61, 0x70, 0x68,
    0x69, 0x63, 0x73, 0x4D, 0x75, 0x74, 0x61, 0x74, 0x6F, 0x72, 0x20, 0x65, 0x78, 0x74, 0x65, 0x6E,
    0x64, 0x73, 0x20, 0x4D, 0x75, 0x74, 0x61, 0x74, 0x6F, 0x72, 0x3B, 0x0D, 0x0A, 0x0D, 0x0A, 0x76,
    0x61, 0x72, 0x20, 0x41, 0x6E, 0x74, 0x69, 0x63, 0x68, 0x61, 0x6D, 0x62, 0x65, 0x72, 0x47, 0x72,
    0x61, 0x70, 0x68, 0x69, 0x63, 0x73, 0x4D, 0x61, 0x6E, 0x61, 0x67, 0x65, 0x72, 0x20, 0x47, 0x72,
    0x61, 0x70, 0x68, 0x69, 0x63, 0x73, 0x4D, 0x61, 0x6E, 0x61, 0x67, 0x65, 0x72, 0x3B, 0x0D, 0x0A,
    0x0D, 0x0A, 0x65, 0x76, 0x65, 0x6E, 0x74, 0x20, 0x50, 0x6F, 0x73, 0x74, 0x42, 0x65, 0x67, 0x69,
    0x6E, 0x50, 0x6C, 0x61, 0x79, 0x28, 0x29, 0x0D, 0x0A, 0x7B, 0x0D, 0x0A, 0x09, 0x53, 0x75, 0x70,
    0x65, 0x72, 0x2E, 0x50, 0x6F, 0x73, 0x74, 0x42, 0x65, 0x67, 0x69, 0x6E, 0x50, 0x6C, 0x61, 0x79,
    0x28, 0x29, 0x3B, 0x0D, 0x0A, 0x09, 0x69, 0x66, 0x20, 0x28, 0x57, 0x6F, 0x72, 0x6C, 0x64, 0x49,
    0x6E, 0x66, 0x6F, 0x2E, 0x47, 0x61, 0x6D, 0x65, 0x20, 0x21, 0x3D, 0x20, 0x6E, 0x6F, 0x6E, 0x65,
    0x29, 0x0D, 0x0A, 0x09, 0x7B, 0x0D, 0x0A, 0x09, 0x09, 0x57, 0x6F, 0x72, 0x6C, 0x64, 0x49, 0x6E,
    0x66, 0x6F, 0x2E, 0x47, 0x61, 0x6D, 0x65, 0x2E, 0x48, 0x55, 0x44, 0x54, 0x79, 0x70, 0x65, 0x20,
    0x3D, 0x20, 0x63, 0x6C, 0x61, 0x73, 0x73, 0x27, 0x41, 0x6E, 0x74, 0x69, 0x63, 0x68, 0x61, 0x6D,
    0x62, 0x65, 0x72, 0x47, 0x72, 0x61, 0x70, 0x68, 0x69, 0x63, 0x73, 0x48, 0x55, 0x44, 0x27, 0x3B,
    0x0D, 0x0A, 0x09, 0x09, 0x4C, 0x6F, 0x67, 0x49, 0x6E, 0x74, 0x65, 0x72, 0x6E, 0x61, 0x6C, 0x28,
    0x22, 0x41, 0x47, 0x50, 0x41, 0x54, 0x43, 0x48, 0x20, 0x48, 0x55, 0x44, 0x20, 0x74, 0x79, 0x70,
    0x65, 0x3D, 0x22, 0x24, 0x57, 0x6F, 0x72, 0x6C, 0x64, 0x49, 0x6E, 0x66, 0x6F, 0x2E, 0x47, 0x61,
    0x6D, 0x65, 0x2E, 0x48, 0x55, 0x44, 0x54, 0x79, 0x70, 0x65, 0x29, 0x3B, 0x0D, 0x0A, 0x09, 0x7D,
    0x0D, 0x0A, 0x09, 0x47, 0x72, 0x61, 0x70, 0x68, 0x69, 0x63, 0x73, 0x4D, 0x61, 0x6E, 0x61, 0x67,
    0x65, 0x72, 0x20, 0x3D, 0x20, 0x53, 0x70, 0x61, 0x77, 0x6E, 0x28, 0x63, 0x6C, 0x61, 0x73, 0x73,
    0x27, 0x41, 0x6E, 0x74, 0x69, 0x63, 0x68, 0x61, 0x6D, 0x62, 0x65, 0x72, 0x47, 0x72, 0x61, 0x70,
    0x68, 0x69, 0x63, 0x73, 0x4D, 0x61, 0x6E, 0x61, 0x67, 0x65, 0x72, 0x27, 0x2C, 0x20, 0x73, 0x65,
    0x6C, 0x66, 0x29, 0x3B, 0x0D, 0x0A, 0x09, 0x4C, 0x6F, 0x67, 0x49, 0x6E, 0x74, 0x65, 0x72, 0x6E,
    0x61, 0x6C, 0x28, 0x22, 0x41, 0x47, 0x50, 0x41, 0x54, 0x43, 0x48, 0x20, 0x6D, 0x75, 0x74, 0x61,
    0x74, 0x6F, 0x72, 0x20, 0x69, 0x6E, 0x69, 0x74, 0x69, 0x61, 0x6C, 0x69, 0x7A, 0x65, 0x64, 0x20,
    0x6D, 0x61, 0x6E, 0x61, 0x67, 0x65, 0x72, 0x3D, 0x22, 0x24, 0x47, 0x72, 0x61, 0x70, 0x68, 0x69,
    0x63, 0x73, 0x4D, 0x61, 0x6E, 0x61, 0x67, 0x65, 0x72, 0x29, 0x3B, 0x0D, 0x0A, 0x7D, 0x0D, 0x0A,
    0x00, 0xFF, 0xFF, 0xFF, 0xFF, 0xAB, 0x00, 0x00, 0x00, 0x00, 0x00, 0x00, 0x00, 0x00, 0x00, 0x00,
    0x00, 0x00, 0x00, 0x00, 0x00, 0xB5, 0x01, 0x00, 0x00, 0x63, 0x6C, 0x61, 0x73, 0x73, 0x20, 0x41,
    0x6E, 0x74, 0x69, 0x63, 0x68, 0x61, 0x6D, 0x62, 0x65, 0x72, 0x47, 0x72, 0x61, 0x70, 0x68, 0x69,
    0x63, 0x73, 0x4E, 0x61, 0x74, 0x69, 0x76, 0x65, 0x20, 0x65, 0x78, 0x74, 0x65, 0x6E, 0x64, 0x73,
    0x20, 0x4F, 0x62, 0x6A, 0x65, 0x63, 0x74, 0x0D, 0x0A, 0x09, 0x64, 0x6C, 0x6C, 0x62, 0x69, 0x6E,
    0x64, 0x28, 0x41, 0x6E, 0x74, 0x69, 0x63, 0x68, 0x61, 0x6D, 0x62, 0x65, 0x72, 0x47, 0x72, 0x61,
    0x70, 0x68, 0x69, 0x63, 0x73, 0x4E, 0x61, 0x74, 0x69, 0x76, 0x65, 0x29, 0x3B, 0x0D, 0x0A, 0x0D,
    0x0A, 0x64, 0x6C, 0x6C, 0x69, 0x6D, 0x70, 0x6F, 0x72, 0x74, 0x20, 0x66, 0x69, 0x6E, 0x61, 0x6C,
    0x20, 0x66, 0x75, 0x6E, 0x63, 0x74, 0x69, 0x6F, 0x6E, 0x20, 0x69, 0x6E, 0x74, 0x20, 0x41, 0x47,
    0x5F, 0x52, 0x65, 0x66, 0x72, 0x65, 0x73, 0x68, 0x44, 0x69, 0x73, 0x70, 0x6C, 0x61, 0x79, 0x4D,
    0x6F, 0x64, 0x65, 0x73, 0x28, 0x29, 0x3B, 0x0D, 0x0A, 0x64, 0x6C, 0x6C, 0x69, 0x6D, 0x70, 0x6F,
    0x72, 0x74, 0x20, 0x66, 0x69, 0x6E, 0x61, 0x6C, 0x20, 0x66, 0x75, 0x6E, 0x63, 0x74, 0x69, 0x6F,
    0x6E, 0x20, 0x69, 0x6E, 0x74, 0x20, 0x41, 0x47, 0x5F, 0x47, 0x65, 0x74, 0x44, 0x69, 0x73, 0x70,
    0x6C, 0x61, 0x79, 0x4D, 0x6F, 0x64, 0x65, 0x43, 0x6F, 0x75, 0x6E, 0x74, 0x28, 0x29, 0x3B, 0x0D,
    0x0A, 0x64, 0x6C, 0x6C, 0x69, 0x6D, 0x70, 0x6F, 0x72, 0x74, 0x20, 0x66, 0x69, 0x6E, 0x61, 0x6C,
    0x20, 0x66, 0x75, 0x6E, 0x63, 0x74, 0x69, 0x6F, 0x6E, 0x20, 0x69, 0x6E, 0x74, 0x20, 0x41, 0x47,
    0x5F, 0x47, 0x65, 0x74, 0x44, 0x69, 0x73, 0x70, 0x6C, 0x61, 0x79, 0x4D, 0x6F, 0x64, 0x65, 0x57,
    0x69, 0x64, 0x74, 0x68, 0x28, 0x69, 0x6E, 0x74, 0x20, 0x49, 0x6E, 0x64, 0x65, 0x78, 0x29, 0x3B,
    0x0D, 0x0A, 0x64, 0x6C, 0x6C, 0x69, 0x6D, 0x70, 0x6F, 0x72, 0x74, 0x20, 0x66, 0x69, 0x6E, 0x61,
    0x6C, 0x20, 0x66, 0x75, 0x6E, 0x63, 0x74, 0x69, 0x6F, 0x6E, 0x20, 0x69, 0x6E, 0x74, 0x20, 0x41,
    0x47, 0x5F, 0x47, 0x65, 0x74, 0x44, 0x69, 0x73, 0x70, 0x6C, 0x61, 0x79, 0x4D, 0x6F, 0x64, 0x65,
    0x48, 0x65, 0x69, 0x67, 0x68, 0x74, 0x28, 0x69, 0x6E, 0x74, 0x20, 0x49, 0x6E, 0x64, 0x65, 0x78,
    0x29, 0x3B, 0x0D, 0x0A, 0x64, 0x6C, 0x6C, 0x69, 0x6D, 0x70, 0x6F, 0x72, 0x74, 0x20, 0x66, 0x69,
    0x6E, 0x61, 0x6C, 0x20, 0x66, 0x75, 0x6E, 0x63, 0x74, 0x69, 0x6F, 0x6E, 0x20, 0x69, 0x6E, 0x74,
    0x20, 0x41, 0x47, 0x5F, 0x47, 0x65, 0x74, 0x44, 0x65, 0x73, 0x6B, 0x74, 0x6F, 0x70, 0x57, 0x69,
    0x64, 0x74, 0x68, 0x28, 0x29, 0x3B, 0x0D, 0x0A, 0x64, 0x6C, 0x6C, 0x69, 0x6D, 0x70, 0x6F, 0x72,
    0x74, 0x20, 0x66, 0x69, 0x6E, 0x61, 0x6C, 0x20, 0x66, 0x75, 0x6E, 0x63, 0x74, 0x69, 0x6F, 0x6E,
    0x20, 0x69, 0x6E, 0x74, 0x20, 0x41, 0x47, 0x5F, 0x47, 0x65, 0x74, 0x44, 0x65, 0x73, 0x6B, 0x74,
    0x6F, 0x70, 0x48, 0x65, 0x69, 0x67, 0x68, 0x74, 0x28, 0x29, 0x3B, 0x0D, 0x0A, 0x00, 0xFF, 0xFF,
    0xFF, 0xFF, 0xAB, 0x00, 0x00, 0x00, 0x00, 0x00, 0x00, 0x00, 0x00, 0x00, 0x00, 0x00, 0x00, 0x00,
    0x00, 0x00, 0xD5, 0x00, 0x00, 0x00, 0x63, 0x6C, 0x61, 0x73, 0x73, 0x20, 0x41, 0x6E, 0x74, 0x69,
    0x63, 0x68, 0x61, 0x6D, 0x62, 0x65, 0x72, 0x47, 0x72, 0x61, 0x70, 0x68, 0x69, 0x63, 0x73, 0x53,
    0x65, 0x74, 0x74, 0x69, 0x6E, 0x67, 0x73, 0x20, 0x65, 0x78, 0x74, 0x65, 0x6E, 0x64, 0x73, 0x20,
    0x4F, 0x62, 0x6A, 0x65, 0x63, 0x74, 0x0D, 0x0A, 0x09, 0x63, 0x6F, 0x6E, 0x66, 0x69, 0x67, 0x28,
    0x41, 0x6E, 0x74, 0x69, 0x63, 0x68, 0x61, 0x6D, 0x62, 0x65, 0x72, 0x47, 0x72, 0x61, 0x70, 0x68,
    0x69, 0x63, 0x73, 0x29, 0x3B, 0x0D, 0x0A, 0x0D, 0x0A, 0x76, 0x61, 0x72, 0x20, 0x63, 0x6F, 0x6E,
    0x66, 0x69, 0x67, 0x20, 0x62, 0x6F, 0x6F, 0x6C, 0x20, 0x62, 0x43, 0x6F, 0x6E, 0x66, 0x69, 0x67,
    0x75, 0x72, 0x65, 0x64, 0x3B, 0x0D, 0x0A, 0x76, 0x61, 0x72, 0x20, 0x63, 0x6F, 0x6E, 0x66, 0x69,
    0x67, 0x20, 0x69, 0x6E, 0x74, 0x20, 0x52, 0x65, 0x73, 0x6F, 0x6C, 0x75, 0x74, 0x69, 0x6F, 0x6E,
    0x57, 0x69, 0x64, 0x74, 0x68, 0x3B, 0x0D, 0x0A, 0x76, 0x61, 0x72, 0x20, 0x63, 0x6F, 0x6E, 0x66,
    0x69, 0x67, 0x20, 0x69, 0x6E, 0x74, 0x20, 0x52, 0x65, 0x73, 0x6F, 0x6C, 0x75, 0x74, 0x69, 0x6F,
    0x6E, 0x48, 0x65, 0x69, 0x67, 0x68, 0x74, 0x3B, 0x0D, 0x0A, 0x76, 0x61, 0x72, 0x20, 0x63, 0x6F,
    0x6E, 0x66, 0x69, 0x67, 0x20, 0x69, 0x6E, 0x74, 0x20, 0x52, 0x65, 0x73, 0x6F, 0x6C, 0x75, 0x74,
    0x69, 0x6F, 0x6E, 0x50, 0x61, 0x67, 0x65, 0x3B, 0x0D, 0x0A, 0x00
};
static const size_t k_payload_script_size = 72443u;
